[{"stream_name":"stderr","time":6.6777927649999995,"data":"/usr/local/lib/python3.13/dist-packages/nbformat/validator.py:434: MissingIDFieldWarning: Cell is missing an id field, this will become a hard error in future nbformat versions. You may want to use `normalize()` on your notebooks before validations (available since nbformat 5.1.4). Previous versions of nbformat are fixing this issue transparently, and will stop doing so in the future.\n"}
,{"stream_name":"stderr","time":6.677838325,"data":"  _validate(nbdict, ref, version, version_minor, relax_add_props)\n"}
,{"stream_name":"stderr","time":7.63872629,"data":"0.00s - Debugger warning: It seems that frozen modules are being used, which may\n"}
,{"stream_name":"stderr","time":7.63875585,"data":"0.00s - make the debugger miss breakpoints. Please pass -Xfrozen_modules=off\n"}
,{"stream_name":"stderr","time":7.638761821,"data":"0.00s - to python to disable frozen modules.\n"}
,{"stream_name":"stderr","time":7.638766697,"data":"0.00s - Note: Debugging will proceed. Set PYDEVD_DISABLE_FILE_VALIDATION=1 to disable this validation.\n"}
,{"stream_name":"stderr","time":8.288716503,"data":"0.00s - Debugger warning: It seems that frozen modules are being used, which may\n"}
,{"stream_name":"stderr","time":8.288745729,"data":"0.00s - make the debugger miss breakpoints. Please pass -Xfrozen_modules=off\n"}
,{"stream_name":"stderr","time":8.288750499,"data":"0.00s - to python to disable frozen modules.\n"}
,{"stream_name":"stderr","time":8.288754169,"data":"0.00s - Note: Debugging will proceed. Set PYDEVD_DISABLE_FILE_VALIDATION=1 to disable this validation.\n"}
,{"stream_name":"stdout","time":11.745018105,"data":"Tesla T4, 15360 MiB\n"}
,{"stream_name":"stdout","time":11.745050274,"data":"Tesla T4, 15360 MiB\n"}
,{"stream_name":"stdout","time":11.745055787,"data":"\n"}
,{"stream_name":"stdout","time":158.329219806,"data":"........................................................................ [ 16%]\n"}
,{"stream_name":"stdout","time":158.32925964,"data":"........................................................................ [ 33%]\n"}
,{"stream_name":"stdout","time":158.329266195,"data":"........................................................................ [ 49%]\n"}
,{"stream_name":"stdout","time":158.329270827,"data":"......ss................................................................ [ 66%]\n"}
,{"stream_name":"stdout","time":158.329276886,"data":"...........s............................................................ [ 82%]\n"}
,{"stream_name":"stdout","time":158.329282612,"data":"........................................................................ [ 99%]\n"}
,{"stream_name":"stdout","time":158.329287658,"data":"..                                                                       [100%]\n"}
,{"stream_name":"stdout","time":158.329292566,"data":"=============================== warnings summary ===============================\n"}
,{"stream_name":"stdout","time":158.329298046,"data":"tests/test_decision_evaluate.py::test_tfidf_baseline_column_alignment\n"}
,{"stream_name":"stdout","time":158.329302741,"data":"tests/test_decision_evaluate.py::test_tfidf_baseline_missing_class\n"}
,{"stream_name":"stdout","time":158.329307386,"data":"tests/test_decision_evaluate.py::test_dataset_suite_end_to_end\n"}
,{"stream_name":"stdout","time":158.329312139,"data":"  /usr/local/lib/python3.13/dist-packages/sklearn/linear_model/_logistic.py:451: DeprecationWarning: scipy.optimize: The `disp` and `iprint` options of the L-BFGS-B solver are deprecated and will be removed in SciPy 1.18.0.\n"}
,{"stream_name":"stdout","time":158.329318388,"data":"    opt_res = optimize.minimize(\n"}
,{"stream_name":"stdout","time":158.329322891,"data":"\n"}
,{"stream_name":"stdout","time":158.329327542,"data":"-- Docs: https://docs.pytest.org/en/stable/how-to/capture-warnings.html\n"}
,{"stream_name":"stdout","time":158.3293437,"data":"431 passed, 3 skipped, 3 warnings in 137.92s (0:02:17)\n"}
,{"stream_name":"stdout","time":158.329348133,"data":"\n"}
,{"stream_name":"stdout","time":162.615164155,"data":"   ━━━━━━━━━━━━━━━━━━━━━━━━━━━━━━━━━━━━━━━━ 740.6/740.6 kB 13.4 MB/s eta 0:00:00\n"}
,{"stream_name":"stdout","time":162.764176433,"data":"   ━━━━━━━━━━━━━━━━━━━━━━━━━━━━━━━━━━━━━━━━ 12.6/12.6 MB 88.4 MB/s eta 0:00:00\n"}
,{"stream_name":"stdout","time":162.81775064,"data":"   ━━━━━━━━━━━━━━━━━━━━━━━━━━━━━━━━━━━━━━━━ 740.6/740.6 kB 13.4 MB/s eta 0:00:00\n"}
,{"stream_name":"stdout","time":162.817777068,"data":"   ━━━━━━━━━━━━━━━━━━━━━━━━━━━━━━━━━━━━━━━━ 12.6/12.6 MB 88.4 MB/s eta 0:00:00\n"}
,{"stream_name":"stdout","time":162.854424112,"data":"   ━━━━━━━━━━━━━━━━━━━━━━━━━━━━━━━━━━━━━━━━ 6.7/6.7 MB 93.8 MB/s eta 0:00:00\n"}
,{"stream_name":"stdout","time":162.893718857,"data":"   ━━━━━━━━━━━━━━━━━━━━━━━━━━━━━━━━━━━━━━━━ 846.4/846.4 kB 35.7 MB/s eta 0:00:00\n"}
,{"stream_name":"stdout","time":162.931654944,"data":"   ━━━━━━━━━━━━━━━━━━━━━━━━━━━━━━━━━━━━━━━━ 304.9/304.9 kB 15.7 MB/s eta 0:00:00\n"}
,{"stream_name":"stdout","time":163.056652633,"data":"   ━━━━━━━━━━━━━━━━━━━━━━━━━━━━━━━━━━━━━━━━ 6.7/6.7 MB 93.8 MB/s eta 0:00:00\n"}
,{"stream_name":"stdout","time":163.056676282,"data":"   ━━━━━━━━━━━━━━━━━━━━━━━━━━━━━━━━━━━━━━━━ 846.4/846.4 kB 35.7 MB/s eta 0:00:00\n"}
,{"stream_name":"stdout","time":163.056681307,"data":"   ━━━━━━━━━━━━━━━━━━━━━━━━━━━━━━━━━━━━━━━━ 304.9/304.9 kB 15.7 MB/s eta 0:00:00\n"}
,{"stream_name":"stderr","time":201.776074058,"data":"Warning: You are sending unauthenticated requests to the HF Hub. Please set a HF_TOKEN to enable higher rate limits and faster downloads.\n"}
,{"stream_name":"stderr","time":201.776145,"data":"\n"}
,{"stream_name":"stderr","time":201.776152803,"data":"Warning: You are sending unauthenticated requests to the HF Hub. Please set a HF_TOKEN to enable higher rate limits and faster downloads.\n"}
,{"stream_name":"stdout","time":220.461697222,"data":"datasets path failed: HfUriError(\"Invalid HF URI 'hf://datasets/clinc_oos@155b9c710419136e17307b80d0a13e68cd46b4ec/.huggingface.yaml'. Repository id must be 'name\n"}
,{"stream_name":"stdout","time":220.746923174,"data":"source: github json | train 15000 | val 3100 | test 5500\n"}
,{"stream_name":"stdout","time":295.450972784,"data":"peak cuda GiB: 0.88\n"}
,{"stream_name":"stdout","time":306.130189571,"data":"cosine calibration: {\n"}
,{"stream_name":"stdout","time":306.130222958,"data":" \"t_prob\": 0.25,\n"}
,{"stream_name":"stdout","time":306.130229364,"data":" \"tau_answer\": 0.015279530048182147,\n"}
,{"stream_name":"stdout","time":306.130234577,"data":" \"qhat\": 0.02393932927923971,\n"}
,{"stream_name":"stdout","time":306.130239806,"data":" \"t_set\": 1.0,\n"}
,{"stream_name":"stdout","time":306.13024514,"data":" \"n_A\": 1497,\n"}
,{"stream_name":"stdout","time":306.130264377,"data":" \"n_B\": 1503,\n"}
,{"stream_name":"stdout","time":306.13026884,"data":" \"tau_in_schema\": 0.6991039514541626\n"}
,{"stream_name":"stdout","time":306.130272782,"data":"}\n"}
,{"stream_name":"stdout","time":306.787692505,"data":"cosine leg: {\"actions\": {\"escalate\": 3648, \"answer\": 1797, \"clarify\": 55}, \"resolved\": 0.482, \"encodes\": 5555, \"cov_hits\": 4113, \"n_in\": 4500, \"encodes_per_item\": 1.01, \"set_coverage_in_scope\": 0.914, \"mean_set_size\": 3.798, \"singleton_rate\": 0.0}\n"}
,{"stream_name":"stdout","time":309.87685544,"data":"head: {'best_val_loss': 0.09621404856443405, 'epochs_run': 27, 'n_train': 13500, 'n_classes': 150}\n"}
,{"stream_name":"stdout","time":309.876896995,"data":"TaskHead in-scope accuracy: 0.969\n"}
,{"stream_name":"stdout","time":309.876903776,"data":"head calibration: {\n"}
,{"stream_name":"stdout","time":309.876908758,"data":" \"t_prob\": 0.8548387096774194,\n"}
,{"stream_name":"stdout","time":309.876913653,"data":" \"tau_answer\": 0.2898013667933294,\n"}
,{"stream_name":"stdout","time":309.876918508,"data":" \"qhat\": 0.011418504446059703,\n"}
,{"stream_name":"stdout","time":309.876923193,"data":" \"t_set\": 32.0,\n"}
,{"stream_name":"stdout","time":309.876927894,"data":" \"n_A\": 1497,\n"}
,{"stream_name":"stdout","time":309.876932312,"data":" \"n_B\": 1503,\n"}
,{"stream_name":"stdout","time":309.876936999,"data":" \"tau_in_schema\": 9.803707122802734\n"}
,{"stream_name":"stdout","time":309.876941759,"data":"}\n"}
,{"stream_name":"stdout","time":310.665948189,"data":"head leg: {\"actions\": {\"answer\": 4381, \"escalate\": 1119}, \"resolved\": 0.931, \"encodes\": 5500, \"cov_hits\": 4447, \"n_in\": 4500, \"encodes_per_item\": 1.0, \"set_coverage_in_scope\": 0.988, \"mean_set_size\": 1.935, \"singleton_rate\": 0.065}\n"}
,{"stream_name":"stdout","time":310.683643672,"data":"head scores saved for offline re-evaluation\n"}
,{"stream_name":"stdout","time":310.979151766,"data":"cosine_leg   cov high=0.986(n1500) low=0.791(n1500) mid=0.965(n1500) | undercovered ['low']\n"}
,{"stream_name":"stdout","time":310.979176158,"data":"             assert=0.9047085201793722 deferred=0.6586892488954345 enrichment=3.581755176297323 actions={'answer': 1784, 'clarify': 55, 'escalate': 2661}\n"}
,{"stream_name":"stdout","time":310.979180824,"data":"taskhead_leg cov high=1.000(n1500) low=0.969(n1500) mid=0.996(n1500) | undercovered none\n"}
,{"stream_name":"stdout","time":310.979184516,"data":"             assert=0.9813606710158435 deferred=0.7211538461538461 enrichment=14.960096153846175 actions={'answer': 4292, 'escalate': 208}\n"}
,{"stream_name":"stdout","time":310.979188259,"data":"memorization: {\"n_options\": 150, \"chance_top_prob\": 0.006666666666666667, \"rotation_consistency\": 1.0, \"withheld_top_prob\": 0.3520362469218582, \"withheld_answered\": 0, \"rotation_invariant\": true, \"withholding_collapses\": true, \"passed\": true}\n"}
,{"stream_name":"stdout","time":311.164101892,"data":"bundle round-trip: 200/200 identical\n"}
,{"stream_name":"stderr","time":311.517553821,"data":"Repo card metadata block was not found. Setting CardData to empty.\n"}
,{"stream_name":"stderr","time":311.517580631,"data":"\n"}
,{"stream_name":"stderr","time":311.517585333,"data":"Repo card metadata block was not found. Setting CardData to empty.\n"}
,{"stream_name":"stdout","time":340.536932836,"data":"ordinal: acc 0.432 mae 0.732 | zeroshot: acc 0.318 mae 0.875\n"}
,{"stream_name":"stdout","time":358.136361471,"data":"'i need to cancel my flight tomorrow'\n"}
,{"stream_name":"stdout","time":358.13641011,"data":"  -\u003e action=escalate top=0.334 set=['cancel reservation', 'pto request']\n"}
,{"stream_name":"stdout","time":358.136428058,"data":"'what is the balance on my account'\n"}
,{"stream_name":"stdout","time":358.136432019,"data":"  -\u003e action=answer top=0.997 set=['balance', 'bill balance']\n"}
,{"stream_name":"stdout","time":358.136435777,"data":"'how do i activate my new card'\n"}
,{"stream_name":"stdout","time":358.136439336,"data":"  -\u003e action=escalate top=0.970 set=['new card', 'redeem rewards']\n"}
,{"stream_name":"stdout","time":358.136442998,"data":"'i lost my wallet on the bus yesterday'\n"}
,{"stream_name":"stdout","time":358.136446594,"data":"  -\u003e action=escalate top=0.217 set=['lost luggage', 'spending history']\n"}
,{"stream_name":"stdout","time":358.13645024,"data":"'when will my paycheck arrive'\n"}
,{"stream_name":"stdout","time":358.13645382,"data":"  -\u003e action=answer top=0.998 set=['payday', 'income']\n"}
,{"stream_name":"stdout","time":358.136463168,"data":"'can you transfer two hundred dollars to my savings'\n"}
,{"stream_name":"stdout","time":358.136465836,"data":"  -\u003e action=answer top=1.000 set=['transfer', 'balance']\n"}
,{"stream_name":"stdout","time":358.136468185,"data":"'why was my card declined at the store'\n"}
,{"stream_name":"stdout","time":358.136470598,"data":"  -\u003e action=answer top=1.000 set=['card declined', 'account blocked']\n"}
,{"stream_name":"stdout","time":358.136472904,"data":"'i want to dispute this charge i never made'\n"}
,{"stream_name":"stdout","time":358.136475191,"data":"  -\u003e action=escalate top=0.774 set=['report fraud', 'cancel']\n"}
,{"stream_name":"stdout","time":358.136477586,"data":"'do you do currency exchange for euros'\n"}
,{"stream_name":"stdout","time":358.13647985,"data":"  -\u003e action=answer top=0.999 set=['exchange rate', 'plug type']\n"}
,{"stream_name":"stdout","time":358.136482261,"data":"'my phone was stolen and i need to freeze everything'\n"}
,{"stream_name":"stdout","time":358.136484619,"data":"  -\u003e action=escalate top=0.461 set=['sync device', 'freeze account']\n"}
,{"stream_name":"stdout","time":358.136487017,"data":"'tell me something completely unrelated to banking intents xyz'\n"}
,{"stream_name":"stdout","time":358.136489332,"data":"  -\u003e action=escalate top=0.364 set=['no', 'what can i ask you']\n"}
,{"stream_name":"stdout","time":358.136491878,"data":"'blorple snizzle wumpus quack'\n"}
,{"stream_name":"stdout","time":358.136494197,"data":"  -\u003e action=escalate top=0.111 set=['tell joke', 'repeat']\n"}
,{"stream_name":"stdout","time":358.34119066,"data":"wrote 1500 labeled rows over 150 classes\n"}
,{"stream_name":"stdout","time":379.653348925,"data":"adapt: 1500 examples, 150 classes | headroom 0.709 | test acc 0.904 cov 0.947 set 2.02\n"}
,{"stream_name":"stdout","time":396.570600857,"data":"round trip: action=answer top=0.194 set=['book flight', 'pay bill', 'travel notification']\n"}
,{"stream_name":"stdout","time":412.796934412,"data":"serve: POST /decide -\u003e escalate (936ms) | stats: 1 req, p50=936ms\n"}
,{"stream_name":"stdout","time":428.593031947,"data":"cosine     acc=0.756 log=4.287 brier=0.978 ece=0.741\n"}
,{"stream_name":"stdout","time":428.593076094,"data":"taskhead   acc=0.969 log=0.118 brier=0.046 ece=0.006\n"}
,{"stream_name":"stdout","time":428.593083751,"data":"tfidf_lr   acc=0.906 log=0.687 brier=0.230 ece=0.235\n"}
,{"stream_name":"stdout","time":439.912774372,"data":"cosine     acc=0.756 [0.744,0.768] aurc=0.1135 ece15=0.741 acc@80=0.834\n"}
,{"stream_name":"stdout","time":439.912808319,"data":"taskhead   acc=0.969 [0.964,0.974] aurc=0.0026 ece15=0.006 acc@80=0.996\n"}
,{"stream_name":"stdout","time":439.912814615,"data":"tfidf_lr   acc=0.906 [0.898,0.914] aurc=0.0180 ece15=0.235 acc@80=0.969\n"}
,{"stream_name":"stdout","time":440.450694717,"data":"acc by nearest-train-similarity band: {\n"}
,{"stream_name":"stdout","time":440.45072191,"data":" \"[-1,0.8)\": {\n"}
,{"stream_name":"stdout","time":440.450726283,"data":"  \"n\": 190,\n"}
,{"stream_name":"stdout","time":440.450730018,"data":"  \"acc\": 0.9105263157894737\n"}
,{"stream_name":"stdout","time":440.450733814,"data":" },\n"}
,{"stream_name":"stdout","time":440.450737268,"data":" \"[0.8,0.9)\": {\n"}
,{"stream_name":"stdout","time":440.450740853,"data":"  \"n\": 1350,\n"}
,{"stream_name":"stdout","time":440.450744886,"data":"  \"acc\": 0.9422222222222222\n"}
,{"stream_name":"stdout","time":440.450748995,"data":" },\n"}
,{"stream_name":"stdout","time":440.450753055,"data":" \"[0.9,0.95)\": {\n"}
,{"stream_name":"stdout","time":440.450757486,"data":"  \"n\": 1146,\n"}
,{"stream_name":"stdout","time":440.450761491,"data":"  \"acc\": 0.9729493891797557\n"}
,{"stream_name":"stdout","time":440.450765801,"data":" },\n"}
,{"stream_name":"stdout","time":440.450769599,"data":" \"[0.95,1.01)\": {\n"}
,{"stream_name":"stdout","time":440.450773179,"data":"  \"n\": 1814,\n"}
,{"stream_name":"stdout","time":440.450776715,"data":"  \"acc\": 0.9933847850055126\n"}
,{"stream_name":"stdout","time":440.450780354,"data":" }\n"}
,{"stream_name":"stdout","time":440.450783794,"data":"}\n"}
,{"stream_name":"stdout","time":456.053827969,"data":"banking77        k= 77 head=0.930 cos=0.929 tfidf=0.731\n"}
,{"stream_name":"stdout","time":473.75336418,"data":"emotion          k=  6 head=0.625 cos=0.498 tfidf=0.580\n"}
,{"stream_name":"stdout","time":494.035423874,"data":"tweet_emotion    k=  4 head=0.798 cos=0.756 tfidf=0.565\n"}
,{"stream_name":"stdout","time":517.968824497,"data":"tweet_sentiment  k=  3 head=0.666 cos=0.575 tfidf=0.488\n"}
,{"stream_name":"stdout","time":542.712119097,"data":"tweet_hate       k=  2 head=0.586 cos=0.568 tfidf=0.529\n"}
,{"stream_name":"stdout","time":558.623930894,"data":"sst2             k=  2 head=0.847 cos=0.854 tfidf=0.682\n"}
,{"stream_name":"stdout","time":600.668818213,"data":"ag_news          k=  4 head=0.869 cos=0.614 tfidf=0.786\n"}
,{"stream_name":"stdout","time":664.35017181,"data":"dbpedia_14       k= 14 head=0.970 cos=0.776 tfidf=0.927\n"}
,{"stream_name":"stdout","time":706.096543511,"data":"mnli             k=  3 head=0.449 cos=0.368 tfidf=0.379\n"}
,{"stream_name":"stdout","time":718.917790725,"data":"massive_intent_en k= 60 head=0.895 cos=0.888 tfidf=0.678\n"}
,{"stream_name":"stderr","time":721.359996493,"data":"/usr/local/lib/python3.13/dist-packages/mteb/models/model_meta.py:969: FutureWarning: The `get_sentence_embedding_dimension` method has been renamed to `get_embedding_dimension`.\n"}
,{"stream_name":"stderr","time":721.360033349,"data":"  embedding_dimensions = model.get_sentence_embedding_dimension()\n"}
,{"stream_name":"stderr","time":721.360038827,"data":"/usr/local/lib/python3.13/dist-packages/mteb/models/model_meta.py:929: FutureWarning: The `get_sentence_embedding_dimension` method has been renamed to `get_embedding_dimension`.\n"}
,{"stream_name":"stderr","time":721.360043782,"data":"  embed_dim=model.get_sentence_embedding_dimension(),\n"}
,{"stream_name":"stderr","time":721.360051009,"data":"Task name CodeRetrieval is not valid. Valid keys are task types [('BitextMining', 'Classification', 'MultilabelClassification', 'Clustering', 'PairClassification', 'Regression', 'Reranking', 'Retrieval', 'STS', 'Summarization', 'InstructionRetrieval', 'InstructionReranking', 'Any2AnyReranking', 'Any2AnyRetrieval', 'Any2AnyMultilingualRetrieval', 'VisionCentricQA', 'ImageClustering', 'ImageClassification', 'DocumentUnderstanding', 'VisualSTS(eng)', 'VisualSTS(multi)', 'ZeroShotClassification', 'Compositionality', 'AudioClustering', 'AudioMultilabelClassification', 'AudioReranking', 'AudioZeroshotClassification', 'AudioClassification', 'AudioPairClassification', 'VideoClassification', 'VideoClustering', 'VideoMultilabelClassification', 'VideoPairClassification', 'VideoZeroshotClassification', 'VideoCentricQA')], prompt types [['query', 'document']], and task names\n"}
,{"stream_name":"stderr","time":721.360075074,"data":"\n"}
,{"stream_name":"stderr","time":721.360078729,"data":"/usr/local/lib/python3.13/dist-packages/mteb/models/model_meta.py:969: FutureWarning: The `get_sentence_embedding_dimension` method has been renamed to `get_embedding_dimension`.\n"}
,{"stream_name":"stderr","time":721.360082787,"data":"  embedding_dimensions = model.get_sentence_embedding_dimension()\n"}
,{"stream_name":"stderr","time":721.360086198,"data":"/usr/local/lib/python3.13/dist-packages/mteb/models/model_meta.py:929: FutureWarning: The `get_sentence_embedding_dimension` method has been renamed to `get_embedding_dimension`.\n"}
,{"stream_name":"stderr","time":721.36009003,"data":"  embed_dim=model.get_sentence_embedding_dimension(),\n"}
,{"stream_name":"stderr","time":721.360094963,"data":"Task name CodeRetrieval is not valid. Valid keys are task types [('BitextMining', 'Classification', 'MultilabelClassification', 'Clustering', 'PairClassification', 'Regression', 'Reranking', 'Retrieval', 'STS', 'Summarization', 'InstructionRetrieval', 'InstructionReranking', 'Any2AnyReranking', 'Any2AnyRetrieval', 'Any2AnyMultilingualRetrieval', 'VisionCentricQA', 'ImageClustering', 'ImageClassification', 'DocumentUnderstanding', 'VisualSTS(eng)', 'VisualSTS(multi)', 'ZeroShotClassification', 'Compositionality', 'AudioClustering', 'AudioMultilabelClassification', 'AudioReranking', 'AudioZeroshotClassification', 'AudioClassification', 'AudioPairClassification', 'VideoClassification', 'VideoClustering', 'VideoMultilabelClassification', 'VideoPairClassification', 'VideoZeroshotClassification', 'VideoCentricQA')], prompt types [['query', 'document']], and task names\n"}
,{"stream_name":"stderr","time":721.370047866,"data":"/usr/local/lib/python3.13/dist-packages/mteb/models/sentence_transformer_wrapper.py:150: UserWarning: Task name CodeRetrieval is not valid. Valid keys are task types [('BitextMining', 'Classification', 'MultilabelClassification', 'Clustering', 'PairClassification', 'Regression', 'Reranking', 'Retrieval', 'STS', 'Summarization', 'InstructionRetrieval', 'InstructionReranking', 'Any2AnyReranking', 'Any2AnyRetrieval', 'Any2AnyMultilingualRetrieval', 'VisionCentricQA', 'ImageClustering', 'ImageClassification', 'DocumentUnderstanding', 'VisualSTS(eng)', 'VisualSTS(multi)', 'ZeroShotClassification', 'Compositionality', 'AudioClustering', 'AudioMultilabelClassification', 'AudioReranking', 'AudioZeroshotClassification', 'AudioClassification', 'AudioPairClassification', 'VideoClassification', 'VideoClustering', 'VideoMultilabelClassification', 'VideoPairClassification', 'VideoZeroshotClassification', 'VideoCentricQA')], prompt types [['query', 'document']], and task names\n"}
,{"stream_name":"stderr","time":721.370076814,"data":"  resolved_prompts, invalid_prompts = AbsEncoder.validate_task_to_prompt_name(\n"}
,{"stream_name":"stderr","time":721.37008153,"data":"Task name Document is not valid. Valid keys are task types [('BitextMining', 'Classification', 'MultilabelClassification', 'Clustering', 'PairClassification', 'Regression', 'Reranking', 'Retrieval', 'STS', 'Summarization', 'InstructionRetrieval', 'InstructionReranking', 'Any2AnyReranking', 'Any2AnyRetrieval', 'Any2AnyMultilingualRetrieval', 'VisionCentricQA', 'ImageClustering', 'ImageClassification', 'DocumentUnderstanding', 'VisualSTS(eng)', 'VisualSTS(multi)', 'ZeroShotClassification', 'Compositionality', 'AudioClustering', 'AudioMultilabelClassification', 'AudioReranking', 'AudioZeroshotClassification', 'AudioClassification', 'AudioPairClassification', 'VideoClassification', 'VideoClustering', 'VideoMultilabelClassification', 'VideoPairClassification', 'VideoZeroshotClassification', 'VideoCentricQA')], prompt types [['query', 'document']], and task names\n"}
,{"stream_name":"stderr","time":721.370097573,"data":"\n"}
,{"stream_name":"stderr","time":721.370102049,"data":"/usr/local/lib/python3.13/dist-packages/mteb/models/sentence_transformer_wrapper.py:150: UserWarning: Task name CodeRetrieval is not valid. Valid keys are task types [('BitextMining', 'Classification', 'MultilabelClassification', 'Clustering', 'PairClassification', 'Regression', 'Reranking', 'Retrieval', 'STS', 'Summarization', 'InstructionRetrieval', 'InstructionReranking', 'Any2AnyReranking', 'Any2AnyRetrieval', 'Any2AnyMultilingualRetrieval', 'VisionCentricQA', 'ImageClustering', 'ImageClassification', 'DocumentUnderstanding', 'VisualSTS(eng)', 'VisualSTS(multi)', 'ZeroShotClassification', 'Compositionality', 'AudioClustering', 'AudioMultilabelClassification', 'AudioReranking', 'AudioZeroshotClassification', 'AudioClassification', 'AudioPairClassification', 'VideoClassification', 'VideoClustering', 'VideoMultilabelClassification', 'VideoPairClassification', 'VideoZeroshotClassification', 'VideoCentricQA')], prompt types [['query', 'document']], and task names\n"}
,{"stream_name":"stderr","time":721.370124778,"data":"  resolved_prompts, invalid_prompts = AbsEncoder.validate_task_to_prompt_name(\n"}
,{"stream_name":"stderr","time":721.3701288,"data":"Task name Document is not valid. Valid keys are task types [('BitextMining', 'Classification', 'MultilabelClassification', 'Clustering', 'PairClassification', 'Regression', 'Reranking', 'Retrieval', 'STS', 'Summarization', 'InstructionRetrieval', 'InstructionReranking', 'Any2AnyReranking', 'Any2AnyRetrieval', 'Any2AnyMultilingualRetrieval', 'VisionCentricQA', 'ImageClustering', 'ImageClassification', 'DocumentUnderstanding', 'VisualSTS(eng)', 'VisualSTS(multi)', 'ZeroShotClassification', 'Compositionality', 'AudioClustering', 'AudioMultilabelClassification', 'AudioReranking', 'AudioZeroshotClassification', 'AudioClassification', 'AudioPairClassification', 'VideoClassification', 'VideoClustering', 'VideoMultilabelClassification', 'VideoPairClassification', 'VideoZeroshotClassification', 'VideoCentricQA')], prompt types [['query', 'document']], and task names\n"}
,{"stream_name":"stderr","time":721.38019602,"data":"/usr/local/lib/python3.13/dist-packages/mteb/models/sentence_transformer_wrapper.py:150: UserWarning: Task name Document is not valid. Valid keys are task types [('BitextMining', 'Classification', 'MultilabelClassification', 'Clustering', 'PairClassification', 'Regression', 'Reranking', 'Retrieval', 'STS', 'Summarization', 'InstructionRetrieval', 'InstructionReranking', 'Any2AnyReranking', 'Any2AnyRetrieval', 'Any2AnyMultilingualRetrieval', 'VisionCentricQA', 'ImageClustering', 'ImageClassification', 'DocumentUnderstanding', 'VisualSTS(eng)', 'VisualSTS(multi)', 'ZeroShotClassification', 'Compositionality', 'AudioClustering', 'AudioMultilabelClassification', 'AudioReranking', 'AudioZeroshotClassification', 'AudioClassification', 'AudioPairClassification', 'VideoClassification', 'VideoClustering', 'VideoMultilabelClassification', 'VideoPairClassification', 'VideoZeroshotClassification', 'VideoCentricQA')], prompt types [['query', 'document']], and task names\n"}
,{"stream_name":"stderr","time":721.38022963,"data":"  resolved_prompts, invalid_prompts = AbsEncoder.validate_task_to_prompt_name(\n"}
,{"stream_name":"stderr","time":721.380235085,"data":"Task name FactChecking is not valid. Valid keys are task types [('BitextMining', 'Classification', 'MultilabelClassification', 'Clustering', 'PairClassification', 'Regression', 'Reranking', 'Retrieval', 'STS', 'Summarization', 'InstructionRetrieval', 'InstructionReranking', 'Any2AnyReranking', 'Any2AnyRetrieval', 'Any2AnyMultilingualRetrieval', 'VisionCentricQA', 'ImageClustering', 'ImageClassification', 'DocumentUnderstanding', 'VisualSTS(eng)', 'VisualSTS(multi)', 'ZeroShotClassification', 'Compositionality', 'AudioClustering', 'AudioMultilabelClassification', 'AudioReranking', 'AudioZeroshotClassification', 'AudioClassification', 'AudioPairClassification', 'VideoClassification', 'VideoClustering', 'VideoMultilabelClassification', 'VideoPairClassification', 'VideoZeroshotClassification', 'VideoCentricQA')], prompt types [['query', 'document']], and task names\n"}
,{"stream_name":"stderr","time":721.380252637,"data":"\n"}
,{"stream_name":"stderr","time":721.380257655,"data":"/usr/local/lib/python3.13/dist-packages/mteb/models/sentence_transformer_wrapper.py:150: UserWarning: Task name Document is not valid. Valid keys are task types [('BitextMining', 'Classification', 'MultilabelClassification', 'Clustering', 'PairClassification', 'Regression', 'Reranking', 'Retrieval', 'STS', 'Summarization', 'InstructionRetrieval', 'InstructionReranking', 'Any2AnyReranking', 'Any2AnyRetrieval', 'Any2AnyMultilingualRetrieval', 'VisionCentricQA', 'ImageClustering', 'ImageClassification', 'DocumentUnderstanding', 'VisualSTS(eng)', 'VisualSTS(multi)', 'ZeroShotClassification', 'Compositionality', 'AudioClustering', 'AudioMultilabelClassification', 'AudioReranking', 'AudioZeroshotClassification', 'AudioClassification', 'AudioPairClassification', 'VideoClassification', 'VideoClustering', 'VideoMultilabelClassification', 'VideoPairClassification', 'VideoZeroshotClassification', 'VideoCentricQA')], prompt types [['query', 'document']], and task names\n"}
,{"stream_name":"stderr","time":721.38026323,"data":"  resolved_prompts, invalid_prompts = AbsEncoder.validate_task_to_prompt_name(\n"}
,{"stream_name":"stderr","time":721.380266817,"data":"Task name FactChecking is not valid. Valid keys are task types [('BitextMining', 'Classification', 'MultilabelClassification', 'Clustering', 'PairClassification', 'Regression', 'Reranking', 'Retrieval', 'STS', 'Summarization', 'InstructionRetrieval', 'InstructionReranking', 'Any2AnyReranking', 'Any2AnyRetrieval', 'Any2AnyMultilingualRetrieval', 'VisionCentricQA', 'ImageClustering', 'ImageClassification', 'DocumentUnderstanding', 'VisualSTS(eng)', 'VisualSTS(multi)', 'ZeroShotClassification', 'Compositionality', 'AudioClustering', 'AudioMultilabelClassification', 'AudioReranking', 'AudioZeroshotClassification', 'AudioClassification', 'AudioPairClassification', 'VideoClassification', 'VideoClustering', 'VideoMultilabelClassification', 'VideoPairClassification', 'VideoZeroshotClassification', 'VideoCentricQA')], prompt types [['query', 'document']], and task names\n"}
,{"stream_name":"stderr","time":721.380954205,"data":"/usr/local/lib/python3.13/dist-packages/mteb/models/sentence_transformer_wrapper.py:150: UserWarning: Task name FactChecking is not valid. Valid keys are task types [('BitextMining', 'Classification', 'MultilabelClassification', 'Clustering', 'PairClassification', 'Regression', 'Reranking', 'Retrieval', 'STS', 'Summarization', 'InstructionRetrieval', 'InstructionReranking', 'Any2AnyReranking', 'Any2AnyRetrieval', 'Any2AnyMultilingualRetrieval', 'VisionCentricQA', 'ImageClustering', 'ImageClassification', 'DocumentUnderstanding', 'VisualSTS(eng)', 'VisualSTS(multi)', 'ZeroShotClassification', 'Compositionality', 'AudioClustering', 'AudioMultilabelClassification', 'AudioReranking', 'AudioZeroshotClassification', 'AudioClassification', 'AudioPairClassification', 'VideoClassification', 'VideoClustering', 'VideoMultilabelClassification', 'VideoPairClassification', 'VideoZeroshotClassification', 'VideoCentricQA')], prompt types [['query', 'document']], and task names\n"}
,{"stream_name":"stderr","time":721.38096864,"data":"  resolved_prompts, invalid_prompts = AbsEncoder.validate_task_to_prompt_name(\n"}
,{"stream_name":"stderr","time":721.380972934,"data":"Task name QuestionAnswering is not valid. Valid keys are task types [('BitextMining', 'Classification', 'MultilabelClassification', 'Clustering', 'PairClassification', 'Regression', 'Reranking', 'Retrieval', 'STS', 'Summarization', 'InstructionRetrieval', 'InstructionReranking', 'Any2AnyReranking', 'Any2AnyRetrieval', 'Any2AnyMultilingualRetrieval', 'VisionCentricQA', 'ImageClustering', 'ImageClassification', 'DocumentUnderstanding', 'VisualSTS(eng)', 'VisualSTS(multi)', 'ZeroShotClassification', 'Compositionality', 'AudioClustering', 'AudioMultilabelClassification', 'AudioReranking', 'AudioZeroshotClassification', 'AudioClassification', 'AudioPairClassification', 'VideoClassification', 'VideoClustering', 'VideoMultilabelClassification', 'VideoPairClassification', 'VideoZeroshotClassification', 'VideoCentricQA')], prompt types [['query', 'document']], and task names\n"}
,{"stream_name":"stderr","time":721.38098699,"data":"\n"}
,{"stream_name":"stderr","time":721.380991138,"data":"/usr/local/lib/python3.13/dist-packages/mteb/models/sentence_transformer_wrapper.py:150: UserWarning: Task name FactChecking is not valid. Valid keys are task types [('BitextMining', 'Classification', 'MultilabelClassification', 'Clustering', 'PairClassification', 'Regression', 'Reranking', 'Retrieval', 'STS', 'Summarization', 'InstructionRetrieval', 'InstructionReranking', 'Any2AnyReranking', 'Any2AnyRetrieval', 'Any2AnyMultilingualRetrieval', 'VisionCentricQA', 'ImageClustering', 'ImageClassification', 'DocumentUnderstanding', 'VisualSTS(eng)', 'VisualSTS(multi)', 'ZeroShotClassification', 'Compositionality', 'AudioClustering', 'AudioMultilabelClassification', 'AudioReranking', 'AudioZeroshotClassification', 'AudioClassification', 'AudioPairClassification', 'VideoClassification', 'VideoClustering', 'VideoMultilabelClassification', 'VideoPairClassification', 'VideoZeroshotClassification', 'VideoCentricQA')], prompt types [['query', 'document']], and task names\n"}
,{"stream_name":"stderr","time":721.380997647,"data":"  resolved_prompts, invalid_prompts = AbsEncoder.validate_task_to_prompt_name(\n"}
,{"stream_name":"stderr","time":721.381001339,"data":"Task name QuestionAnswering is not valid. Valid keys are task types [('BitextMining', 'Classification', 'MultilabelClassification', 'Clustering', 'PairClassification', 'Regression', 'Reranking', 'Retrieval', 'STS', 'Summarization', 'InstructionRetrieval', 'InstructionReranking', 'Any2AnyReranking', 'Any2AnyRetrieval', 'Any2AnyMultilingualRetrieval', 'VisionCentricQA', 'ImageClustering', 'ImageClassification', 'DocumentUnderstanding', 'VisualSTS(eng)', 'VisualSTS(multi)', 'ZeroShotClassification', 'Compositionality', 'AudioClustering', 'AudioMultilabelClassification', 'AudioReranking', 'AudioZeroshotClassification', 'AudioClassification', 'AudioPairClassification', 'VideoClassification', 'VideoClustering', 'VideoMultilabelClassification', 'VideoPairClassification', 'VideoZeroshotClassification', 'VideoCentricQA')], prompt types [['query', 'document']], and task names\n"}
,{"stream_name":"stderr","time":721.399627384,"data":"/usr/local/lib/python3.13/dist-packages/mteb/models/sentence_transformer_wrapper.py:150: UserWarning: Task name QuestionAnswering is not valid. Valid keys are task types [('BitextMining', 'Classification', 'MultilabelClassification', 'Clustering', 'PairClassification', 'Regression', 'Reranking', 'Retrieval', 'STS', 'Summarization', 'InstructionRetrieval', 'InstructionReranking', 'Any2AnyReranking', 'Any2AnyRetrieval', 'Any2AnyMultilingualRetrieval', 'VisionCentricQA', 'ImageClustering', 'ImageClassification', 'DocumentUnderstanding', 'VisualSTS(eng)', 'VisualSTS(multi)', 'ZeroShotClassification', 'Compositionality', 'AudioClustering', 'AudioMultilabelClassification', 'AudioReranking', 'AudioZeroshotClassification', 'AudioClassification', 'AudioPairClassification', 'VideoClassification', 'VideoClustering', 'VideoMultilabelClassification', 'VideoPairClassification', 'VideoZeroshotClassification', 'VideoCentricQA')], prompt types [['query', 'document']], and task names\n"}
,{"stream_name":"stderr","time":721.399648005,"data":"  resolved_prompts, invalid_prompts = AbsEncoder.validate_task_to_prompt_name(\n"}
,{"stream_name":"stderr","time":721.399689265,"data":"Task name SearchQuery is not valid. Valid keys are task types [('BitextMining', 'Classification', 'MultilabelClassification', 'Clustering', 'PairClassification', 'Regression', 'Reranking', 'Retrieval', 'STS', 'Summarization', 'InstructionRetrieval', 'InstructionReranking', 'Any2AnyReranking', 'Any2AnyRetrieval', 'Any2AnyMultilingualRetrieval', 'VisionCentricQA', 'ImageClustering', 'ImageClassification', 'DocumentUnderstanding', 'VisualSTS(eng)', 'VisualSTS(multi)', 'ZeroShotClassification', 'Compositionality', 'AudioClustering', 'AudioMultilabelClassification', 'AudioReranking', 'AudioZeroshotClassification', 'AudioClassification', 'AudioPairClassification', 'VideoClassification', 'VideoClustering', 'VideoMultilabelClassification', 'VideoPairClassification', 'VideoZeroshotClassification', 'VideoCentricQA')], prompt types [['query', 'document']], and task names\n"}
,{"stream_name":"stderr","time":721.399696091,"data":"\n"}
,{"stream_name":"stderr","time":721.399700405,"data":"/usr/local/lib/python3.13/dist-packages/mteb/models/sentence_transformer_wrapper.py:150: UserWarning: Task name QuestionAnswering is not valid. Valid keys are task types [('BitextMining', 'Classification', 'MultilabelClassification', 'Clustering', 'PairClassification', 'Regression', 'Reranking', 'Retrieval', 'STS', 'Summarization', 'InstructionRetrieval', 'InstructionReranking', 'Any2AnyReranking', 'Any2AnyRetrieval', 'Any2AnyMultilingualRetrieval', 'VisionCentricQA', 'ImageClustering', 'ImageClassification', 'DocumentUnderstanding', 'VisualSTS(eng)', 'VisualSTS(multi)', 'ZeroShotClassification', 'Compositionality', 'AudioClustering', 'AudioMultilabelClassification', 'AudioReranking', 'AudioZeroshotClassification', 'AudioClassification', 'AudioPairClassification', 'VideoClassification', 'VideoClustering', 'VideoMultilabelClassification', 'VideoPairClassification', 'VideoZeroshotClassification', 'VideoCentricQA')], prompt types [['query', 'document']], and task names\n"}
,{"stream_name":"stderr","time":721.399706371,"data":"  resolved_prompts, invalid_prompts = AbsEncoder.validate_task_to_prompt_name(\n"}
,{"stream_name":"stderr","time":721.399709852,"data":"Task name SearchQuery is not valid. Valid keys are task types [('BitextMining', 'Classification', 'MultilabelClassification', 'Clustering', 'PairClassification', 'Regression', 'Reranking', 'Retrieval', 'STS', 'Summarization', 'InstructionRetrieval', 'InstructionReranking', 'Any2AnyReranking', 'Any2AnyRetrieval', 'Any2AnyMultilingualRetrieval', 'VisionCentricQA', 'ImageClustering', 'ImageClassification', 'DocumentUnderstanding', 'VisualSTS(eng)', 'VisualSTS(multi)', 'ZeroShotClassification', 'Compositionality', 'AudioClustering', 'AudioMultilabelClassification', 'AudioReranking', 'AudioZeroshotClassification', 'AudioClassification', 'AudioPairClassification', 'VideoClassification', 'VideoClustering', 'VideoMultilabelClassification', 'VideoPairClassification', 'VideoZeroshotClassification', 'VideoCentricQA')], prompt types [['query', 'document']], and task names\n"}
,{"stream_name":"stderr","time":721.400544785,"data":"/usr/local/lib/python3.13/dist-packages/mteb/models/sentence_transformer_wrapper.py:150: UserWarning: Task name SearchQuery is not valid. Valid keys are task types [('BitextMining', 'Classification', 'MultilabelClassification', 'Clustering', 'PairClassification', 'Regression', 'Reranking', 'Retrieval', 'STS', 'Summarization', 'InstructionRetrieval', 'InstructionReranking', 'Any2AnyReranking', 'Any2AnyRetrieval', 'Any2AnyMultilingualRetrieval', 'VisionCentricQA', 'ImageClustering', 'ImageClassification', 'DocumentUnderstanding', 'VisualSTS(eng)', 'VisualSTS(multi)', 'ZeroShotClassification', 'Compositionality', 'AudioClustering', 'AudioMultilabelClassification', 'AudioReranking', 'AudioZeroshotClassification', 'AudioClassification', 'AudioPairClassification', 'VideoClassification', 'VideoClustering', 'VideoMultilabelClassification', 'VideoPairClassification', 'VideoZeroshotClassification', 'VideoCentricQA')], prompt types [['query', 'document']], and task names\n"}
,{"stream_name":"stderr","time":721.400570651,"data":"  resolved_prompts, invalid_prompts = AbsEncoder.validate_task_to_prompt_name(\n"}
,{"stream_name":"stderr","time":721.400575393,"data":"Task name SentenceSimilarity is not valid. Valid keys are task types [('BitextMining', 'Classification', 'MultilabelClassification', 'Clustering', 'PairClassification', 'Regression', 'Reranking', 'Retrieval', 'STS', 'Summarization', 'InstructionRetrieval', 'InstructionReranking', 'Any2AnyReranking', 'Any2AnyRetrieval', 'Any2AnyMultilingualRetrieval', 'VisionCentricQA', 'ImageClustering', 'ImageClassification', 'DocumentUnderstanding', 'VisualSTS(eng)', 'VisualSTS(multi)', 'ZeroShotClassification', 'Compositionality', 'AudioClustering', 'AudioMultilabelClassification', 'AudioReranking', 'AudioZeroshotClassification', 'AudioClassification', 'AudioPairClassification', 'VideoClassification', 'VideoClustering', 'VideoMultilabelClassification', 'VideoPairClassification', 'VideoZeroshotClassification', 'VideoCentricQA')], prompt types [['query', 'document']], and task names\n"}
,{"stream_name":"stderr","time":721.400581381,"data":"\n"}
,{"stream_name":"stderr","time":721.400585384,"data":"/usr/local/lib/python3.13/dist-packages/mteb/models/sentence_transformer_wrapper.py:150: UserWarning: Task name SearchQuery is not valid. Valid keys are task types [('BitextMining', 'Classification', 'MultilabelClassification', 'Clustering', 'PairClassification', 'Regression', 'Reranking', 'Retrieval', 'STS', 'Summarization', 'InstructionRetrieval', 'InstructionReranking', 'Any2AnyReranking', 'Any2AnyRetrieval', 'Any2AnyMultilingualRetrieval', 'VisionCentricQA', 'ImageClustering', 'ImageClassification', 'DocumentUnderstanding', 'VisualSTS(eng)', 'VisualSTS(multi)', 'ZeroShotClassification', 'Compositionality', 'AudioClustering', 'AudioMultilabelClassification', 'AudioReranking', 'AudioZeroshotClassification', 'AudioClassification', 'AudioPairClassification', 'VideoClassification', 'VideoClustering', 'VideoMultilabelClassification', 'VideoPairClassification', 'VideoZeroshotClassification', 'VideoCentricQA')], prompt types [['query', 'document']], and task names\n"}
,{"stream_name":"stderr","time":721.400592269,"data":"  resolved_prompts, invalid_prompts = AbsEncoder.validate_task_to_prompt_name(\n"}
,{"stream_name":"stderr","time":721.400595983,"data":"Task name SentenceSimilarity is not valid. Valid keys are task types [('BitextMining', 'Classification', 'MultilabelClassification', 'Clustering', 'PairClassification', 'Regression', 'Reranking', 'Retrieval', 'STS', 'Summarization', 'InstructionRetrieval', 'InstructionReranking', 'Any2AnyReranking', 'Any2AnyRetrieval', 'Any2AnyMultilingualRetrieval', 'VisionCentricQA', 'ImageClustering', 'ImageClassification', 'DocumentUnderstanding', 'VisualSTS(eng)', 'VisualSTS(multi)', 'ZeroShotClassification', 'Compositionality', 'AudioClustering', 'AudioMultilabelClassification', 'AudioReranking', 'AudioZeroshotClassification', 'AudioClassification', 'AudioPairClassification', 'VideoClassification', 'VideoClustering', 'VideoMultilabelClassification', 'VideoPairClassification', 'VideoZeroshotClassification', 'VideoCentricQA')], prompt types [['query', 'document']], and task names\n"}
,{"stream_name":"stderr","time":721.401556526,"data":"/usr/local/lib/python3.13/dist-packages/mteb/models/sentence_transformer_wrapper.py:150: UserWarning: Task name SentenceSimilarity is not valid. Valid keys are task types [('BitextMining', 'Classification', 'MultilabelClassification', 'Clustering', 'PairClassification', 'Regression', 'Reranking', 'Retrieval', 'STS', 'Summarization', 'InstructionRetrieval', 'InstructionReranking', 'Any2AnyReranking', 'Any2AnyRetrieval', 'Any2AnyMultilingualRetrieval', 'VisionCentricQA', 'ImageClustering', 'ImageClassification', 'DocumentUnderstanding', 'VisualSTS(eng)', 'VisualSTS(multi)', 'ZeroShotClassification', 'Compositionality', 'AudioClustering', 'AudioMultilabelClassification', 'AudioReranking', 'AudioZeroshotClassification', 'AudioClassification', 'AudioPairClassification', 'VideoClassification', 'VideoClustering', 'VideoMultilabelClassification', 'VideoPairClassification', 'VideoZeroshotClassification', 'VideoCentricQA')], prompt types [['query', 'document']], and task names\n"}
,{"stream_name":"stderr","time":721.401581728,"data":"  resolved_prompts, invalid_prompts = AbsEncoder.validate_task_to_prompt_name(\n"}
,{"stream_name":"stderr","time":721.401586196,"data":"Some prompts are not in the expected format and will be ignored. Problems:\n"}
,{"stream_name":"stderr","time":721.401589911,"data":"\n"}
,{"stream_name":"stderr","time":721.401593329,"data":"Task name SentenceSimilarity is not valid. Valid keys are task types [('BitextMining', 'Classification', 'MultilabelClassification', 'Clustering', 'PairClassification', 'Regression', 'Reranking', 'Retrieval', 'STS', 'Summarization', 'InstructionRetrieval', 'InstructionReranking', 'Any2AnyReranking', 'Any2AnyRetrieval', 'Any2AnyMultilingualRetrieval', 'VisionCentricQA', 'ImageClustering', 'ImageClassification', 'DocumentUnderstanding', 'VisualSTS(eng)', 'VisualSTS(multi)', 'ZeroShotClassification', 'Compositionality', 'AudioClustering', 'AudioMultilabelClassification', 'AudioReranking', 'AudioZeroshotClassification', 'AudioClassification', 'AudioPairClassification', 'VideoClassification', 'VideoClustering', 'VideoMultilabelClassification', 'VideoPairClassification', 'VideoZeroshotClassification', 'VideoCentricQA')], prompt types [['query', 'document']], and task names\n"}
,{"stream_name":"stderr","time":721.401600417,"data":"Task name FactChecking is not valid. Valid keys are task types [('BitextMining', 'Classification', 'MultilabelClassification', 'Clustering', 'PairClassification', 'Regression', 'Reranking', 'Retrieval', 'STS', 'Summarization', 'InstructionRetrieval', 'InstructionReranking', 'Any2AnyReranking', 'Any2AnyRetrieval', 'Any2AnyMultilingualRetrieval', 'VisionCentricQA', 'ImageClustering', 'ImageClassification', 'DocumentUnderstanding', 'VisualSTS(eng)', 'VisualSTS(multi)', 'ZeroShotClassification', 'Compositionality', 'AudioClustering', 'AudioMultilabelClassification', 'AudioReranking', 'AudioZeroshotClassification', 'AudioClassification', 'AudioPairClassification', 'VideoClassification', 'VideoClustering', 'VideoMultilabelClassification', 'VideoPairClassification', 'VideoZeroshotClassification', 'VideoCentricQA')], prompt types [['query', 'document']], and task names\n"}
,{"stream_name":"stderr","time":721.401606576,"data":"Task name QuestionAnswering is not valid. Valid keys are task types [('BitextMining', 'Classification', 'MultilabelClassification', 'Clustering', 'PairClassification', 'Regression', 'Reranking', 'Retrieval', 'STS', 'Summarization', 'InstructionRetrieval', 'InstructionReranking', 'Any2AnyReranking', 'Any2AnyRetrieval', 'Any2AnyMultilingualRetrieval', 'VisionCentricQA', 'ImageClustering', 'ImageClassification', 'DocumentUnderstanding', 'VisualSTS(eng)', 'VisualSTS(multi)', 'ZeroShotClassification', 'Compositionality', 'AudioClustering', 'AudioMultilabelClassification', 'AudioReranking', 'AudioZeroshotClassification', 'AudioClassification', 'AudioPairClassification', 'VideoClassification', 'VideoClustering', 'VideoMultilabelClassification', 'VideoPairClassification', 'VideoZeroshotClassification', 'VideoCentricQA')], prompt types [['query', 'document']], and task names\n"}
,{"stream_name":"stderr","time":721.401613078,"data":"Task name CodeRetrieval is not valid. Valid keys are task types [('BitextMining', 'Classification', 'MultilabelClassification', 'Clustering', 'PairClassification', 'Regression', 'Reranking', 'Retrieval', 'STS', 'Summarization', 'InstructionRetrieval', 'InstructionReranking', 'Any2AnyReranking', 'Any2AnyRetrieval', 'Any2AnyMultilingualRetrieval', 'VisionCentricQA', 'ImageClustering', 'ImageClassification', 'DocumentUnderstanding', 'VisualSTS(eng)', 'VisualSTS(multi)', 'ZeroShotClassification', 'Compositionality', 'AudioClustering', 'AudioMultilabelClassification', 'AudioReranking', 'AudioZeroshotClassification', 'AudioClassification', 'AudioPairClassification', 'VideoClassification', 'VideoClustering', 'VideoMultilabelClassification', 'VideoPairClassification', 'VideoZeroshotClassification', 'VideoCentricQA')], prompt types [['query', 'document']], and task names\n"}
,{"stream_name":"stderr","time":721.401622541,"data":"Task name SearchQuery is not valid. Valid keys are task types [('BitextMining', 'Classification', 'MultilabelClassification', 'Clustering', 'PairClassification', 'Regression', 'Reranking', 'Retrieval', 'STS', 'Summarization', 'InstructionRetrieval', 'InstructionReranking', 'Any2AnyReranking', 'Any2AnyRetrieval', 'Any2AnyMultilingualRetrieval', 'VisionCentricQA', 'ImageClustering', 'ImageClassification', 'DocumentUnderstanding', 'VisualSTS(eng)', 'VisualSTS(multi)', 'ZeroShotClassification', 'Compositionality', 'AudioClustering', 'AudioMultilabelClassification', 'AudioReranking', 'AudioZeroshotClassification', 'AudioClassification', 'AudioPairClassification', 'VideoClassification', 'VideoClustering', 'VideoMultilabelClassification', 'VideoPairClassification', 'VideoZeroshotClassification', 'VideoCentricQA')], prompt types [['query', 'document']], and task names\n"}
,{"stream_name":"stderr","time":721.401634593,"data":"Task name Document is not valid. Valid keys are task types [('BitextMining', 'Classification', 'MultilabelClassification', 'Clustering', 'PairClassification', 'Regression', 'Reranking', 'Retrieval', 'STS', 'Summarization', 'InstructionRetrieval', 'InstructionReranking', 'Any2AnyReranking', 'Any2AnyRetrieval', 'Any2AnyMultilingualRetrieval', 'VisionCentricQA', 'ImageClustering', 'ImageClassification', 'DocumentUnderstanding', 'VisualSTS(eng)', 'VisualSTS(multi)', 'ZeroShotClassification', 'Compositionality', 'AudioClustering', 'AudioMultilabelClassification', 'AudioReranking', 'AudioZeroshotClassification', 'AudioClassification', 'AudioPairClassification', 'VideoClassification', 'VideoClustering', 'VideoMultilabelClassification', 'VideoPairClassification', 'VideoZeroshotClassification', 'VideoCentricQA')], prompt types [['query', 'document']], and task names\n"}
,{"stream_name":"stderr","time":721.401639596,"data":"\n"}
,{"stream_name":"stderr","time":721.401641873,"data":"/usr/local/lib/python3.13/dist-packages/mteb/models/sentence_transformer_wrapper.py:150: UserWarning: Task name SentenceSimilarity is not valid. Valid keys are task types [('BitextMining', 'Classification', 'MultilabelClassification', 'Clustering', 'PairClassification', 'Regression', 'Reranking', 'Retrieval', 'STS', 'Summarization', 'InstructionRetrieval', 'InstructionReranking', 'Any2AnyReranking', 'Any2AnyRetrieval', 'Any2AnyMultilingualRetrieval', 'VisionCentricQA', 'ImageClustering', 'ImageClassification', 'DocumentUnderstanding', 'VisualSTS(eng)', 'VisualSTS(multi)', 'ZeroShotClassification', 'Compositionality', 'AudioClustering', 'AudioMultilabelClassification', 'AudioReranking', 'AudioZeroshotClassification', 'AudioClassification', 'AudioPairClassification', 'VideoClassification', 'VideoClustering', 'VideoMultilabelClassification', 'VideoPairClassification', 'VideoZeroshotClassification', 'VideoCentricQA')], prompt types [['query', 'document']], and task names\n"}
,{"stream_name":"stderr","time":721.401645791,"data":"  resolved_prompts, invalid_prompts = AbsEncoder.validate_task_to_prompt_name(\n"}
,{"stream_name":"stderr","time":721.401648177,"data":"Some prompts are not in the expected format and will be ignored. Problems:\n"}
,{"stream_name":"stderr","time":721.401650538,"data":"\n"}
,{"stream_name":"stderr","time":721.401652991,"data":"Task name SentenceSimilarity is not valid. Valid keys are task types [('BitextMining', 'Classification', 'MultilabelClassification', 'Clustering', 'PairClassification', 'Regression', 'Reranking', 'Retrieval', 'STS', 'Summarization', 'InstructionRetrieval', 'InstructionReranking', 'Any2AnyReranking', 'Any2AnyRetrieval', 'Any2AnyMultilingualRetrieval', 'VisionCentricQA', 'ImageClustering', 'ImageClassification', 'DocumentUnderstanding', 'VisualSTS(eng)', 'VisualSTS(multi)', 'ZeroShotClassification', 'Compositionality', 'AudioClustering', 'AudioMultilabelClassification', 'AudioReranking', 'AudioZeroshotClassification', 'AudioClassification', 'AudioPairClassification', 'VideoClassification', 'VideoClustering', 'VideoMultilabelClassification', 'VideoPairClassification', 'VideoZeroshotClassification', 'VideoCentricQA')], prompt types [['query', 'document']], and task names\n"}
,{"stream_name":"stderr","time":721.401658998,"data":"Task name FactChecking is not valid. Valid keys are task types [('BitextMining', 'Classification', 'MultilabelClassification', 'Clustering', 'PairClassification', 'Regression', 'Reranking', 'Retrieval', 'STS', 'Summarization', 'InstructionRetrieval', 'InstructionReranking', 'Any2AnyReranking', 'Any2AnyRetrieval', 'Any2AnyMultilingualRetrieval', 'VisionCentricQA', 'ImageClustering', 'ImageClassification', 'DocumentUnderstanding', 'VisualSTS(eng)', 'VisualSTS(multi)', 'ZeroShotClassification', 'Compositionality', 'AudioClustering', 'AudioMultilabelClassification', 'AudioReranking', 'AudioZeroshotClassification', 'AudioClassification', 'AudioPairClassification', 'VideoClassification', 'VideoClustering', 'VideoMultilabelClassification', 'VideoPairClassification', 'VideoZeroshotClassification', 'VideoCentricQA')], prompt types [['query', 'document']], and task names\n"}
,{"stream_name":"stderr","time":721.401662872,"data":"Task name QuestionAnswering is not valid. Valid keys are task types [('BitextMining', 'Classification', 'MultilabelClassification', 'Clustering', 'PairClassification', 'Regression', 'Reranking', 'Retrieval', 'STS', 'Summarization', 'InstructionRetrieval', 'InstructionReranking', 'Any2AnyReranking', 'Any2AnyRetrieval', 'Any2AnyMultilingualRetrieval', 'VisionCentricQA', 'ImageClustering', 'ImageClassification', 'DocumentUnderstanding', 'VisualSTS(eng)', 'VisualSTS(multi)', 'ZeroShotClassification', 'Compositionality', 'AudioClustering', 'AudioMultilabelClassification', 'AudioReranking', 'AudioZeroshotClassification', 'AudioClassification', 'AudioPairClassification', 'VideoClassification', 'VideoClustering', 'VideoMultilabelClassification', 'VideoPairClassification', 'VideoZeroshotClassification', 'VideoCentricQA')], prompt types [['query', 'document']], and task names\n"}
,{"stream_name":"stderr","time":721.401666895,"data":"Task name CodeRetrieval is not valid. Valid keys are task types [('BitextMining', 'Classification', 'MultilabelClassification', 'Clustering', 'PairClassification', 'Regression', 'Reranking', 'Retrieval', 'STS', 'Summarization', 'InstructionRetrieval', 'InstructionReranking', 'Any2AnyReranking', 'Any2AnyRetrieval', 'Any2AnyMultilingualRetrieval', 'VisionCentricQA', 'ImageClustering', 'ImageClassification', 'DocumentUnderstanding', 'VisualSTS(eng)', 'VisualSTS(multi)', 'ZeroShotClassification', 'Compositionality', 'AudioClustering', 'AudioMultilabelClassification', 'AudioReranking', 'AudioZeroshotClassification', 'AudioClassification', 'AudioPairClassification', 'VideoClassification', 'VideoClustering', 'VideoMultilabelClassification', 'VideoPairClassification', 'VideoZeroshotClassification', 'VideoCentricQA')], prompt types [['query', 'document']], and task names\n"}
,{"stream_name":"stderr","time":721.40167063,"data":"Task name SearchQuery is not valid. Valid keys are task types [('BitextMining', 'Classification', 'MultilabelClassification', 'Clustering', 'PairClassification', 'Regression', 'Reranking', 'Retrieval', 'STS', 'Summarization', 'InstructionRetrieval', 'InstructionReranking', 'Any2AnyReranking', 'Any2AnyRetrieval', 'Any2AnyMultilingualRetrieval', 'VisionCentricQA', 'ImageClustering', 'ImageClassification', 'DocumentUnderstanding', 'VisualSTS(eng)', 'VisualSTS(multi)', 'ZeroShotClassification', 'Compositionality', 'AudioClustering', 'AudioMultilabelClassification', 'AudioReranking', 'AudioZeroshotClassification', 'AudioClassification', 'AudioPairClassification', 'VideoClassification', 'VideoClustering', 'VideoMultilabelClassification', 'VideoPairClassification', 'VideoZeroshotClassification', 'VideoCentricQA')], prompt types [['query', 'document']], and task names\n"}
,{"stream_name":"stderr","time":721.401676714,"data":"Task name Document is not valid. Valid keys are task types [('BitextMining', 'Classification', 'MultilabelClassification', 'Clustering', 'PairClassification', 'Regression', 'Reranking', 'Retrieval', 'STS', 'Summarization', 'InstructionRetrieval', 'InstructionReranking', 'Any2AnyReranking', 'Any2AnyRetrieval', 'Any2AnyMultilingualRetrieval', 'VisionCentricQA', 'ImageClustering', 'ImageClassification', 'DocumentUnderstanding', 'VisualSTS(eng)', 'VisualSTS(multi)', 'ZeroShotClassification', 'Compositionality', 'AudioClustering', 'AudioMultilabelClassification', 'AudioReranking', 'AudioZeroshotClassification', 'AudioClassification', 'AudioPairClassification', 'VideoClassification', 'VideoClustering', 'VideoMultilabelClassification', 'VideoPairClassification', 'VideoZeroshotClassification', 'VideoCentricQA')], prompt types [['query', 'document']], and task names\n"}
,{"stream_name":"stderr","time":721.423736867,"data":"/usr/local/lib/python3.13/dist-packages/mteb/models/sentence_transformer_wrapper.py:430: UserWarning: Some prompts are not in the expected format and will be ignored. Problems:\n"}
,{"stream_name":"stderr","time":721.423754564,"data":"\n"}
,{"stream_name":"stderr","time":721.423759182,"data":"Task name SentenceSimilarity is not valid. Valid keys are task types [('BitextMining', 'Classification', 'MultilabelClassification', 'Clustering', 'PairClassification', 'Regression', 'Reranking', 'Retrieval', 'STS', 'Summarization', 'InstructionRetrieval', 'InstructionReranking', 'Any2AnyReranking', 'Any2AnyRetrieval', 'Any2AnyMultilingualRetrieval', 'VisionCentricQA', 'ImageClustering', 'ImageClassification', 'DocumentUnderstanding', 'VisualSTS(eng)', 'VisualSTS(multi)', 'ZeroShotClassification', 'Compositionality', 'AudioClustering', 'AudioMultilabelClassification', 'AudioReranking', 'AudioZeroshotClassification', 'AudioClassification', 'AudioPairClassification', 'VideoClassification', 'VideoClustering', 'VideoMultilabelClassification', 'VideoPairClassification', 'VideoZeroshotClassification', 'VideoCentricQA')], prompt types [['query', 'document']], and task names\n"}
,{"stream_name":"stderr","time":721.423765142,"data":"Task name FactChecking is not valid. Valid keys are task types [('BitextMining', 'Classification', 'MultilabelClassification', 'Clustering', 'PairClassification', 'Regression', 'Reranking', 'Retrieval', 'STS', 'Summarization', 'InstructionRetrieval', 'InstructionReranking', 'Any2AnyReranking', 'Any2AnyRetrieval', 'Any2AnyMultilingualRetrieval', 'VisionCentricQA', 'ImageClustering', 'ImageClassification', 'DocumentUnderstanding', 'VisualSTS(eng)', 'VisualSTS(multi)', 'ZeroShotClassification', 'Compositionality', 'AudioClustering', 'AudioMultilabelClassification', 'AudioReranking', 'AudioZeroshotClassification', 'AudioClassification', 'AudioPairClassification', 'VideoClassification', 'VideoClustering', 'VideoMultilabelClassification', 'VideoPairClassification', 'VideoZeroshotClassification', 'VideoCentricQA')], prompt types [['query', 'document']], and task names\n"}
,{"stream_name":"stderr","time":721.423772271,"data":"Task name QuestionAnswering is not valid. Valid keys are task types [('BitextMining', 'Classification', 'MultilabelClassification', 'Clustering', 'PairClassification', 'Regression', 'Reranking', 'Retrieval', 'STS', 'Summarization', 'InstructionRetrieval', 'InstructionReranking', 'Any2AnyReranking', 'Any2AnyRetrieval', 'Any2AnyMultilingualRetrieval', 'VisionCentricQA', 'ImageClustering', 'ImageClassification', 'DocumentUnderstanding', 'VisualSTS(eng)', 'VisualSTS(multi)', 'ZeroShotClassification', 'Compositionality', 'AudioClustering', 'AudioMultilabelClassification', 'AudioReranking', 'AudioZeroshotClassification', 'AudioClassification', 'AudioPairClassification', 'VideoClassification', 'VideoClustering', 'VideoMultilabelClassification', 'VideoPairClassification', 'VideoZeroshotClassification', 'VideoCentricQA')], prompt types [['query', 'document']], and task names\n"}
,{"stream_name":"stderr","time":721.423787309,"data":"Task name CodeRetrieval is not valid. Valid keys are task types [('BitextMining', 'Classification', 'MultilabelClassification', 'Clustering', 'PairClassification', 'Regression', 'Reranking', 'Retrieval', 'STS', 'Summarization', 'InstructionRetrieval', 'InstructionReranking', 'Any2AnyReranking', 'Any2AnyRetrieval', 'Any2AnyMultilingualRetrieval', 'VisionCentricQA', 'ImageClustering', 'ImageClassification', 'DocumentUnderstanding', 'VisualSTS(eng)', 'VisualSTS(multi)', 'ZeroShotClassification', 'Compositionality', 'AudioClustering', 'AudioMultilabelClassification', 'AudioReranking', 'AudioZeroshotClassification', 'AudioClassification', 'AudioPairClassification', 'VideoClassification', 'VideoClustering', 'VideoMultilabelClassification', 'VideoPairClassification', 'VideoZeroshotClassification', 'VideoCentricQA')], prompt types [['query', 'document']], and task names\n"}
,{"stream_name":"stderr","time":721.423794074,"data":"Task name SearchQuery is not valid. Valid keys are task types [('BitextMining', 'Classification', 'MultilabelClassification', 'Clustering', 'PairClassification', 'Regression', 'Reranking', 'Retrieval', 'STS', 'Summarization', 'InstructionRetrieval', 'InstructionReranking', 'Any2AnyReranking', 'Any2AnyRetrieval', 'Any2AnyMultilingualRetrieval', 'VisionCentricQA', 'ImageClustering', 'ImageClassification', 'DocumentUnderstanding', 'VisualSTS(eng)', 'VisualSTS(multi)', 'ZeroShotClassification', 'Compositionality', 'AudioClustering', 'AudioMultilabelClassification', 'AudioReranking', 'AudioZeroshotClassification', 'AudioClassification', 'AudioPairClassification', 'VideoClassification', 'VideoClustering', 'VideoMultilabelClassification', 'VideoPairClassification', 'VideoZeroshotClassification', 'VideoCentricQA')], prompt types [['query', 'document']], and task names\n"}
,{"stream_name":"stderr","time":721.423800595,"data":"Task name Document is not valid. Valid keys are task types [('BitextMining', 'Classification', 'MultilabelClassification', 'Clustering', 'PairClassification', 'Regression', 'Reranking', 'Retrieval', 'STS', 'Summarization', 'InstructionRetrieval', 'InstructionReranking', 'Any2AnyReranking', 'Any2AnyRetrieval', 'Any2AnyMultilingualRetrieval', 'VisionCentricQA', 'ImageClustering', 'ImageClassification', 'DocumentUnderstanding', 'VisualSTS(eng)', 'VisualSTS(multi)', 'ZeroShotClassification', 'Compositionality', 'AudioClustering', 'AudioMultilabelClassification', 'AudioReranking', 'AudioZeroshotClassification', 'AudioClassification', 'AudioPairClassification', 'VideoClassification', 'VideoClustering', 'VideoMultilabelClassification', 'VideoPairClassification', 'VideoZeroshotClassification', 'VideoCentricQA')], prompt types [['query', 'document']], and task names\n"}
,{"stream_name":"stderr","time":721.423806385,"data":"  self.model_prompts = _resolve_model_prompts(self.model, model_prompts)\n"}
,{"stream_name":"stderr","time":721.423809768,"data":"\n"}
,{"stream_name":"stderr","time":721.42381303,"data":"/usr/local/lib/python3.13/dist-packages/mteb/models/sentence_transformer_wrapper.py:430: UserWarning: Some prompts are not in the expected format and will be ignored. Problems:\n"}
,{"stream_name":"stderr","time":721.4238173,"data":"\n"}
,{"stream_name":"stderr","time":721.423821136,"data":"Task name SentenceSimilarity is not valid. Valid keys are task types [('BitextMining', 'Classification', 'MultilabelClassification', 'Clustering', 'PairClassification', 'Regression', 'Reranking', 'Retrieval', 'STS', 'Summarization', 'InstructionRetrieval', 'InstructionReranking', 'Any2AnyReranking', 'Any2AnyRetrieval', 'Any2AnyMultilingualRetrieval', 'VisionCentricQA', 'ImageClustering', 'ImageClassification', 'DocumentUnderstanding', 'VisualSTS(eng)', 'VisualSTS(multi)', 'ZeroShotClassification', 'Compositionality', 'AudioClustering', 'AudioMultilabelClassification', 'AudioReranking', 'AudioZeroshotClassification', 'AudioClassification', 'AudioPairClassification', 'VideoClassification', 'VideoClustering', 'VideoMultilabelClassification', 'VideoPairClassification', 'VideoZeroshotClassification', 'VideoCentricQA')], prompt types [['query', 'document']], and task names\n"}
,{"stream_name":"stderr","time":721.423830602,"data":"Task name FactChecking is not valid. Valid keys are task types [('BitextMining', 'Classification', 'MultilabelClassification', 'Clustering', 'PairClassification', 'Regression', 'Reranking', 'Retrieval', 'STS', 'Summarization', 'InstructionRetrieval', 'InstructionReranking', 'Any2AnyReranking', 'Any2AnyRetrieval', 'Any2AnyMultilingualRetrieval', 'VisionCentricQA', 'ImageClustering', 'ImageClassification', 'DocumentUnderstanding', 'VisualSTS(eng)', 'VisualSTS(multi)', 'ZeroShotClassification', 'Compositionality', 'AudioClustering', 'AudioMultilabelClassification', 'AudioReranking', 'AudioZeroshotClassification', 'AudioClassification', 'AudioPairClassification', 'VideoClassification', 'VideoClustering', 'VideoMultilabelClassification', 'VideoPairClassification', 'VideoZeroshotClassification', 'VideoCentricQA')], prompt types [['query', 'document']], and task names\n"}
,{"stream_name":"stderr","time":721.423837509,"data":"Task name QuestionAnswering is not valid. Valid keys are task types [('BitextMining', 'Classification', 'MultilabelClassification', 'Clustering', 'PairClassification', 'Regression', 'Reranking', 'Retrieval', 'STS', 'Summarization', 'InstructionRetrieval', 'InstructionReranking', 'Any2AnyReranking', 'Any2AnyRetrieval', 'Any2AnyMultilingualRetrieval', 'VisionCentricQA', 'ImageClustering', 'ImageClassification', 'DocumentUnderstanding', 'VisualSTS(eng)', 'VisualSTS(multi)', 'ZeroShotClassification', 'Compositionality', 'AudioClustering', 'AudioMultilabelClassification', 'AudioReranking', 'AudioZeroshotClassification', 'AudioClassification', 'AudioPairClassification', 'VideoClassification', 'VideoClustering', 'VideoMultilabelClassification', 'VideoPairClassification', 'VideoZeroshotClassification', 'VideoCentricQA')], prompt types [['query', 'document']], and task names\n"}
,{"stream_name":"stderr","time":721.423844394,"data":"Task name CodeRetrieval is not valid. Valid keys are task types [('BitextMining', 'Classification', 'MultilabelClassification', 'Clustering', 'PairClassification', 'Regression', 'Reranking', 'Retrieval', 'STS', 'Summarization', 'InstructionRetrieval', 'InstructionReranking', 'Any2AnyReranking', 'Any2AnyRetrieval', 'Any2AnyMultilingualRetrieval', 'VisionCentricQA', 'ImageClustering', 'ImageClassification', 'DocumentUnderstanding', 'VisualSTS(eng)', 'VisualSTS(multi)', 'ZeroShotClassification', 'Compositionality', 'AudioClustering', 'AudioMultilabelClassification', 'AudioReranking', 'AudioZeroshotClassification', 'AudioClassification', 'AudioPairClassification', 'VideoClassification', 'VideoClustering', 'VideoMultilabelClassification', 'VideoPairClassification', 'VideoZeroshotClassification', 'VideoCentricQA')], prompt types [['query', 'document']], and task names\n"}
,{"stream_name":"stderr","time":721.423850599,"data":"Task name SearchQuery is not valid. Valid keys are task types [('BitextMining', 'Classification', 'MultilabelClassification', 'Clustering', 'PairClassification', 'Regression', 'Reranking', 'Retrieval', 'STS', 'Summarization', 'InstructionRetrieval', 'InstructionReranking', 'Any2AnyReranking', 'Any2AnyRetrieval', 'Any2AnyMultilingualRetrieval', 'VisionCentricQA', 'ImageClustering', 'ImageClassification', 'DocumentUnderstanding', 'VisualSTS(eng)', 'VisualSTS(multi)', 'ZeroShotClassification', 'Compositionality', 'AudioClustering', 'AudioMultilabelClassification', 'AudioReranking', 'AudioZeroshotClassification', 'AudioClassification', 'AudioPairClassification', 'VideoClassification', 'VideoClustering', 'VideoMultilabelClassification', 'VideoPairClassification', 'VideoZeroshotClassification', 'VideoCentricQA')], prompt types [['query', 'document']], and task names\n"}
,{"stream_name":"stderr","time":721.423859764,"data":"Task name Document is not valid. Valid keys are task types [('BitextMining', 'Classification', 'MultilabelClassification', 'Clustering', 'PairClassification', 'Regression', 'Reranking', 'Retrieval', 'STS', 'Summarization', 'InstructionRetrieval', 'InstructionReranking', 'Any2AnyReranking', 'Any2AnyRetrieval', 'Any2AnyMultilingualRetrieval', 'VisionCentricQA', 'ImageClustering', 'ImageClassification', 'DocumentUnderstanding', 'VisualSTS(eng)', 'VisualSTS(multi)', 'ZeroShotClassification', 'Compositionality', 'AudioClustering', 'AudioMultilabelClassification', 'AudioReranking', 'AudioZeroshotClassification', 'AudioClassification', 'AudioPairClassification', 'VideoClassification', 'VideoClustering', 'VideoMultilabelClassification', 'VideoPairClassification', 'VideoZeroshotClassification', 'VideoCentricQA')], prompt types [['query', 'document']], and task names\n"}
,{"stream_name":"stderr","time":721.423865808,"data":"  self.model_prompts = _resolve_model_prompts(self.model, model_prompts)\n"}
,{"stream_name":"stderr","time":721.42629667,"data":"The task 'Banking77Classification' is superseded by 'Banking77Classification.v2'. We recommend using the newer version of the task unless you are running a specific benchmark. See `get_task('Banking77Classification.v2').metadata.description` to get a description of the task and changes.\n"}
,{"stream_name":"stderr","time":721.426315263,"data":"\n"}
,{"stream_name":"stderr","time":721.426319413,"data":"The task 'Banking77Classification' is superseded by 'Banking77Classification.v2'. We recommend using the newer version of the task unless you are running a specific benchmark. See `get_task('Banking77Classification.v2').metadata.description` to get a description of the task and changes.\n"}
,{"stream_name":"stderr","time":721.551376881,"data":"/usr/local/lib/python3.13/dist-packages/mteb/evaluate.py:262: UserWarning: The task 'Banking77Classification' is superseded by 'Banking77Classification.v2'. We recommend using the newer version of the task unless you are running a specific benchmark. See `get_task('Banking77Classification.v2').metadata.description` to get a description of the task and changes.\n"}
,{"stream_name":"stderr","time":721.551404177,"data":"  task.check_if_dataset_is_superseded()\n"}
,{"stream_name":"stderr","time":721.551408868,"data":"\n"}
,{"stream_name":"stderr","time":721.551412237,"data":"/usr/local/lib/python3.13/dist-packages/mteb/evaluate.py:262: UserWarning: The task 'Banking77Classification' is superseded by 'Banking77Classification.v2'. We recommend using the newer version of the task unless you are running a specific benchmark. See `get_task('Banking77Classification.v2').metadata.description` to get a description of the task and changes.\n"}
,{"stream_name":"stderr","time":721.551416715,"data":"  task.check_if_dataset_is_superseded()\n"}
,{"stream_name":"stdout","time":821.369681149,"data":"Banking77Classification        main_score=0.9224 rev=0fd18e25\n"}
,{"stream_name":"stderr","time":821.370672413,"data":"/usr/local/lib/python3.13/dist-packages/mteb/models/model_meta.py:969: FutureWarning: The `get_sentence_embedding_dimension` method has been renamed to `get_embedding_dimension`.\n"}
,{"stream_name":"stderr","time":821.370698775,"data":"  embedding_dimensions = model.get_sentence_embedding_dimension()\n"}
,{"stream_name":"stderr","time":821.370710434,"data":"/usr/local/lib/python3.13/dist-packages/mteb/models/model_meta.py:929: FutureWarning: The `get_sentence_embedding_dimension` method has been renamed to `get_embedding_dimension`.\n"}
,{"stream_name":"stderr","time":821.370724687,"data":"  embed_dim=model.get_sentence_embedding_dimension(),\n"}
,{"stream_name":"stderr","time":821.370731155,"data":"Task name CodeRetrieval is not valid. Valid keys are task types [('BitextMining', 'Classification', 'MultilabelClassification', 'Clustering', 'PairClassification', 'Regression', 'Reranking', 'Retrieval', 'STS', 'Summarization', 'InstructionRetrieval', 'InstructionReranking', 'Any2AnyReranking', 'Any2AnyRetrieval', 'Any2AnyMultilingualRetrieval', 'VisionCentricQA', 'ImageClustering', 'ImageClassification', 'DocumentUnderstanding', 'VisualSTS(eng)', 'VisualSTS(multi)', 'ZeroShotClassification', 'Compositionality', 'AudioClustering', 'AudioMultilabelClassification', 'AudioReranking', 'AudioZeroshotClassification', 'AudioClassification', 'AudioPairClassification', 'VideoClassification', 'VideoClustering', 'VideoMultilabelClassification', 'VideoPairClassification', 'VideoZeroshotClassification', 'VideoCentricQA')], prompt types [['query', 'document']], and task names\n"}
,{"stream_name":"stderr","time":821.370738092,"data":"\n"}
,{"stream_name":"stderr","time":821.370740335,"data":"/usr/local/lib/python3.13/dist-packages/mteb/models/model_meta.py:969: FutureWarning: The `get_sentence_embedding_dimension` method has been renamed to `get_embedding_dimension`.\n"}
,{"stream_name":"stderr","time":821.370742912,"data":"  embedding_dimensions = model.get_sentence_embedding_dimension()\n"}
,{"stream_name":"stderr","time":821.370745168,"data":"/usr/local/lib/python3.13/dist-packages/mteb/models/model_meta.py:929: FutureWarning: The `get_sentence_embedding_dimension` method has been renamed to `get_embedding_dimension`.\n"}
,{"stream_name":"stderr","time":821.370747638,"data":"  embed_dim=model.get_sentence_embedding_dimension(),\n"}
,{"stream_name":"stderr","time":821.370750797,"data":"Task name CodeRetrieval is not valid. Valid keys are task types [('BitextMining', 'Classification', 'MultilabelClassification', 'Clustering', 'PairClassification', 'Regression', 'Reranking', 'Retrieval', 'STS', 'Summarization', 'InstructionRetrieval', 'InstructionReranking', 'Any2AnyReranking', 'Any2AnyRetrieval', 'Any2AnyMultilingualRetrieval', 'VisionCentricQA', 'ImageClustering', 'ImageClassification', 'DocumentUnderstanding', 'VisualSTS(eng)', 'VisualSTS(multi)', 'ZeroShotClassification', 'Compositionality', 'AudioClustering', 'AudioMultilabelClassification', 'AudioReranking', 'AudioZeroshotClassification', 'AudioClassification', 'AudioPairClassification', 'VideoClassification', 'VideoClustering', 'VideoMultilabelClassification', 'VideoPairClassification', 'VideoZeroshotClassification', 'VideoCentricQA')], prompt types [['query', 'document']], and task names\n"}
,{"stream_name":"stderr","time":821.379901045,"data":"/usr/local/lib/python3.13/dist-packages/mteb/models/sentence_transformer_wrapper.py:150: UserWarning: Task name CodeRetrieval is not valid. Valid keys are task types [('BitextMining', 'Classification', 'MultilabelClassification', 'Clustering', 'PairClassification', 'Regression', 'Reranking', 'Retrieval', 'STS', 'Summarization', 'InstructionRetrieval', 'InstructionReranking', 'Any2AnyReranking', 'Any2AnyRetrieval', 'Any2AnyMultilingualRetrieval', 'VisionCentricQA', 'ImageClustering', 'ImageClassification', 'DocumentUnderstanding', 'VisualSTS(eng)', 'VisualSTS(multi)', 'ZeroShotClassification', 'Compositionality', 'AudioClustering', 'AudioMultilabelClassification', 'AudioReranking', 'AudioZeroshotClassification', 'AudioClassification', 'AudioPairClassification', 'VideoClassification', 'VideoClustering', 'VideoMultilabelClassification', 'VideoPairClassification', 'VideoZeroshotClassification', 'VideoCentricQA')], prompt types [['query', 'document']], and task names\n"}
,{"stream_name":"stderr","time":821.379923481,"data":"  resolved_prompts, invalid_prompts = AbsEncoder.validate_task_to_prompt_name(\n"}
,{"stream_name":"stderr","time":821.37992901,"data":"Task name Document is not valid. Valid keys are task types [('BitextMining', 'Classification', 'MultilabelClassification', 'Clustering', 'PairClassification', 'Regression', 'Reranking', 'Retrieval', 'STS', 'Summarization', 'InstructionRetrieval', 'InstructionReranking', 'Any2AnyReranking', 'Any2AnyRetrieval', 'Any2AnyMultilingualRetrieval', 'VisionCentricQA', 'ImageClustering', 'ImageClassification', 'DocumentUnderstanding', 'VisualSTS(eng)', 'VisualSTS(multi)', 'ZeroShotClassification', 'Compositionality', 'AudioClustering', 'AudioMultilabelClassification', 'AudioReranking', 'AudioZeroshotClassification', 'AudioClassification', 'AudioPairClassification', 'VideoClassification', 'VideoClustering', 'VideoMultilabelClassification', 'VideoPairClassification', 'VideoZeroshotClassification', 'VideoCentricQA')], prompt types [['query', 'document']], and task names\n"}
,{"stream_name":"stderr","time":821.379963898,"data":"\n"}
,{"stream_name":"stderr","time":821.379969735,"data":"/usr/local/lib/python3.13/dist-packages/mteb/models/sentence_transformer_wrapper.py:150: UserWarning: Task name CodeRetrieval is not valid. Valid keys are task types [('BitextMining', 'Classification', 'MultilabelClassification', 'Clustering', 'PairClassification', 'Regression', 'Reranking', 'Retrieval', 'STS', 'Summarization', 'InstructionRetrieval', 'InstructionReranking', 'Any2AnyReranking', 'Any2AnyRetrieval', 'Any2AnyMultilingualRetrieval', 'VisionCentricQA', 'ImageClustering', 'ImageClassification', 'DocumentUnderstanding', 'VisualSTS(eng)', 'VisualSTS(multi)', 'ZeroShotClassification', 'Compositionality', 'AudioClustering', 'AudioMultilabelClassification', 'AudioReranking', 'AudioZeroshotClassification', 'AudioClassification', 'AudioPairClassification', 'VideoClassification', 'VideoClustering', 'VideoMultilabelClassification', 'VideoPairClassification', 'VideoZeroshotClassification', 'VideoCentricQA')], prompt types [['query', 'document']], and task names\n"}
,{"stream_name":"stderr","time":821.379976068,"data":"  resolved_prompts, invalid_prompts = AbsEncoder.validate_task_to_prompt_name(\n"}
,{"stream_name":"stderr","time":821.379980274,"data":"Task name Document is not valid. Valid keys are task types [('BitextMining', 'Classification', 'MultilabelClassification', 'Clustering', 'PairClassification', 'Regression', 'Reranking', 'Retrieval', 'STS', 'Summarization', 'InstructionRetrieval', 'InstructionReranking', 'Any2AnyReranking', 'Any2AnyRetrieval', 'Any2AnyMultilingualRetrieval', 'VisionCentricQA', 'ImageClustering', 'ImageClassification', 'DocumentUnderstanding', 'VisualSTS(eng)', 'VisualSTS(multi)', 'ZeroShotClassification', 'Compositionality', 'AudioClustering', 'AudioMultilabelClassification', 'AudioReranking', 'AudioZeroshotClassification', 'AudioClassification', 'AudioPairClassification', 'VideoClassification', 'VideoClustering', 'VideoMultilabelClassification', 'VideoPairClassification', 'VideoZeroshotClassification', 'VideoCentricQA')], prompt types [['query', 'document']], and task names\n"}
,{"stream_name":"stderr","time":821.39289826,"data":"/usr/local/lib/python3.13/dist-packages/mteb/models/sentence_transformer_wrapper.py:150: UserWarning: Task name Document is not valid. Valid keys are task types [('BitextMining', 'Classification', 'MultilabelClassification', 'Clustering', 'PairClassification', 'Regression', 'Reranking', 'Retrieval', 'STS', 'Summarization', 'InstructionRetrieval', 'InstructionReranking', 'Any2AnyReranking', 'Any2AnyRetrieval', 'Any2AnyMultilingualRetrieval', 'VisionCentricQA', 'ImageClustering', 'ImageClassification', 'DocumentUnderstanding', 'VisualSTS(eng)', 'VisualSTS(multi)', 'ZeroShotClassification', 'Compositionality', 'AudioClustering', 'AudioMultilabelClassification', 'AudioReranking', 'AudioZeroshotClassification', 'AudioClassification', 'AudioPairClassification', 'VideoClassification', 'VideoClustering', 'VideoMultilabelClassification', 'VideoPairClassification', 'VideoZeroshotClassification', 'VideoCentricQA')], prompt types [['query', 'document']], and task names\n"}
,{"stream_name":"stderr","time":821.392930996,"data":"  resolved_prompts, invalid_prompts = AbsEncoder.validate_task_to_prompt_name(\n"}
,{"stream_name":"stderr","time":821.392936598,"data":"Task name FactChecking is not valid. Valid keys are task types [('BitextMining', 'Classification', 'MultilabelClassification', 'Clustering', 'PairClassification', 'Regression', 'Reranking', 'Retrieval', 'STS', 'Summarization', 'InstructionRetrieval', 'InstructionReranking', 'Any2AnyReranking', 'Any2AnyRetrieval', 'Any2AnyMultilingualRetrieval', 'VisionCentricQA', 'ImageClustering', 'ImageClassification', 'DocumentUnderstanding', 'VisualSTS(eng)', 'VisualSTS(multi)', 'ZeroShotClassification', 'Compositionality', 'AudioClustering', 'AudioMultilabelClassification', 'AudioReranking', 'AudioZeroshotClassification', 'AudioClassification', 'AudioPairClassification', 'VideoClassification', 'VideoClustering', 'VideoMultilabelClassification', 'VideoPairClassification', 'VideoZeroshotClassification', 'VideoCentricQA')], prompt types [['query', 'document']], and task names\n"}
,{"stream_name":"stderr","time":821.392942542,"data":"\n"}
,{"stream_name":"stderr","time":821.392948155,"data":"/usr/local/lib/python3.13/dist-packages/mteb/models/sentence_transformer_wrapper.py:150: UserWarning: Task name Document is not valid. Valid keys are task types [('BitextMining', 'Classification', 'MultilabelClassification', 'Clustering', 'PairClassification', 'Regression', 'Reranking', 'Retrieval', 'STS', 'Summarization', 'InstructionRetrieval', 'InstructionReranking', 'Any2AnyReranking', 'Any2AnyRetrieval', 'Any2AnyMultilingualRetrieval', 'VisionCentricQA', 'ImageClustering', 'ImageClassification', 'DocumentUnderstanding', 'VisualSTS(eng)', 'VisualSTS(multi)', 'ZeroShotClassification', 'Compositionality', 'AudioClustering', 'AudioMultilabelClassification', 'AudioReranking', 'AudioZeroshotClassification', 'AudioClassification', 'AudioPairClassification', 'VideoClassification', 'VideoClustering', 'VideoMultilabelClassification', 'VideoPairClassification', 'VideoZeroshotClassification', 'VideoCentricQA')], prompt types [['query', 'document']], and task names\n"}
,{"stream_name":"stderr","time":821.392955527,"data":"  resolved_prompts, invalid_prompts = AbsEncoder.validate_task_to_prompt_name(\n"}
,{"stream_name":"stderr","time":821.392959782,"data":"Task name FactChecking is not valid. Valid keys are task types [('BitextMining', 'Classification', 'MultilabelClassification', 'Clustering', 'PairClassification', 'Regression', 'Reranking', 'Retrieval', 'STS', 'Summarization', 'InstructionRetrieval', 'InstructionReranking', 'Any2AnyReranking', 'Any2AnyRetrieval', 'Any2AnyMultilingualRetrieval', 'VisionCentricQA', 'ImageClustering', 'ImageClassification', 'DocumentUnderstanding', 'VisualSTS(eng)', 'VisualSTS(multi)', 'ZeroShotClassification', 'Compositionality', 'AudioClustering', 'AudioMultilabelClassification', 'AudioReranking', 'AudioZeroshotClassification', 'AudioClassification', 'AudioPairClassification', 'VideoClassification', 'VideoClustering', 'VideoMultilabelClassification', 'VideoPairClassification', 'VideoZeroshotClassification', 'VideoCentricQA')], prompt types [['query', 'document']], and task names\n"}
,{"stream_name":"stderr","time":821.393783768,"data":"/usr/local/lib/python3.13/dist-packages/mteb/models/sentence_transformer_wrapper.py:150: UserWarning: Task name FactChecking is not valid. Valid keys are task types [('BitextMining', 'Classification', 'MultilabelClassification', 'Clustering', 'PairClassification', 'Regression', 'Reranking', 'Retrieval', 'STS', 'Summarization', 'InstructionRetrieval', 'InstructionReranking', 'Any2AnyReranking', 'Any2AnyRetrieval', 'Any2AnyMultilingualRetrieval', 'VisionCentricQA', 'ImageClustering', 'ImageClassification', 'DocumentUnderstanding', 'VisualSTS(eng)', 'VisualSTS(multi)', 'ZeroShotClassification', 'Compositionality', 'AudioClustering', 'AudioMultilabelClassification', 'AudioReranking', 'AudioZeroshotClassification', 'AudioClassification', 'AudioPairClassification', 'VideoClassification', 'VideoClustering', 'VideoMultilabelClassification', 'VideoPairClassification', 'VideoZeroshotClassification', 'VideoCentricQA')], prompt types [['query', 'document']], and task names\n"}
,{"stream_name":"stderr","time":821.393807209,"data":"  resolved_prompts, invalid_prompts = AbsEncoder.validate_task_to_prompt_name(\n"}
,{"stream_name":"stderr","time":821.393812034,"data":"Task name QuestionAnswering is not valid. Valid keys are task types [('BitextMining', 'Classification', 'MultilabelClassification', 'Clustering', 'PairClassification', 'Regression', 'Reranking', 'Retrieval', 'STS', 'Summarization', 'InstructionRetrieval', 'InstructionReranking', 'Any2AnyReranking', 'Any2AnyRetrieval', 'Any2AnyMultilingualRetrieval', 'VisionCentricQA', 'ImageClustering', 'ImageClassification', 'DocumentUnderstanding', 'VisualSTS(eng)', 'VisualSTS(multi)', 'ZeroShotClassification', 'Compositionality', 'AudioClustering', 'AudioMultilabelClassification', 'AudioReranking', 'AudioZeroshotClassification', 'AudioClassification', 'AudioPairClassification', 'VideoClassification', 'VideoClustering', 'VideoMultilabelClassification', 'VideoPairClassification', 'VideoZeroshotClassification', 'VideoCentricQA')], prompt types [['query', 'document']], and task names\n"}
,{"stream_name":"stderr","time":821.393818588,"data":"\n"}
,{"stream_name":"stderr","time":821.393823522,"data":"/usr/local/lib/python3.13/dist-packages/mteb/models/sentence_transformer_wrapper.py:150: UserWarning: Task name FactChecking is not valid. Valid keys are task types [('BitextMining', 'Classification', 'MultilabelClassification', 'Clustering', 'PairClassification', 'Regression', 'Reranking', 'Retrieval', 'STS', 'Summarization', 'InstructionRetrieval', 'InstructionReranking', 'Any2AnyReranking', 'Any2AnyRetrieval', 'Any2AnyMultilingualRetrieval', 'VisionCentricQA', 'ImageClustering', 'ImageClassification', 'DocumentUnderstanding', 'VisualSTS(eng)', 'VisualSTS(multi)', 'ZeroShotClassification', 'Compositionality', 'AudioClustering', 'AudioMultilabelClassification', 'AudioReranking', 'AudioZeroshotClassification', 'AudioClassification', 'AudioPairClassification', 'VideoClassification', 'VideoClustering', 'VideoMultilabelClassification', 'VideoPairClassification', 'VideoZeroshotClassification', 'VideoCentricQA')], prompt types [['query', 'document']], and task names\n"}
,{"stream_name":"stderr","time":821.393830398,"data":"  resolved_prompts, invalid_prompts = AbsEncoder.validate_task_to_prompt_name(\n"}
,{"stream_name":"stderr","time":821.393835244,"data":"Task name QuestionAnswering is not valid. Valid keys are task types [('BitextMining', 'Classification', 'MultilabelClassification', 'Clustering', 'PairClassification', 'Regression', 'Reranking', 'Retrieval', 'STS', 'Summarization', 'InstructionRetrieval', 'InstructionReranking', 'Any2AnyReranking', 'Any2AnyRetrieval', 'Any2AnyMultilingualRetrieval', 'VisionCentricQA', 'ImageClustering', 'ImageClassification', 'DocumentUnderstanding', 'VisualSTS(eng)', 'VisualSTS(multi)', 'ZeroShotClassification', 'Compositionality', 'AudioClustering', 'AudioMultilabelClassification', 'AudioReranking', 'AudioZeroshotClassification', 'AudioClassification', 'AudioPairClassification', 'VideoClassification', 'VideoClustering', 'VideoMultilabelClassification', 'VideoPairClassification', 'VideoZeroshotClassification', 'VideoCentricQA')], prompt types [['query', 'document']], and task names\n"}
,{"stream_name":"stderr","time":821.411441118,"data":"/usr/local/lib/python3.13/dist-packages/mteb/models/sentence_transformer_wrapper.py:150: UserWarning: Task name QuestionAnswering is not valid. Valid keys are task types [('BitextMining', 'Classification', 'MultilabelClassification', 'Clustering', 'PairClassification', 'Regression', 'Reranking', 'Retrieval', 'STS', 'Summarization', 'InstructionRetrieval', 'InstructionReranking', 'Any2AnyReranking', 'Any2AnyRetrieval', 'Any2AnyMultilingualRetrieval', 'VisionCentricQA', 'ImageClustering', 'ImageClassification', 'DocumentUnderstanding', 'VisualSTS(eng)', 'VisualSTS(multi)', 'ZeroShotClassification', 'Compositionality', 'AudioClustering', 'AudioMultilabelClassification', 'AudioReranking', 'AudioZeroshotClassification', 'AudioClassification', 'AudioPairClassification', 'VideoClassification', 'VideoClustering', 'VideoMultilabelClassification', 'VideoPairClassification', 'VideoZeroshotClassification', 'VideoCentricQA')], prompt types [['query', 'document']], and task names\n"}
,{"stream_name":"stderr","time":821.411469337,"data":"  resolved_prompts, invalid_prompts = AbsEncoder.validate_task_to_prompt_name(\n"}
,{"stream_name":"stderr","time":821.411474406,"data":"Task name SearchQuery is not valid. Valid keys are task types [('BitextMining', 'Classification', 'MultilabelClassification', 'Clustering', 'PairClassification', 'Regression', 'Reranking', 'Retrieval', 'STS', 'Summarization', 'InstructionRetrieval', 'InstructionReranking', 'Any2AnyReranking', 'Any2AnyRetrieval', 'Any2AnyMultilingualRetrieval', 'VisionCentricQA', 'ImageClustering', 'ImageClassification', 'DocumentUnderstanding', 'VisualSTS(eng)', 'VisualSTS(multi)', 'ZeroShotClassification', 'Compositionality', 'AudioClustering', 'AudioMultilabelClassification', 'AudioReranking', 'AudioZeroshotClassification', 'AudioClassification', 'AudioPairClassification', 'VideoClassification', 'VideoClustering', 'VideoMultilabelClassification', 'VideoPairClassification', 'VideoZeroshotClassification', 'VideoCentricQA')], prompt types [['query', 'document']], and task names\n"}
,{"stream_name":"stderr","time":821.41148029,"data":"\n"}
,{"stream_name":"stderr","time":821.41148495,"data":"/usr/local/lib/python3.13/dist-packages/mteb/models/sentence_transformer_wrapper.py:150: UserWarning: Task name QuestionAnswering is not valid. Valid keys are task types [('BitextMining', 'Classification', 'MultilabelClassification', 'Clustering', 'PairClassification', 'Regression', 'Reranking', 'Retrieval', 'STS', 'Summarization', 'InstructionRetrieval', 'InstructionReranking', 'Any2AnyReranking', 'Any2AnyRetrieval', 'Any2AnyMultilingualRetrieval', 'VisionCentricQA', 'ImageClustering', 'ImageClassification', 'DocumentUnderstanding', 'VisualSTS(eng)', 'VisualSTS(multi)', 'ZeroShotClassification', 'Compositionality', 'AudioClustering', 'AudioMultilabelClassification', 'AudioReranking', 'AudioZeroshotClassification', 'AudioClassification', 'AudioPairClassification', 'VideoClassification', 'VideoClustering', 'VideoMultilabelClassification', 'VideoPairClassification', 'VideoZeroshotClassification', 'VideoCentricQA')], prompt types [['query', 'document']], and task names\n"}
,{"stream_name":"stderr","time":821.411490827,"data":"  resolved_prompts, invalid_prompts = AbsEncoder.validate_task_to_prompt_name(\n"}
,{"stream_name":"stderr","time":821.411494527,"data":"Task name SearchQuery is not valid. Valid keys are task types [('BitextMining', 'Classification', 'MultilabelClassification', 'Clustering', 'PairClassification', 'Regression', 'Reranking', 'Retrieval', 'STS', 'Summarization', 'InstructionRetrieval', 'InstructionReranking', 'Any2AnyReranking', 'Any2AnyRetrieval', 'Any2AnyMultilingualRetrieval', 'VisionCentricQA', 'ImageClustering', 'ImageClassification', 'DocumentUnderstanding', 'VisualSTS(eng)', 'VisualSTS(multi)', 'ZeroShotClassification', 'Compositionality', 'AudioClustering', 'AudioMultilabelClassification', 'AudioReranking', 'AudioZeroshotClassification', 'AudioClassification', 'AudioPairClassification', 'VideoClassification', 'VideoClustering', 'VideoMultilabelClassification', 'VideoPairClassification', 'VideoZeroshotClassification', 'VideoCentricQA')], prompt types [['query', 'document']], and task names\n"}
,{"stream_name":"stderr","time":821.416190629,"data":"/usr/local/lib/python3.13/dist-packages/mteb/models/sentence_transformer_wrapper.py:150: UserWarning: Task name SearchQuery is not valid. Valid keys are task types [('BitextMining', 'Classification', 'MultilabelClassification', 'Clustering', 'PairClassification', 'Regression', 'Reranking', 'Retrieval', 'STS', 'Summarization', 'InstructionRetrieval', 'InstructionReranking', 'Any2AnyReranking', 'Any2AnyRetrieval', 'Any2AnyMultilingualRetrieval', 'VisionCentricQA', 'ImageClustering', 'ImageClassification', 'DocumentUnderstanding', 'VisualSTS(eng)', 'VisualSTS(multi)', 'ZeroShotClassification', 'Compositionality', 'AudioClustering', 'AudioMultilabelClassification', 'AudioReranking', 'AudioZeroshotClassification', 'AudioClassification', 'AudioPairClassification', 'VideoClassification', 'VideoClustering', 'VideoMultilabelClassification', 'VideoPairClassification', 'VideoZeroshotClassification', 'VideoCentricQA')], prompt types [['query', 'document']], and task names\n"}
,{"stream_name":"stderr","time":821.416216358,"data":"  resolved_prompts, invalid_prompts = AbsEncoder.validate_task_to_prompt_name(\n"}
,{"stream_name":"stderr","time":821.416220838,"data":"Task name SentenceSimilarity is not valid. Valid keys are task types [('BitextMining', 'Classification', 'MultilabelClassification', 'Clustering', 'PairClassification', 'Regression', 'Reranking', 'Retrieval', 'STS', 'Summarization', 'InstructionRetrieval', 'InstructionReranking', 'Any2AnyReranking', 'Any2AnyRetrieval', 'Any2AnyMultilingualRetrieval', 'VisionCentricQA', 'ImageClustering', 'ImageClassification', 'DocumentUnderstanding', 'VisualSTS(eng)', 'VisualSTS(multi)', 'ZeroShotClassification', 'Compositionality', 'AudioClustering', 'AudioMultilabelClassification', 'AudioReranking', 'AudioZeroshotClassification', 'AudioClassification', 'AudioPairClassification', 'VideoClassification', 'VideoClustering', 'VideoMultilabelClassification', 'VideoPairClassification', 'VideoZeroshotClassification', 'VideoCentricQA')], prompt types [['query', 'document']], and task names\n"}
,{"stream_name":"stderr","time":821.416226826,"data":"\n"}
,{"stream_name":"stderr","time":821.416231295,"data":"/usr/local/lib/python3.13/dist-packages/mteb/models/sentence_transformer_wrapper.py:150: UserWarning: Task name SearchQuery is not valid. Valid keys are task types [('BitextMining', 'Classification', 'MultilabelClassification', 'Clustering', 'PairClassification', 'Regression', 'Reranking', 'Retrieval', 'STS', 'Summarization', 'InstructionRetrieval', 'InstructionReranking', 'Any2AnyReranking', 'Any2AnyRetrieval', 'Any2AnyMultilingualRetrieval', 'VisionCentricQA', 'ImageClustering', 'ImageClassification', 'DocumentUnderstanding', 'VisualSTS(eng)', 'VisualSTS(multi)', 'ZeroShotClassification', 'Compositionality', 'AudioClustering', 'AudioMultilabelClassification', 'AudioReranking', 'AudioZeroshotClassification', 'AudioClassification', 'AudioPairClassification', 'VideoClassification', 'VideoClustering', 'VideoMultilabelClassification', 'VideoPairClassification', 'VideoZeroshotClassification', 'VideoCentricQA')], prompt types [['query', 'document']], and task names\n"}
,{"stream_name":"stderr","time":821.416236955,"data":"  resolved_prompts, invalid_prompts = AbsEncoder.validate_task_to_prompt_name(\n"}
,{"stream_name":"stderr","time":821.416240693,"data":"Task name SentenceSimilarity is not valid. Valid keys are task types [('BitextMining', 'Classification', 'MultilabelClassification', 'Clustering', 'PairClassification', 'Regression', 'Reranking', 'Retrieval', 'STS', 'Summarization', 'InstructionRetrieval', 'InstructionReranking', 'Any2AnyReranking', 'Any2AnyRetrieval', 'Any2AnyMultilingualRetrieval', 'VisionCentricQA', 'ImageClustering', 'ImageClassification', 'DocumentUnderstanding', 'VisualSTS(eng)', 'VisualSTS(multi)', 'ZeroShotClassification', 'Compositionality', 'AudioClustering', 'AudioMultilabelClassification', 'AudioReranking', 'AudioZeroshotClassification', 'AudioClassification', 'AudioPairClassification', 'VideoClassification', 'VideoClustering', 'VideoMultilabelClassification', 'VideoPairClassification', 'VideoZeroshotClassification', 'VideoCentricQA')], prompt types [['query', 'document']], and task names\n"}
,{"stream_name":"stderr","time":821.417100207,"data":"/usr/local/lib/python3.13/dist-packages/mteb/models/sentence_transformer_wrapper.py:150: UserWarning: Task name SentenceSimilarity is not valid. Valid keys are task types [('BitextMining', 'Classification', 'MultilabelClassification', 'Clustering', 'PairClassification', 'Regression', 'Reranking', 'Retrieval', 'STS', 'Summarization', 'InstructionRetrieval', 'InstructionReranking', 'Any2AnyReranking', 'Any2AnyRetrieval', 'Any2AnyMultilingualRetrieval', 'VisionCentricQA', 'ImageClustering', 'ImageClassification', 'DocumentUnderstanding', 'VisualSTS(eng)', 'VisualSTS(multi)', 'ZeroShotClassification', 'Compositionality', 'AudioClustering', 'AudioMultilabelClassification', 'AudioReranking', 'AudioZeroshotClassification', 'AudioClassification', 'AudioPairClassification', 'VideoClassification', 'VideoClustering', 'VideoMultilabelClassification', 'VideoPairClassification', 'VideoZeroshotClassification', 'VideoCentricQA')], prompt types [['query', 'document']], and task names\n"}
,{"stream_name":"stderr","time":821.417127626,"data":"  resolved_prompts, invalid_prompts = AbsEncoder.validate_task_to_prompt_name(\n"}
,{"stream_name":"stderr","time":821.417137746,"data":"Some prompts are not in the expected format and will be ignored. Problems:\n"}
,{"stream_name":"stderr","time":821.417141542,"data":"\n"}
,{"stream_name":"stderr","time":821.417144821,"data":"Task name SentenceSimilarity is not valid. Valid keys are task types [('BitextMining', 'Classification', 'MultilabelClassification', 'Clustering', 'PairClassification', 'Regression', 'Reranking', 'Retrieval', 'STS', 'Summarization', 'InstructionRetrieval', 'InstructionReranking', 'Any2AnyReranking', 'Any2AnyRetrieval', 'Any2AnyMultilingualRetrieval', 'VisionCentricQA', 'ImageClustering', 'ImageClassification', 'DocumentUnderstanding', 'VisualSTS(eng)', 'VisualSTS(multi)', 'ZeroShotClassification', 'Compositionality', 'AudioClustering', 'AudioMultilabelClassification', 'AudioReranking', 'AudioZeroshotClassification', 'AudioClassification', 'AudioPairClassification', 'VideoClassification', 'VideoClustering', 'VideoMultilabelClassification', 'VideoPairClassification', 'VideoZeroshotClassification', 'VideoCentricQA')], prompt types [['query', 'document']], and task names\n"}
,{"stream_name":"stderr","time":821.417156532,"data":"Task name FactChecking is not valid. Valid keys are task types [('BitextMining', 'Classification', 'MultilabelClassification', 'Clustering', 'PairClassification', 'Regression', 'Reranking', 'Retrieval', 'STS', 'Summarization', 'InstructionRetrieval', 'InstructionReranking', 'Any2AnyReranking', 'Any2AnyRetrieval', 'Any2AnyMultilingualRetrieval', 'VisionCentricQA', 'ImageClustering', 'ImageClassification', 'DocumentUnderstanding', 'VisualSTS(eng)', 'VisualSTS(multi)', 'ZeroShotClassification', 'Compositionality', 'AudioClustering', 'AudioMultilabelClassification', 'AudioReranking', 'AudioZeroshotClassification', 'AudioClassification', 'AudioPairClassification', 'VideoClassification', 'VideoClustering', 'VideoMultilabelClassification', 'VideoPairClassification', 'VideoZeroshotClassification', 'VideoCentricQA')], prompt types [['query', 'document']], and task names\n"}
,{"stream_name":"stderr","time":821.4171605,"data":"Task name QuestionAnswering is not valid. Valid keys are task types [('BitextMining', 'Classification', 'MultilabelClassification', 'Clustering', 'PairClassification', 'Regression', 'Reranking', 'Retrieval', 'STS', 'Summarization', 'InstructionRetrieval', 'InstructionReranking', 'Any2AnyReranking', 'Any2AnyRetrieval', 'Any2AnyMultilingualRetrieval', 'VisionCentricQA', 'ImageClustering', 'ImageClassification', 'DocumentUnderstanding', 'VisualSTS(eng)', 'VisualSTS(multi)', 'ZeroShotClassification', 'Compositionality', 'AudioClustering', 'AudioMultilabelClassification', 'AudioReranking', 'AudioZeroshotClassification', 'AudioClassification', 'AudioPairClassification', 'VideoClassification', 'VideoClustering', 'VideoMultilabelClassification', 'VideoPairClassification', 'VideoZeroshotClassification', 'VideoCentricQA')], prompt types [['query', 'document']], and task names\n"}
,{"stream_name":"stderr","time":821.417170116,"data":"Task name CodeRetrieval is not valid. Valid keys are task types [('BitextMining', 'Classification', 'MultilabelClassification', 'Clustering', 'PairClassification', 'Regression', 'Reranking', 'Retrieval', 'STS', 'Summarization', 'InstructionRetrieval', 'InstructionReranking', 'Any2AnyReranking', 'Any2AnyRetrieval', 'Any2AnyMultilingualRetrieval', 'VisionCentricQA', 'ImageClustering', 'ImageClassification', 'DocumentUnderstanding', 'VisualSTS(eng)', 'VisualSTS(multi)', 'ZeroShotClassification', 'Compositionality', 'AudioClustering', 'AudioMultilabelClassification', 'AudioReranking', 'AudioZeroshotClassification', 'AudioClassification', 'AudioPairClassification', 'VideoClassification', 'VideoClustering', 'VideoMultilabelClassification', 'VideoPairClassification', 'VideoZeroshotClassification', 'VideoCentricQA')], prompt types [['query', 'document']], and task names\n"}
,{"stream_name":"stderr","time":821.417173764,"data":"Task name SearchQuery is not valid. Valid keys are task types [('BitextMining', 'Classification', 'MultilabelClassification', 'Clustering', 'PairClassification', 'Regression', 'Reranking', 'Retrieval', 'STS', 'Summarization', 'InstructionRetrieval', 'InstructionReranking', 'Any2AnyReranking', 'Any2AnyRetrieval', 'Any2AnyMultilingualRetrieval', 'VisionCentricQA', 'ImageClustering', 'ImageClassification', 'DocumentUnderstanding', 'VisualSTS(eng)', 'VisualSTS(multi)', 'ZeroShotClassification', 'Compositionality', 'AudioClustering', 'AudioMultilabelClassification', 'AudioReranking', 'AudioZeroshotClassification', 'AudioClassification', 'AudioPairClassification', 'VideoClassification', 'VideoClustering', 'VideoMultilabelClassification', 'VideoPairClassification', 'VideoZeroshotClassification', 'VideoCentricQA')], prompt types [['query', 'document']], and task names\n"}
,{"stream_name":"stderr","time":821.417177603,"data":"Task name Document is not valid. Valid keys are task types [('BitextMining', 'Classification', 'MultilabelClassification', 'Clustering', 'PairClassification', 'Regression', 'Reranking', 'Retrieval', 'STS', 'Summarization', 'InstructionRetrieval', 'InstructionReranking', 'Any2AnyReranking', 'Any2AnyRetrieval', 'Any2AnyMultilingualRetrieval', 'VisionCentricQA', 'ImageClustering', 'ImageClassification', 'DocumentUnderstanding', 'VisualSTS(eng)', 'VisualSTS(multi)', 'ZeroShotClassification', 'Compositionality', 'AudioClustering', 'AudioMultilabelClassification', 'AudioReranking', 'AudioZeroshotClassification', 'AudioClassification', 'AudioPairClassification', 'VideoClassification', 'VideoClustering', 'VideoMultilabelClassification', 'VideoPairClassification', 'VideoZeroshotClassification', 'VideoCentricQA')], prompt types [['query', 'document']], and task names\n"}
,{"stream_name":"stderr","time":821.417181071,"data":"\n"}
,{"stream_name":"stderr","time":821.417183142,"data":"/usr/local/lib/python3.13/dist-packages/mteb/models/sentence_transformer_wrapper.py:150: UserWarning: Task name SentenceSimilarity is not valid. Valid keys are task types [('BitextMining', 'Classification', 'MultilabelClassification', 'Clustering', 'PairClassification', 'Regression', 'Reranking', 'Retrieval', 'STS', 'Summarization', 'InstructionRetrieval', 'InstructionReranking', 'Any2AnyReranking', 'Any2AnyRetrieval', 'Any2AnyMultilingualRetrieval', 'VisionCentricQA', 'ImageClustering', 'ImageClassification', 'DocumentUnderstanding', 'VisualSTS(eng)', 'VisualSTS(multi)', 'ZeroShotClassification', 'Compositionality', 'AudioClustering', 'AudioMultilabelClassification', 'AudioReranking', 'AudioZeroshotClassification', 'AudioClassification', 'AudioPairClassification', 'VideoClassification', 'VideoClustering', 'VideoMultilabelClassification', 'VideoPairClassification', 'VideoZeroshotClassification', 'VideoCentricQA')], prompt types [['query', 'document']], and task names\n"}
,{"stream_name":"stderr","time":821.41718887,"data":"  resolved_prompts, invalid_prompts = AbsEncoder.validate_task_to_prompt_name(\n"}
,{"stream_name":"stderr","time":821.417191153,"data":"Some prompts are not in the expected format and will be ignored. Problems:\n"}
,{"stream_name":"stderr","time":821.417193353,"data":"\n"}
,{"stream_name":"stderr","time":821.4171956,"data":"Task name SentenceSimilarity is not valid. Valid keys are task types [('BitextMining', 'Classification', 'MultilabelClassification', 'Clustering', 'PairClassification', 'Regression', 'Reranking', 'Retrieval', 'STS', 'Summarization', 'InstructionRetrieval', 'InstructionReranking', 'Any2AnyReranking', 'Any2AnyRetrieval', 'Any2AnyMultilingualRetrieval', 'VisionCentricQA', 'ImageClustering', 'ImageClassification', 'DocumentUnderstanding', 'VisualSTS(eng)', 'VisualSTS(multi)', 'ZeroShotClassification', 'Compositionality', 'AudioClustering', 'AudioMultilabelClassification', 'AudioReranking', 'AudioZeroshotClassification', 'AudioClassification', 'AudioPairClassification', 'VideoClassification', 'VideoClustering', 'VideoMultilabelClassification', 'VideoPairClassification', 'VideoZeroshotClassification', 'VideoCentricQA')], prompt types [['query', 'document']], and task names\n"}
,{"stream_name":"stderr","time":821.417199272,"data":"Task name FactChecking is not valid. Valid keys are task types [('BitextMining', 'Classification', 'MultilabelClassification', 'Clustering', 'PairClassification', 'Regression', 'Reranking', 'Retrieval', 'STS', 'Summarization', 'InstructionRetrieval', 'InstructionReranking', 'Any2AnyReranking', 'Any2AnyRetrieval', 'Any2AnyMultilingualRetrieval', 'VisionCentricQA', 'ImageClustering', 'ImageClassification', 'DocumentUnderstanding', 'VisualSTS(eng)', 'VisualSTS(multi)', 'ZeroShotClassification', 'Compositionality', 'AudioClustering', 'AudioMultilabelClassification', 'AudioReranking', 'AudioZeroshotClassification', 'AudioClassification', 'AudioPairClassification', 'VideoClassification', 'VideoClustering', 'VideoMultilabelClassification', 'VideoPairClassification', 'VideoZeroshotClassification', 'VideoCentricQA')], prompt types [['query', 'document']], and task names\n"}
,{"stream_name":"stderr","time":821.417202739,"data":"Task name QuestionAnswering is not valid. Valid keys are task types [('BitextMining', 'Classification', 'MultilabelClassification', 'Clustering', 'PairClassification', 'Regression', 'Reranking', 'Retrieval', 'STS', 'Summarization', 'InstructionRetrieval', 'InstructionReranking', 'Any2AnyReranking', 'Any2AnyRetrieval', 'Any2AnyMultilingualRetrieval', 'VisionCentricQA', 'ImageClustering', 'ImageClassification', 'DocumentUnderstanding', 'VisualSTS(eng)', 'VisualSTS(multi)', 'ZeroShotClassification', 'Compositionality', 'AudioClustering', 'AudioMultilabelClassification', 'AudioReranking', 'AudioZeroshotClassification', 'AudioClassification', 'AudioPairClassification', 'VideoClassification', 'VideoClustering', 'VideoMultilabelClassification', 'VideoPairClassification', 'VideoZeroshotClassification', 'VideoCentricQA')], prompt types [['query', 'document']], and task names\n"}
,{"stream_name":"stderr","time":821.41720638,"data":"Task name CodeRetrieval is not valid. Valid keys are task types [('BitextMining', 'Classification', 'MultilabelClassification', 'Clustering', 'PairClassification', 'Regression', 'Reranking', 'Retrieval', 'STS', 'Summarization', 'InstructionRetrieval', 'InstructionReranking', 'Any2AnyReranking', 'Any2AnyRetrieval', 'Any2AnyMultilingualRetrieval', 'VisionCentricQA', 'ImageClustering', 'ImageClassification', 'DocumentUnderstanding', 'VisualSTS(eng)', 'VisualSTS(multi)', 'ZeroShotClassification', 'Compositionality', 'AudioClustering', 'AudioMultilabelClassification', 'AudioReranking', 'AudioZeroshotClassification', 'AudioClassification', 'AudioPairClassification', 'VideoClassification', 'VideoClustering', 'VideoMultilabelClassification', 'VideoPairClassification', 'VideoZeroshotClassification', 'VideoCentricQA')], prompt types [['query', 'document']], and task names\n"}
,{"stream_name":"stderr","time":821.417215943,"data":"Task name SearchQuery is not valid. Valid keys are task types [('BitextMining', 'Classification', 'MultilabelClassification', 'Clustering', 'PairClassification', 'Regression', 'Reranking', 'Retrieval', 'STS', 'Summarization', 'InstructionRetrieval', 'InstructionReranking', 'Any2AnyReranking', 'Any2AnyRetrieval', 'Any2AnyMultilingualRetrieval', 'VisionCentricQA', 'ImageClustering', 'ImageClassification', 'DocumentUnderstanding', 'VisualSTS(eng)', 'VisualSTS(multi)', 'ZeroShotClassification', 'Compositionality', 'AudioClustering', 'AudioMultilabelClassification', 'AudioReranking', 'AudioZeroshotClassification', 'AudioClassification', 'AudioPairClassification', 'VideoClassification', 'VideoClustering', 'VideoMultilabelClassification', 'VideoPairClassification', 'VideoZeroshotClassification', 'VideoCentricQA')], prompt types [['query', 'document']], and task names\n"}
,{"stream_name":"stderr","time":821.417220069,"data":"Task name Document is not valid. Valid keys are task types [('BitextMining', 'Classification', 'MultilabelClassification', 'Clustering', 'PairClassification', 'Regression', 'Reranking', 'Retrieval', 'STS', 'Summarization', 'InstructionRetrieval', 'InstructionReranking', 'Any2AnyReranking', 'Any2AnyRetrieval', 'Any2AnyMultilingualRetrieval', 'VisionCentricQA', 'ImageClustering', 'ImageClassification', 'DocumentUnderstanding', 'VisualSTS(eng)', 'VisualSTS(multi)', 'ZeroShotClassification', 'Compositionality', 'AudioClustering', 'AudioMultilabelClassification', 'AudioReranking', 'AudioZeroshotClassification', 'AudioClassification', 'AudioPairClassification', 'VideoClassification', 'VideoClustering', 'VideoMultilabelClassification', 'VideoPairClassification', 'VideoZeroshotClassification', 'VideoCentricQA')], prompt types [['query', 'document']], and task names\n"}
,{"stream_name":"stderr","time":821.433819177,"data":"/usr/local/lib/python3.13/dist-packages/mteb/models/sentence_transformer_wrapper.py:430: UserWarning: Some prompts are not in the expected format and will be ignored. Problems:\n"}
,{"stream_name":"stderr","time":821.433836977,"data":"\n"}
,{"stream_name":"stderr","time":821.433842041,"data":"Task name SentenceSimilarity is not valid. Valid keys are task types [('BitextMining', 'Classification', 'MultilabelClassification', 'Clustering', 'PairClassification', 'Regression', 'Reranking', 'Retrieval', 'STS', 'Summarization', 'InstructionRetrieval', 'InstructionReranking', 'Any2AnyReranking', 'Any2AnyRetrieval', 'Any2AnyMultilingualRetrieval', 'VisionCentricQA', 'ImageClustering', 'ImageClassification', 'DocumentUnderstanding', 'VisualSTS(eng)', 'VisualSTS(multi)', 'ZeroShotClassification', 'Compositionality', 'AudioClustering', 'AudioMultilabelClassification', 'AudioReranking', 'AudioZeroshotClassification', 'AudioClassification', 'AudioPairClassification', 'VideoClassification', 'VideoClustering', 'VideoMultilabelClassification', 'VideoPairClassification', 'VideoZeroshotClassification', 'VideoCentricQA')], prompt types [['query', 'document']], and task names\n"}
,{"stream_name":"stderr","time":821.433848664,"data":"Task name FactChecking is not valid. Valid keys are task types [('BitextMining', 'Classification', 'MultilabelClassification', 'Clustering', 'PairClassification', 'Regression', 'Reranking', 'Retrieval', 'STS', 'Summarization', 'InstructionRetrieval', 'InstructionReranking', 'Any2AnyReranking', 'Any2AnyRetrieval', 'Any2AnyMultilingualRetrieval', 'VisionCentricQA', 'ImageClustering', 'ImageClassification', 'DocumentUnderstanding', 'VisualSTS(eng)', 'VisualSTS(multi)', 'ZeroShotClassification', 'Compositionality', 'AudioClustering', 'AudioMultilabelClassification', 'AudioReranking', 'AudioZeroshotClassification', 'AudioClassification', 'AudioPairClassification', 'VideoClassification', 'VideoClustering', 'VideoMultilabelClassification', 'VideoPairClassification', 'VideoZeroshotClassification', 'VideoCentricQA')], prompt types [['query', 'document']], and task names\n"}
,{"stream_name":"stderr","time":821.433866035,"data":"Task name QuestionAnswering is not valid. Valid keys are task types [('BitextMining', 'Classification', 'MultilabelClassification', 'Clustering', 'PairClassification', 'Regression', 'Reranking', 'Retrieval', 'STS', 'Summarization', 'InstructionRetrieval', 'InstructionReranking', 'Any2AnyReranking', 'Any2AnyRetrieval', 'Any2AnyMultilingualRetrieval', 'VisionCentricQA', 'ImageClustering', 'ImageClassification', 'DocumentUnderstanding', 'VisualSTS(eng)', 'VisualSTS(multi)', 'ZeroShotClassification', 'Compositionality', 'AudioClustering', 'AudioMultilabelClassification', 'AudioReranking', 'AudioZeroshotClassification', 'AudioClassification', 'AudioPairClassification', 'VideoClassification', 'VideoClustering', 'VideoMultilabelClassification', 'VideoPairClassification', 'VideoZeroshotClassification', 'VideoCentricQA')], prompt types [['query', 'document']], and task names\n"}
,{"stream_name":"stderr","time":821.433874597,"data":"Task name CodeRetrieval is not valid. Valid keys are task types [('BitextMining', 'Classification', 'MultilabelClassification', 'Clustering', 'PairClassification', 'Regression', 'Reranking', 'Retrieval', 'STS', 'Summarization', 'InstructionRetrieval', 'InstructionReranking', 'Any2AnyReranking', 'Any2AnyRetrieval', 'Any2AnyMultilingualRetrieval', 'VisionCentricQA', 'ImageClustering', 'ImageClassification', 'DocumentUnderstanding', 'VisualSTS(eng)', 'VisualSTS(multi)', 'ZeroShotClassification', 'Compositionality', 'AudioClustering', 'AudioMultilabelClassification', 'AudioReranking', 'AudioZeroshotClassification', 'AudioClassification', 'AudioPairClassification', 'VideoClassification', 'VideoClustering', 'VideoMultilabelClassification', 'VideoPairClassification', 'VideoZeroshotClassification', 'VideoCentricQA')], prompt types [['query', 'document']], and task names\n"}
,{"stream_name":"stderr","time":821.433882055,"data":"Task name SearchQuery is not valid. Valid keys are task types [('BitextMining', 'Classification', 'MultilabelClassification', 'Clustering', 'PairClassification', 'Regression', 'Reranking', 'Retrieval', 'STS', 'Summarization', 'InstructionRetrieval', 'InstructionReranking', 'Any2AnyReranking', 'Any2AnyRetrieval', 'Any2AnyMultilingualRetrieval', 'VisionCentricQA', 'ImageClustering', 'ImageClassification', 'DocumentUnderstanding', 'VisualSTS(eng)', 'VisualSTS(multi)', 'ZeroShotClassification', 'Compositionality', 'AudioClustering', 'AudioMultilabelClassification', 'AudioReranking', 'AudioZeroshotClassification', 'AudioClassification', 'AudioPairClassification', 'VideoClassification', 'VideoClustering', 'VideoMultilabelClassification', 'VideoPairClassification', 'VideoZeroshotClassification', 'VideoCentricQA')], prompt types [['query', 'document']], and task names\n"}
,{"stream_name":"stderr","time":821.433888872,"data":"Task name Document is not valid. Valid keys are task types [('BitextMining', 'Classification', 'MultilabelClassification', 'Clustering', 'PairClassification', 'Regression', 'Reranking', 'Retrieval', 'STS', 'Summarization', 'InstructionRetrieval', 'InstructionReranking', 'Any2AnyReranking', 'Any2AnyRetrieval', 'Any2AnyMultilingualRetrieval', 'VisionCentricQA', 'ImageClustering', 'ImageClassification', 'DocumentUnderstanding', 'VisualSTS(eng)', 'VisualSTS(multi)', 'ZeroShotClassification', 'Compositionality', 'AudioClustering', 'AudioMultilabelClassification', 'AudioReranking', 'AudioZeroshotClassification', 'AudioClassification', 'AudioPairClassification', 'VideoClassification', 'VideoClustering', 'VideoMultilabelClassification', 'VideoPairClassification', 'VideoZeroshotClassification', 'VideoCentricQA')], prompt types [['query', 'document']], and task names\n"}
,{"stream_name":"stderr","time":821.433895649,"data":"  self.model_prompts = _resolve_model_prompts(self.model, model_prompts)\n"}
,{"stream_name":"stderr","time":821.433899831,"data":"\n"}
,{"stream_name":"stderr","time":821.433908159,"data":"/usr/local/lib/python3.13/dist-packages/mteb/models/sentence_transformer_wrapper.py:430: UserWarning: Some prompts are not in the expected format and will be ignored. Problems:\n"}
,{"stream_name":"stderr","time":821.433913418,"data":"\n"}
,{"stream_name":"stderr","time":821.433918307,"data":"Task name SentenceSimilarity is not valid. Valid keys are task types [('BitextMining', 'Classification', 'MultilabelClassification', 'Clustering', 'PairClassification', 'Regression', 'Reranking', 'Retrieval', 'STS', 'Summarization', 'InstructionRetrieval', 'InstructionReranking', 'Any2AnyReranking', 'Any2AnyRetrieval', 'Any2AnyMultilingualRetrieval', 'VisionCentricQA', 'ImageClustering', 'ImageClassification', 'DocumentUnderstanding', 'VisualSTS(eng)', 'VisualSTS(multi)', 'ZeroShotClassification', 'Compositionality', 'AudioClustering', 'AudioMultilabelClassification', 'AudioReranking', 'AudioZeroshotClassification', 'AudioClassification', 'AudioPairClassification', 'VideoClassification', 'VideoClustering', 'VideoMultilabelClassification', 'VideoPairClassification', 'VideoZeroshotClassification', 'VideoCentricQA')], prompt types [['query', 'document']], and task names\n"}
,{"stream_name":"stderr","time":821.433924876,"data":"Task name FactChecking is not valid. Valid keys are task types [('BitextMining', 'Classification', 'MultilabelClassification', 'Clustering', 'PairClassification', 'Regression', 'Reranking', 'Retrieval', 'STS', 'Summarization', 'InstructionRetrieval', 'InstructionReranking', 'Any2AnyReranking', 'Any2AnyRetrieval', 'Any2AnyMultilingualRetrieval', 'VisionCentricQA', 'ImageClustering', 'ImageClassification', 'DocumentUnderstanding', 'VisualSTS(eng)', 'VisualSTS(multi)', 'ZeroShotClassification', 'Compositionality', 'AudioClustering', 'AudioMultilabelClassification', 'AudioReranking', 'AudioZeroshotClassification', 'AudioClassification', 'AudioPairClassification', 'VideoClassification', 'VideoClustering', 'VideoMultilabelClassification', 'VideoPairClassification', 'VideoZeroshotClassification', 'VideoCentricQA')], prompt types [['query', 'document']], and task names\n"}
,{"stream_name":"stderr","time":821.433932712,"data":"Task name QuestionAnswering is not valid. Valid keys are task types [('BitextMining', 'Classification', 'MultilabelClassification', 'Clustering', 'PairClassification', 'Regression', 'Reranking', 'Retrieval', 'STS', 'Summarization', 'InstructionRetrieval', 'InstructionReranking', 'Any2AnyReranking', 'Any2AnyRetrieval', 'Any2AnyMultilingualRetrieval', 'VisionCentricQA', 'ImageClustering', 'ImageClassification', 'DocumentUnderstanding', 'VisualSTS(eng)', 'VisualSTS(multi)', 'ZeroShotClassification', 'Compositionality', 'AudioClustering', 'AudioMultilabelClassification', 'AudioReranking', 'AudioZeroshotClassification', 'AudioClassification', 'AudioPairClassification', 'VideoClassification', 'VideoClustering', 'VideoMultilabelClassification', 'VideoPairClassification', 'VideoZeroshotClassification', 'VideoCentricQA')], prompt types [['query', 'document']], and task names\n"}
,{"stream_name":"stderr","time":821.433939922,"data":"Task name CodeRetrieval is not valid. Valid keys are task types [('BitextMining', 'Classification', 'MultilabelClassification', 'Clustering', 'PairClassification', 'Regression', 'Reranking', 'Retrieval', 'STS', 'Summarization', 'InstructionRetrieval', 'InstructionReranking', 'Any2AnyReranking', 'Any2AnyRetrieval', 'Any2AnyMultilingualRetrieval', 'VisionCentricQA', 'ImageClustering', 'ImageClassification', 'DocumentUnderstanding', 'VisualSTS(eng)', 'VisualSTS(multi)', 'ZeroShotClassification', 'Compositionality', 'AudioClustering', 'AudioMultilabelClassification', 'AudioReranking', 'AudioZeroshotClassification', 'AudioClassification', 'AudioPairClassification', 'VideoClassification', 'VideoClustering', 'VideoMultilabelClassification', 'VideoPairClassification', 'VideoZeroshotClassification', 'VideoCentricQA')], prompt types [['query', 'document']], and task names\n"}
,{"stream_name":"stderr","time":821.433950136,"data":"Task name SearchQuery is not valid. Valid keys are task types [('BitextMining', 'Classification', 'MultilabelClassification', 'Clustering', 'PairClassification', 'Regression', 'Reranking', 'Retrieval', 'STS', 'Summarization', 'InstructionRetrieval', 'InstructionReranking', 'Any2AnyReranking', 'Any2AnyRetrieval', 'Any2AnyMultilingualRetrieval', 'VisionCentricQA', 'ImageClustering', 'ImageClassification', 'DocumentUnderstanding', 'VisualSTS(eng)', 'VisualSTS(multi)', 'ZeroShotClassification', 'Compositionality', 'AudioClustering', 'AudioMultilabelClassification', 'AudioReranking', 'AudioZeroshotClassification', 'AudioClassification', 'AudioPairClassification', 'VideoClassification', 'VideoClustering', 'VideoMultilabelClassification', 'VideoPairClassification', 'VideoZeroshotClassification', 'VideoCentricQA')], prompt types [['query', 'document']], and task names\n"}
,{"stream_name":"stderr","time":821.433957369,"data":"Task name Document is not valid. Valid keys are task types [('BitextMining', 'Classification', 'MultilabelClassification', 'Clustering', 'PairClassification', 'Regression', 'Reranking', 'Retrieval', 'STS', 'Summarization', 'InstructionRetrieval', 'InstructionReranking', 'Any2AnyReranking', 'Any2AnyRetrieval', 'Any2AnyMultilingualRetrieval', 'VisionCentricQA', 'ImageClustering', 'ImageClassification', 'DocumentUnderstanding', 'VisualSTS(eng)', 'VisualSTS(multi)', 'ZeroShotClassification', 'Compositionality', 'AudioClustering', 'AudioMultilabelClassification', 'AudioReranking', 'AudioZeroshotClassification', 'AudioClassification', 'AudioPairClassification', 'VideoClassification', 'VideoClustering', 'VideoMultilabelClassification', 'VideoPairClassification', 'VideoZeroshotClassification', 'VideoCentricQA')], prompt types [['query', 'document']], and task names\n"}
,{"stream_name":"stderr","time":821.43396415,"data":"  self.model_prompts = _resolve_model_prompts(self.model, model_prompts)\n"}
,{"stream_name":"stderr","time":821.436819681,"data":"The task 'EmotionClassification' is superseded by 'EmotionClassification.v2'. We recommend using the newer version of the task unless you are running a specific benchmark. See `get_task('EmotionClassification.v2').metadata.description` to get a description of the task and changes.\n"}
,{"stream_name":"stderr","time":821.436835948,"data":"\n"}
,{"stream_name":"stderr","time":821.436840195,"data":"The task 'EmotionClassification' is superseded by 'EmotionClassification.v2'. We recommend using the newer version of the task unless you are running a specific benchmark. See `get_task('EmotionClassification.v2').metadata.description` to get a description of the task and changes.\n"}
,{"stream_name":"stderr","time":821.571054787,"data":"/usr/local/lib/python3.13/dist-packages/mteb/evaluate.py:262: UserWarning: The task 'EmotionClassification' is superseded by 'EmotionClassification.v2'. We recommend using the newer version of the task unless you are running a specific benchmark. See `get_task('EmotionClassification.v2').metadata.description` to get a description of the task and changes.\n"}
,{"stream_name":"stderr","time":821.571098496,"data":"  task.check_if_dataset_is_superseded()\n"}
,{"stream_name":"stderr","time":821.571103873,"data":"\n"}
,{"stream_name":"stderr","time":821.571108445,"data":"/usr/local/lib/python3.13/dist-packages/mteb/evaluate.py:262: UserWarning: The task 'EmotionClassification' is superseded by 'EmotionClassification.v2'. We recommend using the newer version of the task unless you are running a specific benchmark. See `get_task('EmotionClassification.v2').metadata.description` to get a description of the task and changes.\n"}
,{"stream_name":"stderr","time":821.57111399,"data":"  task.check_if_dataset_is_superseded()\n"}
,{"stream_name":"stderr","time":821.767148228,"data":"Repo card metadata block was not found. Setting CardData to empty.\n"}
,{"stream_name":"stderr","time":821.76718326,"data":"\n"}
,{"stream_name":"stderr","time":821.767188848,"data":"Repo card metadata block was not found. Setting CardData to empty.\n"}
,{"stream_name":"stdout","time":879.424599401,"data":"EmotionClassification          main_score=0.5736 rev=4f58c6b2\n"}
,{"stream_name":"stderr","time":879.437234247,"data":"/usr/local/lib/python3.13/dist-packages/mteb/models/model_meta.py:969: FutureWarning: The `get_sentence_embedding_dimension` method has been renamed to `get_embedding_dimension`.\n"}
,{"stream_name":"stderr","time":879.437265585,"data":"  embedding_dimensions = model.get_sentence_embedding_dimension()\n"}
,{"stream_name":"stderr","time":879.437269792,"data":"/usr/local/lib/python3.13/dist-packages/mteb/models/model_meta.py:929: FutureWarning: The `get_sentence_embedding_dimension` method has been renamed to `get_embedding_dimension`.\n"}
,{"stream_name":"stderr","time":879.437273349,"data":"  embed_dim=model.get_sentence_embedding_dimension(),\n"}
,{"stream_name":"stderr","time":879.437277517,"data":"Task name CodeRetrieval is not valid. Valid keys are task types [('BitextMining', 'Classification', 'MultilabelClassification', 'Clustering', 'PairClassification', 'Regression', 'Reranking', 'Retrieval', 'STS', 'Summarization', 'InstructionRetrieval', 'InstructionReranking', 'Any2AnyReranking', 'Any2AnyRetrieval', 'Any2AnyMultilingualRetrieval', 'VisionCentricQA', 'ImageClustering', 'ImageClassification', 'DocumentUnderstanding', 'VisualSTS(eng)', 'VisualSTS(multi)', 'ZeroShotClassification', 'Compositionality', 'AudioClustering', 'AudioMultilabelClassification', 'AudioReranking', 'AudioZeroshotClassification', 'AudioClassification', 'AudioPairClassification', 'VideoClassification', 'VideoClustering', 'VideoMultilabelClassification', 'VideoPairClassification', 'VideoZeroshotClassification', 'VideoCentricQA')], prompt types [['query', 'document']], and task names\n"}
,{"stream_name":"stderr","time":879.437296625,"data":"\n"}
,{"stream_name":"stderr","time":879.437301628,"data":"/usr/local/lib/python3.13/dist-packages/mteb/models/model_meta.py:969: FutureWarning: The `get_sentence_embedding_dimension` method has been renamed to `get_embedding_dimension`.\n"}
,{"stream_name":"stderr","time":879.437307101,"data":"  embedding_dimensions = model.get_sentence_embedding_dimension()\n"}
,{"stream_name":"stderr","time":879.437311866,"data":"/usr/local/lib/python3.13/dist-packages/mteb/models/model_meta.py:929: FutureWarning: The `get_sentence_embedding_dimension` method has been renamed to `get_embedding_dimension`.\n"}
,{"stream_name":"stderr","time":879.437316632,"data":"  embed_dim=model.get_sentence_embedding_dimension(),\n"}
,{"stream_name":"stderr","time":879.437322346,"data":"Task name CodeRetrieval is not valid. Valid keys are task types [('BitextMining', 'Classification', 'MultilabelClassification', 'Clustering', 'PairClassification', 'Regression', 'Reranking', 'Retrieval', 'STS', 'Summarization', 'InstructionRetrieval', 'InstructionReranking', 'Any2AnyReranking', 'Any2AnyRetrieval', 'Any2AnyMultilingualRetrieval', 'VisionCentricQA', 'ImageClustering', 'ImageClassification', 'DocumentUnderstanding', 'VisualSTS(eng)', 'VisualSTS(multi)', 'ZeroShotClassification', 'Compositionality', 'AudioClustering', 'AudioMultilabelClassification', 'AudioReranking', 'AudioZeroshotClassification', 'AudioClassification', 'AudioPairClassification', 'VideoClassification', 'VideoClustering', 'VideoMultilabelClassification', 'VideoPairClassification', 'VideoZeroshotClassification', 'VideoCentricQA')], prompt types [['query', 'document']], and task names\n"}
,{"stream_name":"stderr","time":879.444270569,"data":"/usr/local/lib/python3.13/dist-packages/mteb/models/sentence_transformer_wrapper.py:150: UserWarning: Task name CodeRetrieval is not valid. Valid keys are task types [('BitextMining', 'Classification', 'MultilabelClassification', 'Clustering', 'PairClassification', 'Regression', 'Reranking', 'Retrieval', 'STS', 'Summarization', 'InstructionRetrieval', 'InstructionReranking', 'Any2AnyReranking', 'Any2AnyRetrieval', 'Any2AnyMultilingualRetrieval', 'VisionCentricQA', 'ImageClustering', 'ImageClassification', 'DocumentUnderstanding', 'VisualSTS(eng)', 'VisualSTS(multi)', 'ZeroShotClassification', 'Compositionality', 'AudioClustering', 'AudioMultilabelClassification', 'AudioReranking', 'AudioZeroshotClassification', 'AudioClassification', 'AudioPairClassification', 'VideoClassification', 'VideoClustering', 'VideoMultilabelClassification', 'VideoPairClassification', 'VideoZeroshotClassification', 'VideoCentricQA')], prompt types [['query', 'document']], and task names\n"}
,{"stream_name":"stderr","time":879.444309938,"data":"  resolved_prompts, invalid_prompts = AbsEncoder.validate_task_to_prompt_name(\n"}
,{"stream_name":"stderr","time":879.444314644,"data":"Task name Document is not valid. Valid keys are task types [('BitextMining', 'Classification', 'MultilabelClassification', 'Clustering', 'PairClassification', 'Regression', 'Reranking', 'Retrieval', 'STS', 'Summarization', 'InstructionRetrieval', 'InstructionReranking', 'Any2AnyReranking', 'Any2AnyRetrieval', 'Any2AnyMultilingualRetrieval', 'VisionCentricQA', 'ImageClustering', 'ImageClassification', 'DocumentUnderstanding', 'VisualSTS(eng)', 'VisualSTS(multi)', 'ZeroShotClassification', 'Compositionality', 'AudioClustering', 'AudioMultilabelClassification', 'AudioReranking', 'AudioZeroshotClassification', 'AudioClassification', 'AudioPairClassification', 'VideoClassification', 'VideoClustering', 'VideoMultilabelClassification', 'VideoPairClassification', 'VideoZeroshotClassification', 'VideoCentricQA')], prompt types [['query', 'document']], and task names\n"}
,{"stream_name":"stderr","time":879.444320968,"data":"\n"}
,{"stream_name":"stderr","time":879.444325231,"data":"/usr/local/lib/python3.13/dist-packages/mteb/models/sentence_transformer_wrapper.py:150: UserWarning: Task name CodeRetrieval is not valid. Valid keys are task types [('BitextMining', 'Classification', 'MultilabelClassification', 'Clustering', 'PairClassification', 'Regression', 'Reranking', 'Retrieval', 'STS', 'Summarization', 'InstructionRetrieval', 'InstructionReranking', 'Any2AnyReranking', 'Any2AnyRetrieval', 'Any2AnyMultilingualRetrieval', 'VisionCentricQA', 'ImageClustering', 'ImageClassification', 'DocumentUnderstanding', 'VisualSTS(eng)', 'VisualSTS(multi)', 'ZeroShotClassification', 'Compositionality', 'AudioClustering', 'AudioMultilabelClassification', 'AudioReranking', 'AudioZeroshotClassification', 'AudioClassification', 'AudioPairClassification', 'VideoClassification', 'VideoClustering', 'VideoMultilabelClassification', 'VideoPairClassification', 'VideoZeroshotClassification', 'VideoCentricQA')], prompt types [['query', 'document']], and task names\n"}
,{"stream_name":"stderr","time":879.444331773,"data":"  resolved_prompts, invalid_prompts = AbsEncoder.validate_task_to_prompt_name(\n"}
,{"stream_name":"stderr","time":879.444335411,"data":"Task name Document is not valid. Valid keys are task types [('BitextMining', 'Classification', 'MultilabelClassification', 'Clustering', 'PairClassification', 'Regression', 'Reranking', 'Retrieval', 'STS', 'Summarization', 'InstructionRetrieval', 'InstructionReranking', 'Any2AnyReranking', 'Any2AnyRetrieval', 'Any2AnyMultilingualRetrieval', 'VisionCentricQA', 'ImageClustering', 'ImageClassification', 'DocumentUnderstanding', 'VisualSTS(eng)', 'VisualSTS(multi)', 'ZeroShotClassification', 'Compositionality', 'AudioClustering', 'AudioMultilabelClassification', 'AudioReranking', 'AudioZeroshotClassification', 'AudioClassification', 'AudioPairClassification', 'VideoClassification', 'VideoClustering', 'VideoMultilabelClassification', 'VideoPairClassification', 'VideoZeroshotClassification', 'VideoCentricQA')], prompt types [['query', 'document']], and task names\n"}
,{"stream_name":"stderr","time":879.455169698,"data":"/usr/local/lib/python3.13/dist-packages/mteb/models/sentence_transformer_wrapper.py:150: UserWarning: Task name Document is not valid. Valid keys are task types [('BitextMining', 'Classification', 'MultilabelClassification', 'Clustering', 'PairClassification', 'Regression', 'Reranking', 'Retrieval', 'STS', 'Summarization', 'InstructionRetrieval', 'InstructionReranking', 'Any2AnyReranking', 'Any2AnyRetrieval', 'Any2AnyMultilingualRetrieval', 'VisionCentricQA', 'ImageClustering', 'ImageClassification', 'DocumentUnderstanding', 'VisualSTS(eng)', 'VisualSTS(multi)', 'ZeroShotClassification', 'Compositionality', 'AudioClustering', 'AudioMultilabelClassification', 'AudioReranking', 'AudioZeroshotClassification', 'AudioClassification', 'AudioPairClassification', 'VideoClassification', 'VideoClustering', 'VideoMultilabelClassification', 'VideoPairClassification', 'VideoZeroshotClassification', 'VideoCentricQA')], prompt types [['query', 'document']], and task names\n"}
,{"stream_name":"stderr","time":879.455192449,"data":"  resolved_prompts, invalid_prompts = AbsEncoder.validate_task_to_prompt_name(\n"}
,{"stream_name":"stderr","time":879.455197193,"data":"Task name FactChecking is not valid. Valid keys are task types [('BitextMining', 'Classification', 'MultilabelClassification', 'Clustering', 'PairClassification', 'Regression', 'Reranking', 'Retrieval', 'STS', 'Summarization', 'InstructionRetrieval', 'InstructionReranking', 'Any2AnyReranking', 'Any2AnyRetrieval', 'Any2AnyMultilingualRetrieval', 'VisionCentricQA', 'ImageClustering', 'ImageClassification', 'DocumentUnderstanding', 'VisualSTS(eng)', 'VisualSTS(multi)', 'ZeroShotClassification', 'Compositionality', 'AudioClustering', 'AudioMultilabelClassification', 'AudioReranking', 'AudioZeroshotClassification', 'AudioClassification', 'AudioPairClassification', 'VideoClassification', 'VideoClustering', 'VideoMultilabelClassification', 'VideoPairClassification', 'VideoZeroshotClassification', 'VideoCentricQA')], prompt types [['query', 'document']], and task names\n"}
,{"stream_name":"stderr","time":879.455203692,"data":"\n"}
,{"stream_name":"stderr","time":879.455209905,"data":"/usr/local/lib/python3.13/dist-packages/mteb/models/sentence_transformer_wrapper.py:150: UserWarning: Task name Document is not valid. Valid keys are task types [('BitextMining', 'Classification', 'MultilabelClassification', 'Clustering', 'PairClassification', 'Regression', 'Reranking', 'Retrieval', 'STS', 'Summarization', 'InstructionRetrieval', 'InstructionReranking', 'Any2AnyReranking', 'Any2AnyRetrieval', 'Any2AnyMultilingualRetrieval', 'VisionCentricQA', 'ImageClustering', 'ImageClassification', 'DocumentUnderstanding', 'VisualSTS(eng)', 'VisualSTS(multi)', 'ZeroShotClassification', 'Compositionality', 'AudioClustering', 'AudioMultilabelClassification', 'AudioReranking', 'AudioZeroshotClassification', 'AudioClassification', 'AudioPairClassification', 'VideoClassification', 'VideoClustering', 'VideoMultilabelClassification', 'VideoPairClassification', 'VideoZeroshotClassification', 'VideoCentricQA')], prompt types [['query', 'document']], and task names\n"}
,{"stream_name":"stderr","time":879.455218903,"data":"  resolved_prompts, invalid_prompts = AbsEncoder.validate_task_to_prompt_name(\n"}
,{"stream_name":"stderr","time":879.455221749,"data":"Task name FactChecking is not valid. Valid keys are task types [('BitextMining', 'Classification', 'MultilabelClassification', 'Clustering', 'PairClassification', 'Regression', 'Reranking', 'Retrieval', 'STS', 'Summarization', 'InstructionRetrieval', 'InstructionReranking', 'Any2AnyReranking', 'Any2AnyRetrieval', 'Any2AnyMultilingualRetrieval', 'VisionCentricQA', 'ImageClustering', 'ImageClassification', 'DocumentUnderstanding', 'VisualSTS(eng)', 'VisualSTS(multi)', 'ZeroShotClassification', 'Compositionality', 'AudioClustering', 'AudioMultilabelClassification', 'AudioReranking', 'AudioZeroshotClassification', 'AudioClassification', 'AudioPairClassification', 'VideoClassification', 'VideoClustering', 'VideoMultilabelClassification', 'VideoPairClassification', 'VideoZeroshotClassification', 'VideoCentricQA')], prompt types [['query', 'document']], and task names\n"}
,{"stream_name":"stderr","time":879.461547104,"data":"/usr/local/lib/python3.13/dist-packages/mteb/models/sentence_transformer_wrapper.py:150: UserWarning: Task name FactChecking is not valid. Valid keys are task types [('BitextMining', 'Classification', 'MultilabelClassification', 'Clustering', 'PairClassification', 'Regression', 'Reranking', 'Retrieval', 'STS', 'Summarization', 'InstructionRetrieval', 'InstructionReranking', 'Any2AnyReranking', 'Any2AnyRetrieval', 'Any2AnyMultilingualRetrieval', 'VisionCentricQA', 'ImageClustering', 'ImageClassification', 'DocumentUnderstanding', 'VisualSTS(eng)', 'VisualSTS(multi)', 'ZeroShotClassification', 'Compositionality', 'AudioClustering', 'AudioMultilabelClassification', 'AudioReranking', 'AudioZeroshotClassification', 'AudioClassification', 'AudioPairClassification', 'VideoClassification', 'VideoClustering', 'VideoMultilabelClassification', 'VideoPairClassification', 'VideoZeroshotClassification', 'VideoCentricQA')], prompt types [['query', 'document']], and task names\n"}
,{"stream_name":"stderr","time":879.461566288,"data":"  resolved_prompts, invalid_prompts = AbsEncoder.validate_task_to_prompt_name(\n"}
,{"stream_name":"stderr","time":879.46157062,"data":"Task name QuestionAnswering is not valid. Valid keys are task types [('BitextMining', 'Classification', 'MultilabelClassification', 'Clustering', 'PairClassification', 'Regression', 'Reranking', 'Retrieval', 'STS', 'Summarization', 'InstructionRetrieval', 'InstructionReranking', 'Any2AnyReranking', 'Any2AnyRetrieval', 'Any2AnyMultilingualRetrieval', 'VisionCentricQA', 'ImageClustering', 'ImageClassification', 'DocumentUnderstanding', 'VisualSTS(eng)', 'VisualSTS(multi)', 'ZeroShotClassification', 'Compositionality', 'AudioClustering', 'AudioMultilabelClassification', 'AudioReranking', 'AudioZeroshotClassification', 'AudioClassification', 'AudioPairClassification', 'VideoClassification', 'VideoClustering', 'VideoMultilabelClassification', 'VideoPairClassification', 'VideoZeroshotClassification', 'VideoCentricQA')], prompt types [['query', 'document']], and task names\n"}
,{"stream_name":"stderr","time":879.461582365,"data":"\n"}
,{"stream_name":"stderr","time":879.461590833,"data":"/usr/local/lib/python3.13/dist-packages/mteb/models/sentence_transformer_wrapper.py:150: UserWarning: Task name FactChecking is not valid. Valid keys are task types [('BitextMining', 'Classification', 'MultilabelClassification', 'Clustering', 'PairClassification', 'Regression', 'Reranking', 'Retrieval', 'STS', 'Summarization', 'InstructionRetrieval', 'InstructionReranking', 'Any2AnyReranking', 'Any2AnyRetrieval', 'Any2AnyMultilingualRetrieval', 'VisionCentricQA', 'ImageClustering', 'ImageClassification', 'DocumentUnderstanding', 'VisualSTS(eng)', 'VisualSTS(multi)', 'ZeroShotClassification', 'Compositionality', 'AudioClustering', 'AudioMultilabelClassification', 'AudioReranking', 'AudioZeroshotClassification', 'AudioClassification', 'AudioPairClassification', 'VideoClassification', 'VideoClustering', 'VideoMultilabelClassification', 'VideoPairClassification', 'VideoZeroshotClassification', 'VideoCentricQA')], prompt types [['query', 'document']], and task names\n"}
,{"stream_name":"stderr","time":879.461594741,"data":"  resolved_prompts, invalid_prompts = AbsEncoder.validate_task_to_prompt_name(\n"}
,{"stream_name":"stderr","time":879.461597102,"data":"Task name QuestionAnswering is not valid. Valid keys are task types [('BitextMining', 'Classification', 'MultilabelClassification', 'Clustering', 'PairClassification', 'Regression', 'Reranking', 'Retrieval', 'STS', 'Summarization', 'InstructionRetrieval', 'InstructionReranking', 'Any2AnyReranking', 'Any2AnyRetrieval', 'Any2AnyMultilingualRetrieval', 'VisionCentricQA', 'ImageClustering', 'ImageClassification', 'DocumentUnderstanding', 'VisualSTS(eng)', 'VisualSTS(multi)', 'ZeroShotClassification', 'Compositionality', 'AudioClustering', 'AudioMultilabelClassification', 'AudioReranking', 'AudioZeroshotClassification', 'AudioClassification', 'AudioPairClassification', 'VideoClassification', 'VideoClustering', 'VideoMultilabelClassification', 'VideoPairClassification', 'VideoZeroshotClassification', 'VideoCentricQA')], prompt types [['query', 'document']], and task names\n"}
,{"stream_name":"stderr","time":879.47541749,"data":"/usr/local/lib/python3.13/dist-packages/mteb/models/sentence_transformer_wrapper.py:150: UserWarning: Task name QuestionAnswering is not valid. Valid keys are task types [('BitextMining', 'Classification', 'MultilabelClassification', 'Clustering', 'PairClassification', 'Regression', 'Reranking', 'Retrieval', 'STS', 'Summarization', 'InstructionRetrieval', 'InstructionReranking', 'Any2AnyReranking', 'Any2AnyRetrieval', 'Any2AnyMultilingualRetrieval', 'VisionCentricQA', 'ImageClustering', 'ImageClassification', 'DocumentUnderstanding', 'VisualSTS(eng)', 'VisualSTS(multi)', 'ZeroShotClassification', 'Compositionality', 'AudioClustering', 'AudioMultilabelClassification', 'AudioReranking', 'AudioZeroshotClassification', 'AudioClassification', 'AudioPairClassification', 'VideoClassification', 'VideoClustering', 'VideoMultilabelClassification', 'VideoPairClassification', 'VideoZeroshotClassification', 'VideoCentricQA')], prompt types [['query', 'document']], and task names\n"}
,{"stream_name":"stderr","time":879.475436003,"data":"  resolved_prompts, invalid_prompts = AbsEncoder.validate_task_to_prompt_name(\n"}
,{"stream_name":"stderr","time":879.475440118,"data":"Task name SearchQuery is not valid. Valid keys are task types [('BitextMining', 'Classification', 'MultilabelClassification', 'Clustering', 'PairClassification', 'Regression', 'Reranking', 'Retrieval', 'STS', 'Summarization', 'InstructionRetrieval', 'InstructionReranking', 'Any2AnyReranking', 'Any2AnyRetrieval', 'Any2AnyMultilingualRetrieval', 'VisionCentricQA', 'ImageClustering', 'ImageClassification', 'DocumentUnderstanding', 'VisualSTS(eng)', 'VisualSTS(multi)', 'ZeroShotClassification', 'Compositionality', 'AudioClustering', 'AudioMultilabelClassification', 'AudioReranking', 'AudioZeroshotClassification', 'AudioClassification', 'AudioPairClassification', 'VideoClassification', 'VideoClustering', 'VideoMultilabelClassification', 'VideoPairClassification', 'VideoZeroshotClassification', 'VideoCentricQA')], prompt types [['query', 'document']], and task names\n"}
,{"stream_name":"stderr","time":879.475446786,"data":"\n"}
,{"stream_name":"stderr","time":879.475451731,"data":"/usr/local/lib/python3.13/dist-packages/mteb/models/sentence_transformer_wrapper.py:150: UserWarning: Task name QuestionAnswering is not valid. Valid keys are task types [('BitextMining', 'Classification', 'MultilabelClassification', 'Clustering', 'PairClassification', 'Regression', 'Reranking', 'Retrieval', 'STS', 'Summarization', 'InstructionRetrieval', 'InstructionReranking', 'Any2AnyReranking', 'Any2AnyRetrieval', 'Any2AnyMultilingualRetrieval', 'VisionCentricQA', 'ImageClustering', 'ImageClassification', 'DocumentUnderstanding', 'VisualSTS(eng)', 'VisualSTS(multi)', 'ZeroShotClassification', 'Compositionality', 'AudioClustering', 'AudioMultilabelClassification', 'AudioReranking', 'AudioZeroshotClassification', 'AudioClassification', 'AudioPairClassification', 'VideoClassification', 'VideoClustering', 'VideoMultilabelClassification', 'VideoPairClassification', 'VideoZeroshotClassification', 'VideoCentricQA')], prompt types [['query', 'document']], and task names\n"}
,{"stream_name":"stderr","time":879.475457771,"data":"  resolved_prompts, invalid_prompts = AbsEncoder.validate_task_to_prompt_name(\n"}
,{"stream_name":"stderr","time":879.475461852,"data":"Task name SearchQuery is not valid. Valid keys are task types [('BitextMining', 'Classification', 'MultilabelClassification', 'Clustering', 'PairClassification', 'Regression', 'Reranking', 'Retrieval', 'STS', 'Summarization', 'InstructionRetrieval', 'InstructionReranking', 'Any2AnyReranking', 'Any2AnyRetrieval', 'Any2AnyMultilingualRetrieval', 'VisionCentricQA', 'ImageClustering', 'ImageClassification', 'DocumentUnderstanding', 'VisualSTS(eng)', 'VisualSTS(multi)', 'ZeroShotClassification', 'Compositionality', 'AudioClustering', 'AudioMultilabelClassification', 'AudioReranking', 'AudioZeroshotClassification', 'AudioClassification', 'AudioPairClassification', 'VideoClassification', 'VideoClustering', 'VideoMultilabelClassification', 'VideoPairClassification', 'VideoZeroshotClassification', 'VideoCentricQA')], prompt types [['query', 'document']], and task names\n"}
,{"stream_name":"stderr","time":879.476296783,"data":"/usr/local/lib/python3.13/dist-packages/mteb/models/sentence_transformer_wrapper.py:150: UserWarning: Task name SearchQuery is not valid. Valid keys are task types [('BitextMining', 'Classification', 'MultilabelClassification', 'Clustering', 'PairClassification', 'Regression', 'Reranking', 'Retrieval', 'STS', 'Summarization', 'InstructionRetrieval', 'InstructionReranking', 'Any2AnyReranking', 'Any2AnyRetrieval', 'Any2AnyMultilingualRetrieval', 'VisionCentricQA', 'ImageClustering', 'ImageClassification', 'DocumentUnderstanding', 'VisualSTS(eng)', 'VisualSTS(multi)', 'ZeroShotClassification', 'Compositionality', 'AudioClustering', 'AudioMultilabelClassification', 'AudioReranking', 'AudioZeroshotClassification', 'AudioClassification', 'AudioPairClassification', 'VideoClassification', 'VideoClustering', 'VideoMultilabelClassification', 'VideoPairClassification', 'VideoZeroshotClassification', 'VideoCentricQA')], prompt types [['query', 'document']], and task names\n"}
,{"stream_name":"stderr","time":879.476312286,"data":"  resolved_prompts, invalid_prompts = AbsEncoder.validate_task_to_prompt_name(\n"}
,{"stream_name":"stderr","time":879.476316341,"data":"Task name SentenceSimilarity is not valid. Valid keys are task types [('BitextMining', 'Classification', 'MultilabelClassification', 'Clustering', 'PairClassification', 'Regression', 'Reranking', 'Retrieval', 'STS', 'Summarization', 'InstructionRetrieval', 'InstructionReranking', 'Any2AnyReranking', 'Any2AnyRetrieval', 'Any2AnyMultilingualRetrieval', 'VisionCentricQA', 'ImageClustering', 'ImageClassification', 'DocumentUnderstanding', 'VisualSTS(eng)', 'VisualSTS(multi)', 'ZeroShotClassification', 'Compositionality', 'AudioClustering', 'AudioMultilabelClassification', 'AudioReranking', 'AudioZeroshotClassification', 'AudioClassification', 'AudioPairClassification', 'VideoClassification', 'VideoClustering', 'VideoMultilabelClassification', 'VideoPairClassification', 'VideoZeroshotClassification', 'VideoCentricQA')], prompt types [['query', 'document']], and task names\n"}
,{"stream_name":"stderr","time":879.476322875,"data":"\n"}
,{"stream_name":"stderr","time":879.476327172,"data":"/usr/local/lib/python3.13/dist-packages/mteb/models/sentence_transformer_wrapper.py:150: UserWarning: Task name SearchQuery is not valid. Valid keys are task types [('BitextMining', 'Classification', 'MultilabelClassification', 'Clustering', 'PairClassification', 'Regression', 'Reranking', 'Retrieval', 'STS', 'Summarization', 'InstructionRetrieval', 'InstructionReranking', 'Any2AnyReranking', 'Any2AnyRetrieval', 'Any2AnyMultilingualRetrieval', 'VisionCentricQA', 'ImageClustering', 'ImageClassification', 'DocumentUnderstanding', 'VisualSTS(eng)', 'VisualSTS(multi)', 'ZeroShotClassification', 'Compositionality', 'AudioClustering', 'AudioMultilabelClassification', 'AudioReranking', 'AudioZeroshotClassification', 'AudioClassification', 'AudioPairClassification', 'VideoClassification', 'VideoClustering', 'VideoMultilabelClassification', 'VideoPairClassification', 'VideoZeroshotClassification', 'VideoCentricQA')], prompt types [['query', 'document']], and task names\n"}
,{"stream_name":"stderr","time":879.476334609,"data":"  resolved_prompts, invalid_prompts = AbsEncoder.validate_task_to_prompt_name(\n"}
,{"stream_name":"stderr","time":879.476345161,"data":"Task name SentenceSimilarity is not valid. Valid keys are task types [('BitextMining', 'Classification', 'MultilabelClassification', 'Clustering', 'PairClassification', 'Regression', 'Reranking', 'Retrieval', 'STS', 'Summarization', 'InstructionRetrieval', 'InstructionReranking', 'Any2AnyReranking', 'Any2AnyRetrieval', 'Any2AnyMultilingualRetrieval', 'VisionCentricQA', 'ImageClustering', 'ImageClassification', 'DocumentUnderstanding', 'VisualSTS(eng)', 'VisualSTS(multi)', 'ZeroShotClassification', 'Compositionality', 'AudioClustering', 'AudioMultilabelClassification', 'AudioReranking', 'AudioZeroshotClassification', 'AudioClassification', 'AudioPairClassification', 'VideoClassification', 'VideoClustering', 'VideoMultilabelClassification', 'VideoPairClassification', 'VideoZeroshotClassification', 'VideoCentricQA')], prompt types [['query', 'document']], and task names\n"}
,{"stream_name":"stderr","time":879.483678885,"data":"/usr/local/lib/python3.13/dist-packages/mteb/models/sentence_transformer_wrapper.py:150: UserWarning: Task name SentenceSimilarity is not valid. Valid keys are task types [('BitextMining', 'Classification', 'MultilabelClassification', 'Clustering', 'PairClassification', 'Regression', 'Reranking', 'Retrieval', 'STS', 'Summarization', 'InstructionRetrieval', 'InstructionReranking', 'Any2AnyReranking', 'Any2AnyRetrieval', 'Any2AnyMultilingualRetrieval', 'VisionCentricQA', 'ImageClustering', 'ImageClassification', 'DocumentUnderstanding', 'VisualSTS(eng)', 'VisualSTS(multi)', 'ZeroShotClassification', 'Compositionality', 'AudioClustering', 'AudioMultilabelClassification', 'AudioReranking', 'AudioZeroshotClassification', 'AudioClassification', 'AudioPairClassification', 'VideoClassification', 'VideoClustering', 'VideoMultilabelClassification', 'VideoPairClassification', 'VideoZeroshotClassification', 'VideoCentricQA')], prompt types [['query', 'document']], and task names\n"}
,{"stream_name":"stderr","time":879.483697004,"data":"  resolved_prompts, invalid_prompts = AbsEncoder.validate_task_to_prompt_name(\n"}
,{"stream_name":"stderr","time":879.483701193,"data":"Some prompts are not in the expected format and will be ignored. Problems:\n"}
,{"stream_name":"stderr","time":879.483704761,"data":"\n"}
,{"stream_name":"stderr","time":879.483708086,"data":"Task name SentenceSimilarity is not valid. Valid keys are task types [('BitextMining', 'Classification', 'MultilabelClassification', 'Clustering', 'PairClassification', 'Regression', 'Reranking', 'Retrieval', 'STS', 'Summarization', 'InstructionRetrieval', 'InstructionReranking', 'Any2AnyReranking', 'Any2AnyRetrieval', 'Any2AnyMultilingualRetrieval', 'VisionCentricQA', 'ImageClustering', 'ImageClassification', 'DocumentUnderstanding', 'VisualSTS(eng)', 'VisualSTS(multi)', 'ZeroShotClassification', 'Compositionality', 'AudioClustering', 'AudioMultilabelClassification', 'AudioReranking', 'AudioZeroshotClassification', 'AudioClassification', 'AudioPairClassification', 'VideoClassification', 'VideoClustering', 'VideoMultilabelClassification', 'VideoPairClassification', 'VideoZeroshotClassification', 'VideoCentricQA')], prompt types [['query', 'document']], and task names\n"}
,{"stream_name":"stderr","time":879.483714463,"data":"Task name FactChecking is not valid. Valid keys are task types [('BitextMining', 'Classification', 'MultilabelClassification', 'Clustering', 'PairClassification', 'Regression', 'Reranking', 'Retrieval', 'STS', 'Summarization', 'InstructionRetrieval', 'InstructionReranking', 'Any2AnyReranking', 'Any2AnyRetrieval', 'Any2AnyMultilingualRetrieval', 'VisionCentricQA', 'ImageClustering', 'ImageClassification', 'DocumentUnderstanding', 'VisualSTS(eng)', 'VisualSTS(multi)', 'ZeroShotClassification', 'Compositionality', 'AudioClustering', 'AudioMultilabelClassification', 'AudioReranking', 'AudioZeroshotClassification', 'AudioClassification', 'AudioPairClassification', 'VideoClassification', 'VideoClustering', 'VideoMultilabelClassification', 'VideoPairClassification', 'VideoZeroshotClassification', 'VideoCentricQA')], prompt types [['query', 'document']], and task names\n"}
,{"stream_name":"stderr","time":879.483727868,"data":"Task name QuestionAnswering is not valid. Valid keys are task types [('BitextMining', 'Classification', 'MultilabelClassification', 'Clustering', 'PairClassification', 'Regression', 'Reranking', 'Retrieval', 'STS', 'Summarization', 'InstructionRetrieval', 'InstructionReranking', 'Any2AnyReranking', 'Any2AnyRetrieval', 'Any2AnyMultilingualRetrieval', 'VisionCentricQA', 'ImageClustering', 'ImageClassification', 'DocumentUnderstanding', 'VisualSTS(eng)', 'VisualSTS(multi)', 'ZeroShotClassification', 'Compositionality', 'AudioClustering', 'AudioMultilabelClassification', 'AudioReranking', 'AudioZeroshotClassification', 'AudioClassification', 'AudioPairClassification', 'VideoClassification', 'VideoClustering', 'VideoMultilabelClassification', 'VideoPairClassification', 'VideoZeroshotClassification', 'VideoCentricQA')], prompt types [['query', 'document']], and task names\n"}
,{"stream_name":"stderr","time":879.483733872,"data":"Task name CodeRetrieval is not valid. Valid keys are task types [('BitextMining', 'Classification', 'MultilabelClassification', 'Clustering', 'PairClassification', 'Regression', 'Reranking', 'Retrieval', 'STS', 'Summarization', 'InstructionRetrieval', 'InstructionReranking', 'Any2AnyReranking', 'Any2AnyRetrieval', 'Any2AnyMultilingualRetrieval', 'VisionCentricQA', 'ImageClustering', 'ImageClassification', 'DocumentUnderstanding', 'VisualSTS(eng)', 'VisualSTS(multi)', 'ZeroShotClassification', 'Compositionality', 'AudioClustering', 'AudioMultilabelClassification', 'AudioReranking', 'AudioZeroshotClassification', 'AudioClassification', 'AudioPairClassification', 'VideoClassification', 'VideoClustering', 'VideoMultilabelClassification', 'VideoPairClassification', 'VideoZeroshotClassification', 'VideoCentricQA')], prompt types [['query', 'document']], and task names\n"}
,{"stream_name":"stderr","time":879.483740129,"data":"Task name SearchQuery is not valid. Valid keys are task types [('BitextMining', 'Classification', 'MultilabelClassification', 'Clustering', 'PairClassification', 'Regression', 'Reranking', 'Retrieval', 'STS', 'Summarization', 'InstructionRetrieval', 'InstructionReranking', 'Any2AnyReranking', 'Any2AnyRetrieval', 'Any2AnyMultilingualRetrieval', 'VisionCentricQA', 'ImageClustering', 'ImageClassification', 'DocumentUnderstanding', 'VisualSTS(eng)', 'VisualSTS(multi)', 'ZeroShotClassification', 'Compositionality', 'AudioClustering', 'AudioMultilabelClassification', 'AudioReranking', 'AudioZeroshotClassification', 'AudioClassification', 'AudioPairClassification', 'VideoClassification', 'VideoClustering', 'VideoMultilabelClassification', 'VideoPairClassification', 'VideoZeroshotClassification', 'VideoCentricQA')], prompt types [['query', 'document']], and task names\n"}
,{"stream_name":"stderr","time":879.483746726,"data":"Task name Document is not valid. Valid keys are task types [('BitextMining', 'Classification', 'MultilabelClassification', 'Clustering', 'PairClassification', 'Regression', 'Reranking', 'Retrieval', 'STS', 'Summarization', 'InstructionRetrieval', 'InstructionReranking', 'Any2AnyReranking', 'Any2AnyRetrieval', 'Any2AnyMultilingualRetrieval', 'VisionCentricQA', 'ImageClustering', 'ImageClassification', 'DocumentUnderstanding', 'VisualSTS(eng)', 'VisualSTS(multi)', 'ZeroShotClassification', 'Compositionality', 'AudioClustering', 'AudioMultilabelClassification', 'AudioReranking', 'AudioZeroshotClassification', 'AudioClassification', 'AudioPairClassification', 'VideoClassification', 'VideoClustering', 'VideoMultilabelClassification', 'VideoPairClassification', 'VideoZeroshotClassification', 'VideoCentricQA')], prompt types [['query', 'document']], and task names\n"}
,{"stream_name":"stderr","time":879.483752964,"data":"\n"}
,{"stream_name":"stderr","time":879.483756306,"data":"/usr/local/lib/python3.13/dist-packages/mteb/models/sentence_transformer_wrapper.py:150: UserWarning: Task name SentenceSimilarity is not valid. Valid keys are task types [('BitextMining', 'Classification', 'MultilabelClassification', 'Clustering', 'PairClassification', 'Regression', 'Reranking', 'Retrieval', 'STS', 'Summarization', 'InstructionRetrieval', 'InstructionReranking', 'Any2AnyReranking', 'Any2AnyRetrieval', 'Any2AnyMultilingualRetrieval', 'VisionCentricQA', 'ImageClustering', 'ImageClassification', 'DocumentUnderstanding', 'VisualSTS(eng)', 'VisualSTS(multi)', 'ZeroShotClassification', 'Compositionality', 'AudioClustering', 'AudioMultilabelClassification', 'AudioReranking', 'AudioZeroshotClassification', 'AudioClassification', 'AudioPairClassification', 'VideoClassification', 'VideoClustering', 'VideoMultilabelClassification', 'VideoPairClassification', 'VideoZeroshotClassification', 'VideoCentricQA')], prompt types [['query', 'document']], and task names\n"}
,{"stream_name":"stderr","time":879.483765829,"data":"  resolved_prompts, invalid_prompts = AbsEncoder.validate_task_to_prompt_name(\n"}
,{"stream_name":"stderr","time":879.483769498,"data":"Some prompts are not in the expected format and will be ignored. Problems:\n"}
,{"stream_name":"stderr","time":879.483773076,"data":"\n"}
,{"stream_name":"stderr","time":879.483776471,"data":"Task name SentenceSimilarity is not valid. Valid keys are task types [('BitextMining', 'Classification', 'MultilabelClassification', 'Clustering', 'PairClassification', 'Regression', 'Reranking', 'Retrieval', 'STS', 'Summarization', 'InstructionRetrieval', 'InstructionReranking', 'Any2AnyReranking', 'Any2AnyRetrieval', 'Any2AnyMultilingualRetrieval', 'VisionCentricQA', 'ImageClustering', 'ImageClassification', 'DocumentUnderstanding', 'VisualSTS(eng)', 'VisualSTS(multi)', 'ZeroShotClassification', 'Compositionality', 'AudioClustering', 'AudioMultilabelClassification', 'AudioReranking', 'AudioZeroshotClassification', 'AudioClassification', 'AudioPairClassification', 'VideoClassification', 'VideoClustering', 'VideoMultilabelClassification', 'VideoPairClassification', 'VideoZeroshotClassification', 'VideoCentricQA')], prompt types [['query', 'document']], and task names\n"}
,{"stream_name":"stderr","time":879.483782461,"data":"Task name FactChecking is not valid. Valid keys are task types [('BitextMining', 'Classification', 'MultilabelClassification', 'Clustering', 'PairClassification', 'Regression', 'Reranking', 'Retrieval', 'STS', 'Summarization', 'InstructionRetrieval', 'InstructionReranking', 'Any2AnyReranking', 'Any2AnyRetrieval', 'Any2AnyMultilingualRetrieval', 'VisionCentricQA', 'ImageClustering', 'ImageClassification', 'DocumentUnderstanding', 'VisualSTS(eng)', 'VisualSTS(multi)', 'ZeroShotClassification', 'Compositionality', 'AudioClustering', 'AudioMultilabelClassification', 'AudioReranking', 'AudioZeroshotClassification', 'AudioClassification', 'AudioPairClassification', 'VideoClassification', 'VideoClustering', 'VideoMultilabelClassification', 'VideoPairClassification', 'VideoZeroshotClassification', 'VideoCentricQA')], prompt types [['query', 'document']], and task names\n"}
,{"stream_name":"stderr","time":879.483788528,"data":"Task name QuestionAnswering is not valid. Valid keys are task types [('BitextMining', 'Classification', 'MultilabelClassification', 'Clustering', 'PairClassification', 'Regression', 'Reranking', 'Retrieval', 'STS', 'Summarization', 'InstructionRetrieval', 'InstructionReranking', 'Any2AnyReranking', 'Any2AnyRetrieval', 'Any2AnyMultilingualRetrieval', 'VisionCentricQA', 'ImageClustering', 'ImageClassification', 'DocumentUnderstanding', 'VisualSTS(eng)', 'VisualSTS(multi)', 'ZeroShotClassification', 'Compositionality', 'AudioClustering', 'AudioMultilabelClassification', 'AudioReranking', 'AudioZeroshotClassification', 'AudioClassification', 'AudioPairClassification', 'VideoClassification', 'VideoClustering', 'VideoMultilabelClassification', 'VideoPairClassification', 'VideoZeroshotClassification', 'VideoCentricQA')], prompt types [['query', 'document']], and task names\n"}
,{"stream_name":"stderr","time":879.483797842,"data":"Task name CodeRetrieval is not valid. Valid keys are task types [('BitextMining', 'Classification', 'MultilabelClassification', 'Clustering', 'PairClassification', 'Regression', 'Reranking', 'Retrieval', 'STS', 'Summarization', 'InstructionRetrieval', 'InstructionReranking', 'Any2AnyReranking', 'Any2AnyRetrieval', 'Any2AnyMultilingualRetrieval', 'VisionCentricQA', 'ImageClustering', 'ImageClassification', 'DocumentUnderstanding', 'VisualSTS(eng)', 'VisualSTS(multi)', 'ZeroShotClassification', 'Compositionality', 'AudioClustering', 'AudioMultilabelClassification', 'AudioReranking', 'AudioZeroshotClassification', 'AudioClassification', 'AudioPairClassification', 'VideoClassification', 'VideoClustering', 'VideoMultilabelClassification', 'VideoPairClassification', 'VideoZeroshotClassification', 'VideoCentricQA')], prompt types [['query', 'document']], and task names\n"}
,{"stream_name":"stderr","time":879.483803792,"data":"Task name SearchQuery is not valid. Valid keys are task types [('BitextMining', 'Classification', 'MultilabelClassification', 'Clustering', 'PairClassification', 'Regression', 'Reranking', 'Retrieval', 'STS', 'Summarization', 'InstructionRetrieval', 'InstructionReranking', 'Any2AnyReranking', 'Any2AnyRetrieval', 'Any2AnyMultilingualRetrieval', 'VisionCentricQA', 'ImageClustering', 'ImageClassification', 'DocumentUnderstanding', 'VisualSTS(eng)', 'VisualSTS(multi)', 'ZeroShotClassification', 'Compositionality', 'AudioClustering', 'AudioMultilabelClassification', 'AudioReranking', 'AudioZeroshotClassification', 'AudioClassification', 'AudioPairClassification', 'VideoClassification', 'VideoClustering', 'VideoMultilabelClassification', 'VideoPairClassification', 'VideoZeroshotClassification', 'VideoCentricQA')], prompt types [['query', 'document']], and task names\n"}
,{"stream_name":"stderr","time":879.483810358,"data":"Task name Document is not valid. Valid keys are task types [('BitextMining', 'Classification', 'MultilabelClassification', 'Clustering', 'PairClassification', 'Regression', 'Reranking', 'Retrieval', 'STS', 'Summarization', 'InstructionRetrieval', 'InstructionReranking', 'Any2AnyReranking', 'Any2AnyRetrieval', 'Any2AnyMultilingualRetrieval', 'VisionCentricQA', 'ImageClustering', 'ImageClassification', 'DocumentUnderstanding', 'VisualSTS(eng)', 'VisualSTS(multi)', 'ZeroShotClassification', 'Compositionality', 'AudioClustering', 'AudioMultilabelClassification', 'AudioReranking', 'AudioZeroshotClassification', 'AudioClassification', 'AudioPairClassification', 'VideoClassification', 'VideoClustering', 'VideoMultilabelClassification', 'VideoPairClassification', 'VideoZeroshotClassification', 'VideoCentricQA')], prompt types [['query', 'document']], and task names\n"}
,{"stream_name":"stderr","time":879.492585645,"data":"/usr/local/lib/python3.13/dist-packages/mteb/models/sentence_transformer_wrapper.py:430: UserWarning: Some prompts are not in the expected format and will be ignored. Problems:\n"}
,{"stream_name":"stderr","time":879.49263665,"data":"\n"}
,{"stream_name":"stderr","time":879.492645446,"data":"Task name SentenceSimilarity is not valid. Valid keys are task types [('BitextMining', 'Classification', 'MultilabelClassification', 'Clustering', 'PairClassification', 'Regression', 'Reranking', 'Retrieval', 'STS', 'Summarization', 'InstructionRetrieval', 'InstructionReranking', 'Any2AnyReranking', 'Any2AnyRetrieval', 'Any2AnyMultilingualRetrieval', 'VisionCentricQA', 'ImageClustering', 'ImageClassification', 'DocumentUnderstanding', 'VisualSTS(eng)', 'VisualSTS(multi)', 'ZeroShotClassification', 'Compositionality', 'AudioClustering', 'AudioMultilabelClassification', 'AudioReranking', 'AudioZeroshotClassification', 'AudioClassification', 'AudioPairClassification', 'VideoClassification', 'VideoClustering', 'VideoMultilabelClassification', 'VideoPairClassification', 'VideoZeroshotClassification', 'VideoCentricQA')], prompt types [['query', 'document']], and task names\n"}
,{"stream_name":"stderr","time":879.492671294,"data":"Task name FactChecking is not valid. Valid keys are task types [('BitextMining', 'Classification', 'MultilabelClassification', 'Clustering', 'PairClassification', 'Regression', 'Reranking', 'Retrieval', 'STS', 'Summarization', 'InstructionRetrieval', 'InstructionReranking', 'Any2AnyReranking', 'Any2AnyRetrieval', 'Any2AnyMultilingualRetrieval', 'VisionCentricQA', 'ImageClustering', 'ImageClassification', 'DocumentUnderstanding', 'VisualSTS(eng)', 'VisualSTS(multi)', 'ZeroShotClassification', 'Compositionality', 'AudioClustering', 'AudioMultilabelClassification', 'AudioReranking', 'AudioZeroshotClassification', 'AudioClassification', 'AudioPairClassification', 'VideoClassification', 'VideoClustering', 'VideoMultilabelClassification', 'VideoPairClassification', 'VideoZeroshotClassification', 'VideoCentricQA')], prompt types [['query', 'document']], and task names\n"}
,{"stream_name":"stderr","time":879.492676965,"data":"Task name QuestionAnswering is not valid. Valid keys are task types [('BitextMining', 'Classification', 'MultilabelClassification', 'Clustering', 'PairClassification', 'Regression', 'Reranking', 'Retrieval', 'STS', 'Summarization', 'InstructionRetrieval', 'InstructionReranking', 'Any2AnyReranking', 'Any2AnyRetrieval', 'Any2AnyMultilingualRetrieval', 'VisionCentricQA', 'ImageClustering', 'ImageClassification', 'DocumentUnderstanding', 'VisualSTS(eng)', 'VisualSTS(multi)', 'ZeroShotClassification', 'Compositionality', 'AudioClustering', 'AudioMultilabelClassification', 'AudioReranking', 'AudioZeroshotClassification', 'AudioClassification', 'AudioPairClassification', 'VideoClassification', 'VideoClustering', 'VideoMultilabelClassification', 'VideoPairClassification', 'VideoZeroshotClassification', 'VideoCentricQA')], prompt types [['query', 'document']], and task names\n"}
,{"stream_name":"stderr","time":879.492681182,"data":"Task name CodeRetrieval is not valid. Valid keys are task types [('BitextMining', 'Classification', 'MultilabelClassification', 'Clustering', 'PairClassification', 'Regression', 'Reranking', 'Retrieval', 'STS', 'Summarization', 'InstructionRetrieval', 'InstructionReranking', 'Any2AnyReranking', 'Any2AnyRetrieval', 'Any2AnyMultilingualRetrieval', 'VisionCentricQA', 'ImageClustering', 'ImageClassification', 'DocumentUnderstanding', 'VisualSTS(eng)', 'VisualSTS(multi)', 'ZeroShotClassification', 'Compositionality', 'AudioClustering', 'AudioMultilabelClassification', 'AudioReranking', 'AudioZeroshotClassification', 'AudioClassification', 'AudioPairClassification', 'VideoClassification', 'VideoClustering', 'VideoMultilabelClassification', 'VideoPairClassification', 'VideoZeroshotClassification', 'VideoCentricQA')], prompt types [['query', 'document']], and task names\n"}
,{"stream_name":"stderr","time":879.492685736,"data":"Task name SearchQuery is not valid. Valid keys are task types [('BitextMining', 'Classification', 'MultilabelClassification', 'Clustering', 'PairClassification', 'Regression', 'Reranking', 'Retrieval', 'STS', 'Summarization', 'InstructionRetrieval', 'InstructionReranking', 'Any2AnyReranking', 'Any2AnyRetrieval', 'Any2AnyMultilingualRetrieval', 'VisionCentricQA', 'ImageClustering', 'ImageClassification', 'DocumentUnderstanding', 'VisualSTS(eng)', 'VisualSTS(multi)', 'ZeroShotClassification', 'Compositionality', 'AudioClustering', 'AudioMultilabelClassification', 'AudioReranking', 'AudioZeroshotClassification', 'AudioClassification', 'AudioPairClassification', 'VideoClassification', 'VideoClustering', 'VideoMultilabelClassification', 'VideoPairClassification', 'VideoZeroshotClassification', 'VideoCentricQA')], prompt types [['query', 'document']], and task names\n"}
,{"stream_name":"stderr","time":879.492689972,"data":"Task name Document is not valid. Valid keys are task types [('BitextMining', 'Classification', 'MultilabelClassification', 'Clustering', 'PairClassification', 'Regression', 'Reranking', 'Retrieval', 'STS', 'Summarization', 'InstructionRetrieval', 'InstructionReranking', 'Any2AnyReranking', 'Any2AnyRetrieval', 'Any2AnyMultilingualRetrieval', 'VisionCentricQA', 'ImageClustering', 'ImageClassification', 'DocumentUnderstanding', 'VisualSTS(eng)', 'VisualSTS(multi)', 'ZeroShotClassification', 'Compositionality', 'AudioClustering', 'AudioMultilabelClassification', 'AudioReranking', 'AudioZeroshotClassification', 'AudioClassification', 'AudioPairClassification', 'VideoClassification', 'VideoClustering', 'VideoMultilabelClassification', 'VideoPairClassification', 'VideoZeroshotClassification', 'VideoCentricQA')], prompt types [['query', 'document']], and task names\n"}
,{"stream_name":"stderr","time":879.49269704,"data":"  self.model_prompts = _resolve_model_prompts(self.model, model_prompts)\n"}
,{"stream_name":"stderr","time":879.492705165,"data":"\n"}
,{"stream_name":"stderr","time":879.492707853,"data":"/usr/local/lib/python3.13/dist-packages/mteb/models/sentence_transformer_wrapper.py:430: UserWarning: Some prompts are not in the expected format and will be ignored. Problems:\n"}
,{"stream_name":"stderr","time":879.492711928,"data":"\n"}
,{"stream_name":"stderr","time":879.492731141,"data":"Task name SentenceSimilarity is not valid. Valid keys are task types [('BitextMining', 'Classification', 'MultilabelClassification', 'Clustering', 'PairClassification', 'Regression', 'Reranking', 'Retrieval', 'STS', 'Summarization', 'InstructionRetrieval', 'InstructionReranking', 'Any2AnyReranking', 'Any2AnyRetrieval', 'Any2AnyMultilingualRetrieval', 'VisionCentricQA', 'ImageClustering', 'ImageClassification', 'DocumentUnderstanding', 'VisualSTS(eng)', 'VisualSTS(multi)', 'ZeroShotClassification', 'Compositionality', 'AudioClustering', 'AudioMultilabelClassification', 'AudioReranking', 'AudioZeroshotClassification', 'AudioClassification', 'AudioPairClassification', 'VideoClassification', 'VideoClustering', 'VideoMultilabelClassification', 'VideoPairClassification', 'VideoZeroshotClassification', 'VideoCentricQA')], prompt types [['query', 'document']], and task names\n"}
,{"stream_name":"stderr","time":879.492739065,"data":"Task name FactChecking is not valid. Valid keys are task types [('BitextMining', 'Classification', 'MultilabelClassification', 'Clustering', 'PairClassification', 'Regression', 'Reranking', 'Retrieval', 'STS', 'Summarization', 'InstructionRetrieval', 'InstructionReranking', 'Any2AnyReranking', 'Any2AnyRetrieval', 'Any2AnyMultilingualRetrieval', 'VisionCentricQA', 'ImageClustering', 'ImageClassification', 'DocumentUnderstanding', 'VisualSTS(eng)', 'VisualSTS(multi)', 'ZeroShotClassification', 'Compositionality', 'AudioClustering', 'AudioMultilabelClassification', 'AudioReranking', 'AudioZeroshotClassification', 'AudioClassification', 'AudioPairClassification', 'VideoClassification', 'VideoClustering', 'VideoMultilabelClassification', 'VideoPairClassification', 'VideoZeroshotClassification', 'VideoCentricQA')], prompt types [['query', 'document']], and task names\n"}
,{"stream_name":"stderr","time":879.492746862,"data":"Task name QuestionAnswering is not valid. Valid keys are task types [('BitextMining', 'Classification', 'MultilabelClassification', 'Clustering', 'PairClassification', 'Regression', 'Reranking', 'Retrieval', 'STS', 'Summarization', 'InstructionRetrieval', 'InstructionReranking', 'Any2AnyReranking', 'Any2AnyRetrieval', 'Any2AnyMultilingualRetrieval', 'VisionCentricQA', 'ImageClustering', 'ImageClassification', 'DocumentUnderstanding', 'VisualSTS(eng)', 'VisualSTS(multi)', 'ZeroShotClassification', 'Compositionality', 'AudioClustering', 'AudioMultilabelClassification', 'AudioReranking', 'AudioZeroshotClassification', 'AudioClassification', 'AudioPairClassification', 'VideoClassification', 'VideoClustering', 'VideoMultilabelClassification', 'VideoPairClassification', 'VideoZeroshotClassification', 'VideoCentricQA')], prompt types [['query', 'document']], and task names\n"}
,{"stream_name":"stderr","time":879.492758127,"data":"Task name CodeRetrieval is not valid. Valid keys are task types [('BitextMining', 'Classification', 'MultilabelClassification', 'Clustering', 'PairClassification', 'Regression', 'Reranking', 'Retrieval', 'STS', 'Summarization', 'InstructionRetrieval', 'InstructionReranking', 'Any2AnyReranking', 'Any2AnyRetrieval', 'Any2AnyMultilingualRetrieval', 'VisionCentricQA', 'ImageClustering', 'ImageClassification', 'DocumentUnderstanding', 'VisualSTS(eng)', 'VisualSTS(multi)', 'ZeroShotClassification', 'Compositionality', 'AudioClustering', 'AudioMultilabelClassification', 'AudioReranking', 'AudioZeroshotClassification', 'AudioClassification', 'AudioPairClassification', 'VideoClassification', 'VideoClustering', 'VideoMultilabelClassification', 'VideoPairClassification', 'VideoZeroshotClassification', 'VideoCentricQA')], prompt types [['query', 'document']], and task names\n"}
,{"stream_name":"stderr","time":879.492765216,"data":"Task name SearchQuery is not valid. Valid keys are task types [('BitextMining', 'Classification', 'MultilabelClassification', 'Clustering', 'PairClassification', 'Regression', 'Reranking', 'Retrieval', 'STS', 'Summarization', 'InstructionRetrieval', 'InstructionReranking', 'Any2AnyReranking', 'Any2AnyRetrieval', 'Any2AnyMultilingualRetrieval', 'VisionCentricQA', 'ImageClustering', 'ImageClassification', 'DocumentUnderstanding', 'VisualSTS(eng)', 'VisualSTS(multi)', 'ZeroShotClassification', 'Compositionality', 'AudioClustering', 'AudioMultilabelClassification', 'AudioReranking', 'AudioZeroshotClassification', 'AudioClassification', 'AudioPairClassification', 'VideoClassification', 'VideoClustering', 'VideoMultilabelClassification', 'VideoPairClassification', 'VideoZeroshotClassification', 'VideoCentricQA')], prompt types [['query', 'document']], and task names\n"}
,{"stream_name":"stderr","time":879.49277273,"data":"Task name Document is not valid. Valid keys are task types [('BitextMining', 'Classification', 'MultilabelClassification', 'Clustering', 'PairClassification', 'Regression', 'Reranking', 'Retrieval', 'STS', 'Summarization', 'InstructionRetrieval', 'InstructionReranking', 'Any2AnyReranking', 'Any2AnyRetrieval', 'Any2AnyMultilingualRetrieval', 'VisionCentricQA', 'ImageClustering', 'ImageClassification', 'DocumentUnderstanding', 'VisualSTS(eng)', 'VisualSTS(multi)', 'ZeroShotClassification', 'Compositionality', 'AudioClustering', 'AudioMultilabelClassification', 'AudioReranking', 'AudioZeroshotClassification', 'AudioClassification', 'AudioPairClassification', 'VideoClassification', 'VideoClustering', 'VideoMultilabelClassification', 'VideoPairClassification', 'VideoZeroshotClassification', 'VideoCentricQA')], prompt types [['query', 'document']], and task names\n"}
,{"stream_name":"stderr","time":879.492784453,"data":"  self.model_prompts = _resolve_model_prompts(self.model, model_prompts)\n"}
,{"stream_name":"stderr","time":943.352875809,"data":"/usr/local/lib/python3.13/dist-packages/sklearn/metrics/_classification.py:1565: UndefinedMetricWarning: Precision is ill-defined and being set to 0.0 in labels with no predicted samples. Use `zero_division` parameter to control this behavior.\n"}
,{"stream_name":"stderr","time":943.352916798,"data":"  _warn_prf(average, modifier, f\"{metric.capitalize()} is\", len(result))\n"}
,{"stream_name":"stderr","time":943.352924013,"data":"/usr/local/lib/python3.13/dist-packages/sklearn/metrics/_classification.py:1565: UndefinedMetricWarning: Precision is ill-defined and being set to 0.0 in labels with no predicted samples. Use `zero_division` parameter to control this behavior.\n"}
,{"stream_name":"stderr","time":943.352930055,"data":"  _warn_prf(average, modifier, f\"{metric.capitalize()} is\", len(result))\n"}
,{"stream_name":"stderr","time":943.352935012,"data":"\n"}
,{"stream_name":"stderr","time":943.352939603,"data":"/usr/local/lib/python3.13/dist-packages/sklearn/metrics/_classification.py:1565: UndefinedMetricWarning: Precision is ill-defined and being set to 0.0 in labels with no predicted samples. Use `zero_division` parameter to control this behavior.\n"}
,{"stream_name":"stderr","time":943.352956369,"data":"  _warn_prf(average, modifier, f\"{metric.capitalize()} is\", len(result))\n"}
,{"stream_name":"stderr","time":943.352960654,"data":"/usr/local/lib/python3.13/dist-packages/sklearn/metrics/_classification.py:1565: UndefinedMetricWarning: Precision is ill-defined and being set to 0.0 in labels with no predicted samples. Use `zero_division` parameter to control this behavior.\n"}
,{"stream_name":"stderr","time":943.352965057,"data":"  _warn_prf(average, modifier, f\"{metric.capitalize()} is\", len(result))\n"}
,{"stream_name":"stderr","time":945.642223748,"data":"/usr/local/lib/python3.13/dist-packages/sklearn/metrics/_classification.py:1565: UndefinedMetricWarning: Precision is ill-defined and being set to 0.0 in labels with no predicted samples. Use `zero_division` parameter to control this behavior.\n"}
,{"stream_name":"stderr","time":945.642260366,"data":"  _warn_prf(average, modifier, f\"{metric.capitalize()} is\", len(result))\n"}
,{"stream_name":"stderr","time":945.642266256,"data":"/usr/local/lib/python3.13/dist-packages/sklearn/metrics/_classification.py:1565: UndefinedMetricWarning: Precision is ill-defined and being set to 0.0 in labels with no predicted samples. Use `zero_division` parameter to control this behavior.\n"}
,{"stream_name":"stderr","time":945.642271193,"data":"  _warn_prf(average, modifier, f\"{metric.capitalize()} is\", len(result))\n"}
,{"stream_name":"stderr","time":945.642275195,"data":"\n"}
,{"stream_name":"stderr","time":945.642278819,"data":"/usr/local/lib/python3.13/dist-packages/sklearn/metrics/_classification.py:1565: UndefinedMetricWarning: Precision is ill-defined and being set to 0.0 in labels with no predicted samples. Use `zero_division` parameter to control this behavior.\n"}
,{"stream_name":"stderr","time":945.642283362,"data":"  _warn_prf(average, modifier, f\"{metric.capitalize()} is\", len(result))\n"}
,{"stream_name":"stderr","time":945.642287364,"data":"/usr/local/lib/python3.13/dist-packages/sklearn/metrics/_classification.py:1565: UndefinedMetricWarning: Precision is ill-defined and being set to 0.0 in labels with no predicted samples. Use `zero_division` parameter to control this behavior.\n"}
,{"stream_name":"stderr","time":945.64229175,"data":"  _warn_prf(average, modifier, f\"{metric.capitalize()} is\", len(result))\n"}
,{"stream_name":"stderr","time":948.352258661,"data":"/usr/local/lib/python3.13/dist-packages/sklearn/metrics/_classification.py:1565: UndefinedMetricWarning: Precision is ill-defined and being set to 0.0 in labels with no predicted samples. Use `zero_division` parameter to control this behavior.\n"}
,{"stream_name":"stderr","time":948.352306556,"data":"  _warn_prf(average, modifier, f\"{metric.capitalize()} is\", len(result))\n"}
,{"stream_name":"stderr","time":948.352312118,"data":"/usr/local/lib/python3.13/dist-packages/sklearn/metrics/_classification.py:1565: UndefinedMetricWarning: Precision is ill-defined and being set to 0.0 in labels with no predicted samples. Use `zero_division` parameter to control this behavior.\n"}
,{"stream_name":"stderr","time":948.352317116,"data":"  _warn_prf(average, modifier, f\"{metric.capitalize()} is\", len(result))\n"}
,{"stream_name":"stderr","time":948.352321209,"data":"\n"}
,{"stream_name":"stderr","time":948.352324727,"data":"/usr/local/lib/python3.13/dist-packages/sklearn/metrics/_classification.py:1565: UndefinedMetricWarning: Precision is ill-defined and being set to 0.0 in labels with no predicted samples. Use `zero_division` parameter to control this behavior.\n"}
,{"stream_name":"stderr","time":948.352329159,"data":"  _warn_prf(average, modifier, f\"{metric.capitalize()} is\", len(result))\n"}
,{"stream_name":"stderr","time":948.352347961,"data":"/usr/local/lib/python3.13/dist-packages/sklearn/metrics/_classification.py:1565: UndefinedMetricWarning: Precision is ill-defined and being set to 0.0 in labels with no predicted samples. Use `zero_division` parameter to control this behavior.\n"}
,{"stream_name":"stderr","time":948.352352263,"data":"  _warn_prf(average, modifier, f\"{metric.capitalize()} is\", len(result))\n"}
,{"stream_name":"stderr","time":950.61351182,"data":"/usr/local/lib/python3.13/dist-packages/sklearn/metrics/_classification.py:1565: UndefinedMetricWarning: Precision is ill-defined and being set to 0.0 in labels with no predicted samples. Use `zero_division` parameter to control this behavior.\n"}
,{"stream_name":"stderr","time":950.613547228,"data":"  _warn_prf(average, modifier, f\"{metric.capitalize()} is\", len(result))\n"}
,{"stream_name":"stderr","time":950.613555353,"data":"/usr/local/lib/python3.13/dist-packages/sklearn/metrics/_classification.py:1565: UndefinedMetricWarning: Precision is ill-defined and being set to 0.0 in labels with no predicted samples. Use `zero_division` parameter to control this behavior.\n"}
,{"stream_name":"stderr","time":950.613558204,"data":"  _warn_prf(average, modifier, f\"{metric.capitalize()} is\", len(result))\n"}
,{"stream_name":"stderr","time":950.613561653,"data":"\n"}
,{"stream_name":"stderr","time":950.61357548,"data":"/usr/local/lib/python3.13/dist-packages/sklearn/metrics/_classification.py:1565: UndefinedMetricWarning: Precision is ill-defined and being set to 0.0 in labels with no predicted samples. Use `zero_division` parameter to control this behavior.\n"}
,{"stream_name":"stderr","time":950.613580191,"data":"  _warn_prf(average, modifier, f\"{metric.capitalize()} is\", len(result))\n"}
,{"stream_name":"stderr","time":950.613584388,"data":"/usr/local/lib/python3.13/dist-packages/sklearn/metrics/_classification.py:1565: UndefinedMetricWarning: Precision is ill-defined and being set to 0.0 in labels with no predicted samples. Use `zero_division` parameter to control this behavior.\n"}
,{"stream_name":"stderr","time":950.613589176,"data":"  _warn_prf(average, modifier, f\"{metric.capitalize()} is\", len(result))\n"}
,{"stream_name":"stderr","time":953.042363672,"data":"/usr/local/lib/python3.13/dist-packages/sklearn/metrics/_classification.py:1565: UndefinedMetricWarning: Precision is ill-defined and being set to 0.0 in labels with no predicted samples. Use `zero_division` parameter to control this behavior.\n"}
,{"stream_name":"stderr","time":953.042401863,"data":"  _warn_prf(average, modifier, f\"{metric.capitalize()} is\", len(result))\n"}
,{"stream_name":"stderr","time":953.042406493,"data":"/usr/local/lib/python3.13/dist-packages/sklearn/metrics/_classification.py:1565: UndefinedMetricWarning: Precision is ill-defined and being set to 0.0 in labels with no predicted samples. Use `zero_division` parameter to control this behavior.\n"}
,{"stream_name":"stderr","time":953.042409384,"data":"  _warn_prf(average, modifier, f\"{metric.capitalize()} is\", len(result))\n"}
,{"stream_name":"stderr","time":953.0424125,"data":"\n"}
,{"stream_name":"stderr","time":953.042424955,"data":"/usr/local/lib/python3.13/dist-packages/sklearn/metrics/_classification.py:1565: UndefinedMetricWarning: Precision is ill-defined and being set to 0.0 in labels with no predicted samples. Use `zero_division` parameter to control this behavior.\n"}
,{"stream_name":"stderr","time":953.042429472,"data":"  _warn_prf(average, modifier, f\"{metric.capitalize()} is\", len(result))\n"}
,{"stream_name":"stderr","time":953.042433935,"data":"/usr/local/lib/python3.13/dist-packages/sklearn/metrics/_classification.py:1565: UndefinedMetricWarning: Precision is ill-defined and being set to 0.0 in labels with no predicted samples. Use `zero_division` parameter to control this behavior.\n"}
,{"stream_name":"stderr","time":953.042452551,"data":"  _warn_prf(average, modifier, f\"{metric.capitalize()} is\", len(result))\n"}
,{"stream_name":"stderr","time":955.674825325,"data":"/usr/local/lib/python3.13/dist-packages/sklearn/metrics/_classification.py:1565: UndefinedMetricWarning: Precision is ill-defined and being set to 0.0 in labels with no predicted samples. Use `zero_division` parameter to control this behavior.\n"}
,{"stream_name":"stderr","time":955.674863348,"data":"  _warn_prf(average, modifier, f\"{metric.capitalize()} is\", len(result))\n"}
,{"stream_name":"stderr","time":955.674869471,"data":"/usr/local/lib/python3.13/dist-packages/sklearn/metrics/_classification.py:1565: UndefinedMetricWarning: Precision is ill-defined and being set to 0.0 in labels with no predicted samples. Use `zero_division` parameter to control this behavior.\n"}
,{"stream_name":"stderr","time":955.674874451,"data":"  _warn_prf(average, modifier, f\"{metric.capitalize()} is\", len(result))\n"}
,{"stream_name":"stderr","time":955.674878482,"data":"\n"}
,{"stream_name":"stderr","time":955.6748818,"data":"/usr/local/lib/python3.13/dist-packages/sklearn/metrics/_classification.py:1565: UndefinedMetricWarning: Precision is ill-defined and being set to 0.0 in labels with no predicted samples. Use `zero_division` parameter to control this behavior.\n"}
,{"stream_name":"stderr","time":955.674885742,"data":"  _warn_prf(average, modifier, f\"{metric.capitalize()} is\", len(result))\n"}
,{"stream_name":"stderr","time":955.674889325,"data":"/usr/local/lib/python3.13/dist-packages/sklearn/metrics/_classification.py:1565: UndefinedMetricWarning: Precision is ill-defined and being set to 0.0 in labels with no predicted samples. Use `zero_division` parameter to control this behavior.\n"}
,{"stream_name":"stderr","time":955.674893283,"data":"  _warn_prf(average, modifier, f\"{metric.capitalize()} is\", len(result))\n"}
,{"stream_name":"stderr","time":957.387572789,"data":"/usr/local/lib/python3.13/dist-packages/sklearn/metrics/_classification.py:1565: UndefinedMetricWarning: Precision is ill-defined and being set to 0.0 in labels with no predicted samples. Use `zero_division` parameter to control this behavior.\n"}
,{"stream_name":"stderr","time":957.387624446,"data":"  _warn_prf(average, modifier, f\"{metric.capitalize()} is\", len(result))\n"}
,{"stream_name":"stderr","time":957.387629675,"data":"/usr/local/lib/python3.13/dist-packages/sklearn/metrics/_classification.py:1565: UndefinedMetricWarning: Precision is ill-defined and being set to 0.0 in labels with no predicted samples. Use `zero_division` parameter to control this behavior.\n"}
,{"stream_name":"stderr","time":957.387635329,"data":"  _warn_prf(average, modifier, f\"{metric.capitalize()} is\", len(result))\n"}
,{"stream_name":"stderr","time":957.387643536,"data":"\n"}
,{"stream_name":"stderr","time":957.38764593,"data":"/usr/local/lib/python3.13/dist-packages/sklearn/metrics/_classification.py:1565: UndefinedMetricWarning: Precision is ill-defined and being set to 0.0 in labels with no predicted samples. Use `zero_division` parameter to control this behavior.\n"}
,{"stream_name":"stderr","time":957.387648639,"data":"  _warn_prf(average, modifier, f\"{metric.capitalize()} is\", len(result))\n"}
,{"stream_name":"stderr","time":957.387650925,"data":"/usr/local/lib/python3.13/dist-packages/sklearn/metrics/_classification.py:1565: UndefinedMetricWarning: Precision is ill-defined and being set to 0.0 in labels with no predicted samples. Use `zero_division` parameter to control this behavior.\n"}
,{"stream_name":"stderr","time":957.387653559,"data":"  _warn_prf(average, modifier, f\"{metric.capitalize()} is\", len(result))\n"}
,{"stream_name":"stderr","time":959.018821402,"data":"/usr/local/lib/python3.13/dist-packages/sklearn/metrics/_classification.py:1565: UndefinedMetricWarning: Precision is ill-defined and being set to 0.0 in labels with no predicted samples. Use `zero_division` parameter to control this behavior.\n"}
,{"stream_name":"stderr","time":959.019032714,"data":"  _warn_prf(average, modifier, f\"{metric.capitalize()} is\", len(result))\n"}
,{"stream_name":"stderr","time":959.019038915,"data":"/usr/local/lib/python3.13/dist-packages/sklearn/metrics/_classification.py:1565: UndefinedMetricWarning: Precision is ill-defined and being set to 0.0 in labels with no predicted samples. Use `zero_division` parameter to control this behavior.\n"}
,{"stream_name":"stderr","time":959.019043009,"data":"  _warn_prf(average, modifier, f\"{metric.capitalize()} is\", len(result))\n"}
,{"stream_name":"stderr","time":959.019046511,"data":"\n"}
,{"stream_name":"stderr","time":959.019049756,"data":"/usr/local/lib/python3.13/dist-packages/sklearn/metrics/_classification.py:1565: UndefinedMetricWarning: Precision is ill-defined and being set to 0.0 in labels with no predicted samples. Use `zero_division` parameter to control this behavior.\n"}
,{"stream_name":"stderr","time":959.019053638,"data":"  _warn_prf(average, modifier, f\"{metric.capitalize()} is\", len(result))\n"}
,{"stream_name":"stderr","time":959.019057169,"data":"/usr/local/lib/python3.13/dist-packages/sklearn/metrics/_classification.py:1565: UndefinedMetricWarning: Precision is ill-defined and being set to 0.0 in labels with no predicted samples. Use `zero_division` parameter to control this behavior.\n"}
,{"stream_name":"stderr","time":959.019061904,"data":"  _warn_prf(average, modifier, f\"{metric.capitalize()} is\", len(result))\n"}
,{"stream_name":"stderr","time":959.329145567,"data":"/usr/local/lib/python3.13/dist-packages/sklearn/metrics/_classification.py:1565: UndefinedMetricWarning: Recall is ill-defined and being set to 0.0 in labels with no true samples. Use `zero_division` parameter to control this behavior.\n"}
,{"stream_name":"stderr","time":959.329176311,"data":"  _warn_prf(average, modifier, f\"{metric.capitalize()} is\", len(result))\n"}
,{"stream_name":"stderr","time":959.329180859,"data":"/usr/local/lib/python3.13/dist-packages/sklearn/metrics/_classification.py:1565: UndefinedMetricWarning: Recall is ill-defined and being set to 0.0 in labels with no true samples. Use `zero_division` parameter to control this behavior.\n"}
,{"stream_name":"stderr","time":959.329184997,"data":"  _warn_prf(average, modifier, f\"{metric.capitalize()} is\", len(result))\n"}
,{"stream_name":"stderr","time":959.329188454,"data":"\n"}
,{"stream_name":"stderr","time":959.329191662,"data":"/usr/local/lib/python3.13/dist-packages/sklearn/metrics/_classification.py:1565: UndefinedMetricWarning: Recall is ill-defined and being set to 0.0 in labels with no true samples. Use `zero_division` parameter to control this behavior.\n"}
,{"stream_name":"stderr","time":959.329195556,"data":"  _warn_prf(average, modifier, f\"{metric.capitalize()} is\", len(result))\n"}
,{"stream_name":"stderr","time":959.329199009,"data":"/usr/local/lib/python3.13/dist-packages/sklearn/metrics/_classification.py:1565: UndefinedMetricWarning: Recall is ill-defined and being set to 0.0 in labels with no true samples. Use `zero_division` parameter to control this behavior.\n"}
,{"stream_name":"stderr","time":959.329202905,"data":"  _warn_prf(average, modifier, f\"{metric.capitalize()} is\", len(result))\n"}
,{"stream_name":"stderr","time":960.690758356,"data":"/usr/local/lib/python3.13/dist-packages/sklearn/metrics/_classification.py:1565: UndefinedMetricWarning: Precision is ill-defined and being set to 0.0 in labels with no predicted samples. Use `zero_division` parameter to control this behavior.\n"}
,{"stream_name":"stderr","time":960.690795131,"data":"  _warn_prf(average, modifier, f\"{metric.capitalize()} is\", len(result))\n"}
,{"stream_name":"stderr","time":960.690814973,"data":"/usr/local/lib/python3.13/dist-packages/sklearn/metrics/_classification.py:1565: UndefinedMetricWarning: Precision is ill-defined and being set to 0.0 in labels with no predicted samples. Use `zero_division` parameter to control this behavior.\n"}
,{"stream_name":"stderr","time":960.690819437,"data":"  _warn_prf(average, modifier, f\"{metric.capitalize()} is\", len(result))\n"}
,{"stream_name":"stderr","time":960.690823,"data":"\n"}
,{"stream_name":"stderr","time":960.690826192,"data":"/usr/local/lib/python3.13/dist-packages/sklearn/metrics/_classification.py:1565: UndefinedMetricWarning: Precision is ill-defined and being set to 0.0 in labels with no predicted samples. Use `zero_division` parameter to control this behavior.\n"}
,{"stream_name":"stderr","time":960.690830162,"data":"  _warn_prf(average, modifier, f\"{metric.capitalize()} is\", len(result))\n"}
,{"stream_name":"stderr","time":960.69083399,"data":"/usr/local/lib/python3.13/dist-packages/sklearn/metrics/_classification.py:1565: UndefinedMetricWarning: Precision is ill-defined and being set to 0.0 in labels with no predicted samples. Use `zero_division` parameter to control this behavior.\n"}
,{"stream_name":"stderr","time":960.690837846,"data":"  _warn_prf(average, modifier, f\"{metric.capitalize()} is\", len(result))\n"}
,{"stream_name":"stderr","time":962.793266615,"data":"/usr/local/lib/python3.13/dist-packages/sklearn/metrics/_classification.py:1565: UndefinedMetricWarning: Precision is ill-defined and being set to 0.0 in labels with no predicted samples. Use `zero_division` parameter to control this behavior.\n"}
,{"stream_name":"stderr","time":962.793306744,"data":"  _warn_prf(average, modifier, f\"{metric.capitalize()} is\", len(result))\n"}
,{"stream_name":"stderr","time":962.793312344,"data":"/usr/local/lib/python3.13/dist-packages/sklearn/metrics/_classification.py:1565: UndefinedMetricWarning: Precision is ill-defined and being set to 0.0 in labels with no predicted samples. Use `zero_division` parameter to control this behavior.\n"}
,{"stream_name":"stderr","time":962.793316724,"data":"  _warn_prf(average, modifier, f\"{metric.capitalize()} is\", len(result))\n"}
,{"stream_name":"stderr","time":962.793320577,"data":"\n"}
,{"stream_name":"stderr","time":962.793324066,"data":"/usr/local/lib/python3.13/dist-packages/sklearn/metrics/_classification.py:1565: UndefinedMetricWarning: Precision is ill-defined and being set to 0.0 in labels with no predicted samples. Use `zero_division` parameter to control this behavior.\n"}
,{"stream_name":"stderr","time":962.793328763,"data":"  _warn_prf(average, modifier, f\"{metric.capitalize()} is\", len(result))\n"}
,{"stream_name":"stderr","time":962.793332519,"data":"/usr/local/lib/python3.13/dist-packages/sklearn/metrics/_classification.py:1565: UndefinedMetricWarning: Precision is ill-defined and being set to 0.0 in labels with no predicted samples. Use `zero_division` parameter to control this behavior.\n"}
,{"stream_name":"stderr","time":962.793336634,"data":"  _warn_prf(average, modifier, f\"{metric.capitalize()} is\", len(result))\n"}
,{"stream_name":"stdout","time":1042.460485423,"data":"MassiveIntentClassification    main_score=0.8802 rev=4672e204\n"}
,{"stream_name":"stderr","time":1042.464065509,"data":"/usr/local/lib/python3.13/dist-packages/mteb/models/model_meta.py:969: FutureWarning: The `get_sentence_embedding_dimension` method has been renamed to `get_embedding_dimension`.\n"}
,{"stream_name":"stderr","time":1042.464094707,"data":"  embedding_dimensions = model.get_sentence_embedding_dimension()\n"}
,{"stream_name":"stderr","time":1042.464100523,"data":"/usr/local/lib/python3.13/dist-packages/mteb/models/model_meta.py:929: FutureWarning: The `get_sentence_embedding_dimension` method has been renamed to `get_embedding_dimension`.\n"}
,{"stream_name":"stderr","time":1042.464131613,"data":"  embed_dim=model.get_sentence_embedding_dimension(),\n"}
,{"stream_name":"stderr","time":1042.464141106,"data":"Task name CodeRetrieval is not valid. Valid keys are task types [('BitextMining', 'Classification', 'MultilabelClassification', 'Clustering', 'PairClassification', 'Regression', 'Reranking', 'Retrieval', 'STS', 'Summarization', 'InstructionRetrieval', 'InstructionReranking', 'Any2AnyReranking', 'Any2AnyRetrieval', 'Any2AnyMultilingualRetrieval', 'VisionCentricQA', 'ImageClustering', 'ImageClassification', 'DocumentUnderstanding', 'VisualSTS(eng)', 'VisualSTS(multi)', 'ZeroShotClassification', 'Compositionality', 'AudioClustering', 'AudioMultilabelClassification', 'AudioReranking', 'AudioZeroshotClassification', 'AudioClassification', 'AudioPairClassification', 'VideoClassification', 'VideoClustering', 'VideoMultilabelClassification', 'VideoPairClassification', 'VideoZeroshotClassification', 'VideoCentricQA')], prompt types [['query', 'document']], and task names\n"}
,{"stream_name":"stderr","time":1042.464149053,"data":"\n"}
,{"stream_name":"stderr","time":1042.464152254,"data":"/usr/local/lib/python3.13/dist-packages/mteb/models/model_meta.py:969: FutureWarning: The `get_sentence_embedding_dimension` method has been renamed to `get_embedding_dimension`.\n"}
,{"stream_name":"stderr","time":1042.464155935,"data":"  embedding_dimensions = model.get_sentence_embedding_dimension()\n"}
,{"stream_name":"stderr","time":1042.464159281,"data":"/usr/local/lib/python3.13/dist-packages/mteb/models/model_meta.py:929: FutureWarning: The `get_sentence_embedding_dimension` method has been renamed to `get_embedding_dimension`.\n"}
,{"stream_name":"stderr","time":1042.464162929,"data":"  embed_dim=model.get_sentence_embedding_dimension(),\n"}
,{"stream_name":"stderr","time":1042.46416734,"data":"Task name CodeRetrieval is not valid. Valid keys are task types [('BitextMining', 'Classification', 'MultilabelClassification', 'Clustering', 'PairClassification', 'Regression', 'Reranking', 'Retrieval', 'STS', 'Summarization', 'InstructionRetrieval', 'InstructionReranking', 'Any2AnyReranking', 'Any2AnyRetrieval', 'Any2AnyMultilingualRetrieval', 'VisionCentricQA', 'ImageClustering', 'ImageClassification', 'DocumentUnderstanding', 'VisualSTS(eng)', 'VisualSTS(multi)', 'ZeroShotClassification', 'Compositionality', 'AudioClustering', 'AudioMultilabelClassification', 'AudioReranking', 'AudioZeroshotClassification', 'AudioClassification', 'AudioPairClassification', 'VideoClassification', 'VideoClustering', 'VideoMultilabelClassification', 'VideoPairClassification', 'VideoZeroshotClassification', 'VideoCentricQA')], prompt types [['query', 'document']], and task names\n"}
,{"stream_name":"stderr","time":1042.471311581,"data":"/usr/local/lib/python3.13/dist-packages/mteb/models/sentence_transformer_wrapper.py:150: UserWarning: Task name CodeRetrieval is not valid. Valid keys are task types [('BitextMining', 'Classification', 'MultilabelClassification', 'Clustering', 'PairClassification', 'Regression', 'Reranking', 'Retrieval', 'STS', 'Summarization', 'InstructionRetrieval', 'InstructionReranking', 'Any2AnyReranking', 'Any2AnyRetrieval', 'Any2AnyMultilingualRetrieval', 'VisionCentricQA', 'ImageClustering', 'ImageClassification', 'DocumentUnderstanding', 'VisualSTS(eng)', 'VisualSTS(multi)', 'ZeroShotClassification', 'Compositionality', 'AudioClustering', 'AudioMultilabelClassification', 'AudioReranking', 'AudioZeroshotClassification', 'AudioClassification', 'AudioPairClassification', 'VideoClassification', 'VideoClustering', 'VideoMultilabelClassification', 'VideoPairClassification', 'VideoZeroshotClassification', 'VideoCentricQA')], prompt types [['query', 'document']], and task names\n"}
,{"stream_name":"stderr","time":1042.471336485,"data":"  resolved_prompts, invalid_prompts = AbsEncoder.validate_task_to_prompt_name(\n"}
,{"stream_name":"stderr","time":1042.471351443,"data":"Task name Document is not valid. Valid keys are task types [('BitextMining', 'Classification', 'MultilabelClassification', 'Clustering', 'PairClassification', 'Regression', 'Reranking', 'Retrieval', 'STS', 'Summarization', 'InstructionRetrieval', 'InstructionReranking', 'Any2AnyReranking', 'Any2AnyRetrieval', 'Any2AnyMultilingualRetrieval', 'VisionCentricQA', 'ImageClustering', 'ImageClassification', 'DocumentUnderstanding', 'VisualSTS(eng)', 'VisualSTS(multi)', 'ZeroShotClassification', 'Compositionality', 'AudioClustering', 'AudioMultilabelClassification', 'AudioReranking', 'AudioZeroshotClassification', 'AudioClassification', 'AudioPairClassification', 'VideoClassification', 'VideoClustering', 'VideoMultilabelClassification', 'VideoPairClassification', 'VideoZeroshotClassification', 'VideoCentricQA')], prompt types [['query', 'document']], and task names\n"}
,{"stream_name":"stderr","time":1042.471358168,"data":"\n"}
,{"stream_name":"stderr","time":1042.471362599,"data":"/usr/local/lib/python3.13/dist-packages/mteb/models/sentence_transformer_wrapper.py:150: UserWarning: Task name CodeRetrieval is not valid. Valid keys are task types [('BitextMining', 'Classification', 'MultilabelClassification', 'Clustering', 'PairClassification', 'Regression', 'Reranking', 'Retrieval', 'STS', 'Summarization', 'InstructionRetrieval', 'InstructionReranking', 'Any2AnyReranking', 'Any2AnyRetrieval', 'Any2AnyMultilingualRetrieval', 'VisionCentricQA', 'ImageClustering', 'ImageClassification', 'DocumentUnderstanding', 'VisualSTS(eng)', 'VisualSTS(multi)', 'ZeroShotClassification', 'Compositionality', 'AudioClustering', 'AudioMultilabelClassification', 'AudioReranking', 'AudioZeroshotClassification', 'AudioClassification', 'AudioPairClassification', 'VideoClassification', 'VideoClustering', 'VideoMultilabelClassification', 'VideoPairClassification', 'VideoZeroshotClassification', 'VideoCentricQA')], prompt types [['query', 'document']], and task names\n"}
,{"stream_name":"stderr","time":1042.471369301,"data":"  resolved_prompts, invalid_prompts = AbsEncoder.validate_task_to_prompt_name(\n"}
,{"stream_name":"stderr","time":1042.471377914,"data":"Task name Document is not valid. Valid keys are task types [('BitextMining', 'Classification', 'MultilabelClassification', 'Clustering', 'PairClassification', 'Regression', 'Reranking', 'Retrieval', 'STS', 'Summarization', 'InstructionRetrieval', 'InstructionReranking', 'Any2AnyReranking', 'Any2AnyRetrieval', 'Any2AnyMultilingualRetrieval', 'VisionCentricQA', 'ImageClustering', 'ImageClassification', 'DocumentUnderstanding', 'VisualSTS(eng)', 'VisualSTS(multi)', 'ZeroShotClassification', 'Compositionality', 'AudioClustering', 'AudioMultilabelClassification', 'AudioReranking', 'AudioZeroshotClassification', 'AudioClassification', 'AudioPairClassification', 'VideoClassification', 'VideoClustering', 'VideoMultilabelClassification', 'VideoPairClassification', 'VideoZeroshotClassification', 'VideoCentricQA')], prompt types [['query', 'document']], and task names\n"}
,{"stream_name":"stderr","time":1042.482002981,"data":"/usr/local/lib/python3.13/dist-packages/mteb/models/sentence_transformer_wrapper.py:150: UserWarning: Task name Document is not valid. Valid keys are task types [('BitextMining', 'Classification', 'MultilabelClassification', 'Clustering', 'PairClassification', 'Regression', 'Reranking', 'Retrieval', 'STS', 'Summarization', 'InstructionRetrieval', 'InstructionReranking', 'Any2AnyReranking', 'Any2AnyRetrieval', 'Any2AnyMultilingualRetrieval', 'VisionCentricQA', 'ImageClustering', 'ImageClassification', 'DocumentUnderstanding', 'VisualSTS(eng)', 'VisualSTS(multi)', 'ZeroShotClassification', 'Compositionality', 'AudioClustering', 'AudioMultilabelClassification', 'AudioReranking', 'AudioZeroshotClassification', 'AudioClassification', 'AudioPairClassification', 'VideoClassification', 'VideoClustering', 'VideoMultilabelClassification', 'VideoPairClassification', 'VideoZeroshotClassification', 'VideoCentricQA')], prompt types [['query', 'document']], and task names\n"}
,{"stream_name":"stderr","time":1042.482029624,"data":"  resolved_prompts, invalid_prompts = AbsEncoder.validate_task_to_prompt_name(\n"}
,{"stream_name":"stderr","time":1042.482034151,"data":"Task name FactChecking is not valid. Valid keys are task types [('BitextMining', 'Classification', 'MultilabelClassification', 'Clustering', 'PairClassification', 'Regression', 'Reranking', 'Retrieval', 'STS', 'Summarization', 'InstructionRetrieval', 'InstructionReranking', 'Any2AnyReranking', 'Any2AnyRetrieval', 'Any2AnyMultilingualRetrieval', 'VisionCentricQA', 'ImageClustering', 'ImageClassification', 'DocumentUnderstanding', 'VisualSTS(eng)', 'VisualSTS(multi)', 'ZeroShotClassification', 'Compositionality', 'AudioClustering', 'AudioMultilabelClassification', 'AudioReranking', 'AudioZeroshotClassification', 'AudioClassification', 'AudioPairClassification', 'VideoClassification', 'VideoClustering', 'VideoMultilabelClassification', 'VideoPairClassification', 'VideoZeroshotClassification', 'VideoCentricQA')], prompt types [['query', 'document']], and task names\n"}
,{"stream_name":"stderr","time":1042.48204007,"data":"\n"}
,{"stream_name":"stderr","time":1042.482044144,"data":"/usr/local/lib/python3.13/dist-packages/mteb/models/sentence_transformer_wrapper.py:150: UserWarning: Task name Document is not valid. Valid keys are task types [('BitextMining', 'Classification', 'MultilabelClassification', 'Clustering', 'PairClassification', 'Regression', 'Reranking', 'Retrieval', 'STS', 'Summarization', 'InstructionRetrieval', 'InstructionReranking', 'Any2AnyReranking', 'Any2AnyRetrieval', 'Any2AnyMultilingualRetrieval', 'VisionCentricQA', 'ImageClustering', 'ImageClassification', 'DocumentUnderstanding', 'VisualSTS(eng)', 'VisualSTS(multi)', 'ZeroShotClassification', 'Compositionality', 'AudioClustering', 'AudioMultilabelClassification', 'AudioReranking', 'AudioZeroshotClassification', 'AudioClassification', 'AudioPairClassification', 'VideoClassification', 'VideoClustering', 'VideoMultilabelClassification', 'VideoPairClassification', 'VideoZeroshotClassification', 'VideoCentricQA')], prompt types [['query', 'document']], and task names\n"}
,{"stream_name":"stderr","time":1042.482050285,"data":"  resolved_prompts, invalid_prompts = AbsEncoder.validate_task_to_prompt_name(\n"}
,{"stream_name":"stderr","time":1042.482053701,"data":"Task name FactChecking is not valid. Valid keys are task types [('BitextMining', 'Classification', 'MultilabelClassification', 'Clustering', 'PairClassification', 'Regression', 'Reranking', 'Retrieval', 'STS', 'Summarization', 'InstructionRetrieval', 'InstructionReranking', 'Any2AnyReranking', 'Any2AnyRetrieval', 'Any2AnyMultilingualRetrieval', 'VisionCentricQA', 'ImageClustering', 'ImageClassification', 'DocumentUnderstanding', 'VisualSTS(eng)', 'VisualSTS(multi)', 'ZeroShotClassification', 'Compositionality', 'AudioClustering', 'AudioMultilabelClassification', 'AudioReranking', 'AudioZeroshotClassification', 'AudioClassification', 'AudioPairClassification', 'VideoClassification', 'VideoClustering', 'VideoMultilabelClassification', 'VideoPairClassification', 'VideoZeroshotClassification', 'VideoCentricQA')], prompt types [['query', 'document']], and task names\n"}
,{"stream_name":"stderr","time":1042.48825801,"data":"/usr/local/lib/python3.13/dist-packages/mteb/models/sentence_transformer_wrapper.py:150: UserWarning: Task name FactChecking is not valid. Valid keys are task types [('BitextMining', 'Classification', 'MultilabelClassification', 'Clustering', 'PairClassification', 'Regression', 'Reranking', 'Retrieval', 'STS', 'Summarization', 'InstructionRetrieval', 'InstructionReranking', 'Any2AnyReranking', 'Any2AnyRetrieval', 'Any2AnyMultilingualRetrieval', 'VisionCentricQA', 'ImageClustering', 'ImageClassification', 'DocumentUnderstanding', 'VisualSTS(eng)', 'VisualSTS(multi)', 'ZeroShotClassification', 'Compositionality', 'AudioClustering', 'AudioMultilabelClassification', 'AudioReranking', 'AudioZeroshotClassification', 'AudioClassification', 'AudioPairClassification', 'VideoClassification', 'VideoClustering', 'VideoMultilabelClassification', 'VideoPairClassification', 'VideoZeroshotClassification', 'VideoCentricQA')], prompt types [['query', 'document']], and task names\n"}
,{"stream_name":"stderr","time":1042.488286362,"data":"  resolved_prompts, invalid_prompts = AbsEncoder.validate_task_to_prompt_name(\n"}
,{"stream_name":"stderr","time":1042.488291799,"data":"Task name QuestionAnswering is not valid. Valid keys are task types [('BitextMining', 'Classification', 'MultilabelClassification', 'Clustering', 'PairClassification', 'Regression', 'Reranking', 'Retrieval', 'STS', 'Summarization', 'InstructionRetrieval', 'InstructionReranking', 'Any2AnyReranking', 'Any2AnyRetrieval', 'Any2AnyMultilingualRetrieval', 'VisionCentricQA', 'ImageClustering', 'ImageClassification', 'DocumentUnderstanding', 'VisualSTS(eng)', 'VisualSTS(multi)', 'ZeroShotClassification', 'Compositionality', 'AudioClustering', 'AudioMultilabelClassification', 'AudioReranking', 'AudioZeroshotClassification', 'AudioClassification', 'AudioPairClassification', 'VideoClassification', 'VideoClustering', 'VideoMultilabelClassification', 'VideoPairClassification', 'VideoZeroshotClassification', 'VideoCentricQA')], prompt types [['query', 'document']], and task names\n"}
,{"stream_name":"stderr","time":1042.488298726,"data":"\n"}
,{"stream_name":"stderr","time":1042.488302873,"data":"/usr/local/lib/python3.13/dist-packages/mteb/models/sentence_transformer_wrapper.py:150: UserWarning: Task name FactChecking is not valid. Valid keys are task types [('BitextMining', 'Classification', 'MultilabelClassification', 'Clustering', 'PairClassification', 'Regression', 'Reranking', 'Retrieval', 'STS', 'Summarization', 'InstructionRetrieval', 'InstructionReranking', 'Any2AnyReranking', 'Any2AnyRetrieval', 'Any2AnyMultilingualRetrieval', 'VisionCentricQA', 'ImageClustering', 'ImageClassification', 'DocumentUnderstanding', 'VisualSTS(eng)', 'VisualSTS(multi)', 'ZeroShotClassification', 'Compositionality', 'AudioClustering', 'AudioMultilabelClassification', 'AudioReranking', 'AudioZeroshotClassification', 'AudioClassification', 'AudioPairClassification', 'VideoClassification', 'VideoClustering', 'VideoMultilabelClassification', 'VideoPairClassification', 'VideoZeroshotClassification', 'VideoCentricQA')], prompt types [['query', 'document']], and task names\n"}
,{"stream_name":"stderr","time":1042.488309052,"data":"  resolved_prompts, invalid_prompts = AbsEncoder.validate_task_to_prompt_name(\n"}
,{"stream_name":"stderr","time":1042.488312508,"data":"Task name QuestionAnswering is not valid. Valid keys are task types [('BitextMining', 'Classification', 'MultilabelClassification', 'Clustering', 'PairClassification', 'Regression', 'Reranking', 'Retrieval', 'STS', 'Summarization', 'InstructionRetrieval', 'InstructionReranking', 'Any2AnyReranking', 'Any2AnyRetrieval', 'Any2AnyMultilingualRetrieval', 'VisionCentricQA', 'ImageClustering', 'ImageClassification', 'DocumentUnderstanding', 'VisualSTS(eng)', 'VisualSTS(multi)', 'ZeroShotClassification', 'Compositionality', 'AudioClustering', 'AudioMultilabelClassification', 'AudioReranking', 'AudioZeroshotClassification', 'AudioClassification', 'AudioPairClassification', 'VideoClassification', 'VideoClustering', 'VideoMultilabelClassification', 'VideoPairClassification', 'VideoZeroshotClassification', 'VideoCentricQA')], prompt types [['query', 'document']], and task names\n"}
,{"stream_name":"stderr","time":1042.501975606,"data":"/usr/local/lib/python3.13/dist-packages/mteb/models/sentence_transformer_wrapper.py:150: UserWarning: Task name QuestionAnswering is not valid. Valid keys are task types [('BitextMining', 'Classification', 'MultilabelClassification', 'Clustering', 'PairClassification', 'Regression', 'Reranking', 'Retrieval', 'STS', 'Summarization', 'InstructionRetrieval', 'InstructionReranking', 'Any2AnyReranking', 'Any2AnyRetrieval', 'Any2AnyMultilingualRetrieval', 'VisionCentricQA', 'ImageClustering', 'ImageClassification', 'DocumentUnderstanding', 'VisualSTS(eng)', 'VisualSTS(multi)', 'ZeroShotClassification', 'Compositionality', 'AudioClustering', 'AudioMultilabelClassification', 'AudioReranking', 'AudioZeroshotClassification', 'AudioClassification', 'AudioPairClassification', 'VideoClassification', 'VideoClustering', 'VideoMultilabelClassification', 'VideoPairClassification', 'VideoZeroshotClassification', 'VideoCentricQA')], prompt types [['query', 'document']], and task names\n"}
,{"stream_name":"stderr","time":1042.502007772,"data":"  resolved_prompts, invalid_prompts = AbsEncoder.validate_task_to_prompt_name(\n"}
,{"stream_name":"stderr","time":1042.502013223,"data":"Task name SearchQuery is not valid. Valid keys are task types [('BitextMining', 'Classification', 'MultilabelClassification', 'Clustering', 'PairClassification', 'Regression', 'Reranking', 'Retrieval', 'STS', 'Summarization', 'InstructionRetrieval', 'InstructionReranking', 'Any2AnyReranking', 'Any2AnyRetrieval', 'Any2AnyMultilingualRetrieval', 'VisionCentricQA', 'ImageClustering', 'ImageClassification', 'DocumentUnderstanding', 'VisualSTS(eng)', 'VisualSTS(multi)', 'ZeroShotClassification', 'Compositionality', 'AudioClustering', 'AudioMultilabelClassification', 'AudioReranking', 'AudioZeroshotClassification', 'AudioClassification', 'AudioPairClassification', 'VideoClassification', 'VideoClustering', 'VideoMultilabelClassification', 'VideoPairClassification', 'VideoZeroshotClassification', 'VideoCentricQA')], prompt types [['query', 'document']], and task names\n"}
,{"stream_name":"stderr","time":1042.502023604,"data":"\n"}
,{"stream_name":"stderr","time":1042.50203809,"data":"/usr/local/lib/python3.13/dist-packages/mteb/models/sentence_transformer_wrapper.py:150: UserWarning: Task name QuestionAnswering is not valid. Valid keys are task types [('BitextMining', 'Classification', 'MultilabelClassification', 'Clustering', 'PairClassification', 'Regression', 'Reranking', 'Retrieval', 'STS', 'Summarization', 'InstructionRetrieval', 'InstructionReranking', 'Any2AnyReranking', 'Any2AnyRetrieval', 'Any2AnyMultilingualRetrieval', 'VisionCentricQA', 'ImageClustering', 'ImageClassification', 'DocumentUnderstanding', 'VisualSTS(eng)', 'VisualSTS(multi)', 'ZeroShotClassification', 'Compositionality', 'AudioClustering', 'AudioMultilabelClassification', 'AudioReranking', 'AudioZeroshotClassification', 'AudioClassification', 'AudioPairClassification', 'VideoClassification', 'VideoClustering', 'VideoMultilabelClassification', 'VideoPairClassification', 'VideoZeroshotClassification', 'VideoCentricQA')], prompt types [['query', 'document']], and task names\n"}
,{"stream_name":"stderr","time":1042.502045599,"data":"  resolved_prompts, invalid_prompts = AbsEncoder.validate_task_to_prompt_name(\n"}
,{"stream_name":"stderr","time":1042.502049892,"data":"Task name SearchQuery is not valid. Valid keys are task types [('BitextMining', 'Classification', 'MultilabelClassification', 'Clustering', 'PairClassification', 'Regression', 'Reranking', 'Retrieval', 'STS', 'Summarization', 'InstructionRetrieval', 'InstructionReranking', 'Any2AnyReranking', 'Any2AnyRetrieval', 'Any2AnyMultilingualRetrieval', 'VisionCentricQA', 'ImageClustering', 'ImageClassification', 'DocumentUnderstanding', 'VisualSTS(eng)', 'VisualSTS(multi)', 'ZeroShotClassification', 'Compositionality', 'AudioClustering', 'AudioMultilabelClassification', 'AudioReranking', 'AudioZeroshotClassification', 'AudioClassification', 'AudioPairClassification', 'VideoClassification', 'VideoClustering', 'VideoMultilabelClassification', 'VideoPairClassification', 'VideoZeroshotClassification', 'VideoCentricQA')], prompt types [['query', 'document']], and task names\n"}
,{"stream_name":"stderr","time":1042.502893983,"data":"/usr/local/lib/python3.13/dist-packages/mteb/models/sentence_transformer_wrapper.py:150: UserWarning: Task name SearchQuery is not valid. Valid keys are task types [('BitextMining', 'Classification', 'MultilabelClassification', 'Clustering', 'PairClassification', 'Regression', 'Reranking', 'Retrieval', 'STS', 'Summarization', 'InstructionRetrieval', 'InstructionReranking', 'Any2AnyReranking', 'Any2AnyRetrieval', 'Any2AnyMultilingualRetrieval', 'VisionCentricQA', 'ImageClustering', 'ImageClassification', 'DocumentUnderstanding', 'VisualSTS(eng)', 'VisualSTS(multi)', 'ZeroShotClassification', 'Compositionality', 'AudioClustering', 'AudioMultilabelClassification', 'AudioReranking', 'AudioZeroshotClassification', 'AudioClassification', 'AudioPairClassification', 'VideoClassification', 'VideoClustering', 'VideoMultilabelClassification', 'VideoPairClassification', 'VideoZeroshotClassification', 'VideoCentricQA')], prompt types [['query', 'document']], and task names\n"}
,{"stream_name":"stderr","time":1042.502916045,"data":"  resolved_prompts, invalid_prompts = AbsEncoder.validate_task_to_prompt_name(\n"}
,{"stream_name":"stderr","time":1042.502920254,"data":"Task name SentenceSimilarity is not valid. Valid keys are task types [('BitextMining', 'Classification', 'MultilabelClassification', 'Clustering', 'PairClassification', 'Regression', 'Reranking', 'Retrieval', 'STS', 'Summarization', 'InstructionRetrieval', 'InstructionReranking', 'Any2AnyReranking', 'Any2AnyRetrieval', 'Any2AnyMultilingualRetrieval', 'VisionCentricQA', 'ImageClustering', 'ImageClassification', 'DocumentUnderstanding', 'VisualSTS(eng)', 'VisualSTS(multi)', 'ZeroShotClassification', 'Compositionality', 'AudioClustering', 'AudioMultilabelClassification', 'AudioReranking', 'AudioZeroshotClassification', 'AudioClassification', 'AudioPairClassification', 'VideoClassification', 'VideoClustering', 'VideoMultilabelClassification', 'VideoPairClassification', 'VideoZeroshotClassification', 'VideoCentricQA')], prompt types [['query', 'document']], and task names\n"}
,{"stream_name":"stderr","time":1042.502926469,"data":"\n"}
,{"stream_name":"stderr","time":1042.502930903,"data":"/usr/local/lib/python3.13/dist-packages/mteb/models/sentence_transformer_wrapper.py:150: UserWarning: Task name SearchQuery is not valid. Valid keys are task types [('BitextMining', 'Classification', 'MultilabelClassification', 'Clustering', 'PairClassification', 'Regression', 'Reranking', 'Retrieval', 'STS', 'Summarization', 'InstructionRetrieval', 'InstructionReranking', 'Any2AnyReranking', 'Any2AnyRetrieval', 'Any2AnyMultilingualRetrieval', 'VisionCentricQA', 'ImageClustering', 'ImageClassification', 'DocumentUnderstanding', 'VisualSTS(eng)', 'VisualSTS(multi)', 'ZeroShotClassification', 'Compositionality', 'AudioClustering', 'AudioMultilabelClassification', 'AudioReranking', 'AudioZeroshotClassification', 'AudioClassification', 'AudioPairClassification', 'VideoClassification', 'VideoClustering', 'VideoMultilabelClassification', 'VideoPairClassification', 'VideoZeroshotClassification', 'VideoCentricQA')], prompt types [['query', 'document']], and task names\n"}
,{"stream_name":"stderr","time":1042.502938271,"data":"  resolved_prompts, invalid_prompts = AbsEncoder.validate_task_to_prompt_name(\n"}
,{"stream_name":"stderr","time":1042.502942551,"data":"Task name SentenceSimilarity is not valid. Valid keys are task types [('BitextMining', 'Classification', 'MultilabelClassification', 'Clustering', 'PairClassification', 'Regression', 'Reranking', 'Retrieval', 'STS', 'Summarization', 'InstructionRetrieval', 'InstructionReranking', 'Any2AnyReranking', 'Any2AnyRetrieval', 'Any2AnyMultilingualRetrieval', 'VisionCentricQA', 'ImageClustering', 'ImageClassification', 'DocumentUnderstanding', 'VisualSTS(eng)', 'VisualSTS(multi)', 'ZeroShotClassification', 'Compositionality', 'AudioClustering', 'AudioMultilabelClassification', 'AudioReranking', 'AudioZeroshotClassification', 'AudioClassification', 'AudioPairClassification', 'VideoClassification', 'VideoClustering', 'VideoMultilabelClassification', 'VideoPairClassification', 'VideoZeroshotClassification', 'VideoCentricQA')], prompt types [['query', 'document']], and task names\n"}
,{"stream_name":"stderr","time":1042.510884609,"data":"/usr/local/lib/python3.13/dist-packages/mteb/models/sentence_transformer_wrapper.py:150: UserWarning: Task name SentenceSimilarity is not valid. Valid keys are task types [('BitextMining', 'Classification', 'MultilabelClassification', 'Clustering', 'PairClassification', 'Regression', 'Reranking', 'Retrieval', 'STS', 'Summarization', 'InstructionRetrieval', 'InstructionReranking', 'Any2AnyReranking', 'Any2AnyRetrieval', 'Any2AnyMultilingualRetrieval', 'VisionCentricQA', 'ImageClustering', 'ImageClassification', 'DocumentUnderstanding', 'VisualSTS(eng)', 'VisualSTS(multi)', 'ZeroShotClassification', 'Compositionality', 'AudioClustering', 'AudioMultilabelClassification', 'AudioReranking', 'AudioZeroshotClassification', 'AudioClassification', 'AudioPairClassification', 'VideoClassification', 'VideoClustering', 'VideoMultilabelClassification', 'VideoPairClassification', 'VideoZeroshotClassification', 'VideoCentricQA')], prompt types [['query', 'document']], and task names\n"}
,{"stream_name":"stderr","time":1042.510903538,"data":"  resolved_prompts, invalid_prompts = AbsEncoder.validate_task_to_prompt_name(\n"}
,{"stream_name":"stderr","time":1042.510908691,"data":"Some prompts are not in the expected format and will be ignored. Problems:\n"}
,{"stream_name":"stderr","time":1042.510913303,"data":"\n"}
,{"stream_name":"stderr","time":1042.510917168,"data":"Task name SentenceSimilarity is not valid. Valid keys are task types [('BitextMining', 'Classification', 'MultilabelClassification', 'Clustering', 'PairClassification', 'Regression', 'Reranking', 'Retrieval', 'STS', 'Summarization', 'InstructionRetrieval', 'InstructionReranking', 'Any2AnyReranking', 'Any2AnyRetrieval', 'Any2AnyMultilingualRetrieval', 'VisionCentricQA', 'ImageClustering', 'ImageClassification', 'DocumentUnderstanding', 'VisualSTS(eng)', 'VisualSTS(multi)', 'ZeroShotClassification', 'Compositionality', 'AudioClustering', 'AudioMultilabelClassification', 'AudioReranking', 'AudioZeroshotClassification', 'AudioClassification', 'AudioPairClassification', 'VideoClassification', 'VideoClustering', 'VideoMultilabelClassification', 'VideoPairClassification', 'VideoZeroshotClassification', 'VideoCentricQA')], prompt types [['query', 'document']], and task names\n"}
,{"stream_name":"stderr","time":1042.510924494,"data":"Task name FactChecking is not valid. Valid keys are task types [('BitextMining', 'Classification', 'MultilabelClassification', 'Clustering', 'PairClassification', 'Regression', 'Reranking', 'Retrieval', 'STS', 'Summarization', 'InstructionRetrieval', 'InstructionReranking', 'Any2AnyReranking', 'Any2AnyRetrieval', 'Any2AnyMultilingualRetrieval', 'VisionCentricQA', 'ImageClustering', 'ImageClassification', 'DocumentUnderstanding', 'VisualSTS(eng)', 'VisualSTS(multi)', 'ZeroShotClassification', 'Compositionality', 'AudioClustering', 'AudioMultilabelClassification', 'AudioReranking', 'AudioZeroshotClassification', 'AudioClassification', 'AudioPairClassification', 'VideoClassification', 'VideoClustering', 'VideoMultilabelClassification', 'VideoPairClassification', 'VideoZeroshotClassification', 'VideoCentricQA')], prompt types [['query', 'document']], and task names\n"}
,{"stream_name":"stderr","time":1042.510930938,"data":"Task name QuestionAnswering is not valid. Valid keys are task types [('BitextMining', 'Classification', 'MultilabelClassification', 'Clustering', 'PairClassification', 'Regression', 'Reranking', 'Retrieval', 'STS', 'Summarization', 'InstructionRetrieval', 'InstructionReranking', 'Any2AnyReranking', 'Any2AnyRetrieval', 'Any2AnyMultilingualRetrieval', 'VisionCentricQA', 'ImageClustering', 'ImageClassification', 'DocumentUnderstanding', 'VisualSTS(eng)', 'VisualSTS(multi)', 'ZeroShotClassification', 'Compositionality', 'AudioClustering', 'AudioMultilabelClassification', 'AudioReranking', 'AudioZeroshotClassification', 'AudioClassification', 'AudioPairClassification', 'VideoClassification', 'VideoClustering', 'VideoMultilabelClassification', 'VideoPairClassification', 'VideoZeroshotClassification', 'VideoCentricQA')], prompt types [['query', 'document']], and task names\n"}
,{"stream_name":"stderr","time":1042.51094781,"data":"Task name CodeRetrieval is not valid. Valid keys are task types [('BitextMining', 'Classification', 'MultilabelClassification', 'Clustering', 'PairClassification', 'Regression', 'Reranking', 'Retrieval', 'STS', 'Summarization', 'InstructionRetrieval', 'InstructionReranking', 'Any2AnyReranking', 'Any2AnyRetrieval', 'Any2AnyMultilingualRetrieval', 'VisionCentricQA', 'ImageClustering', 'ImageClassification', 'DocumentUnderstanding', 'VisualSTS(eng)', 'VisualSTS(multi)', 'ZeroShotClassification', 'Compositionality', 'AudioClustering', 'AudioMultilabelClassification', 'AudioReranking', 'AudioZeroshotClassification', 'AudioClassification', 'AudioPairClassification', 'VideoClassification', 'VideoClustering', 'VideoMultilabelClassification', 'VideoPairClassification', 'VideoZeroshotClassification', 'VideoCentricQA')], prompt types [['query', 'document']], and task names\n"}
,{"stream_name":"stderr","time":1042.51095175,"data":"Task name SearchQuery is not valid. Valid keys are task types [('BitextMining', 'Classification', 'MultilabelClassification', 'Clustering', 'PairClassification', 'Regression', 'Reranking', 'Retrieval', 'STS', 'Summarization', 'InstructionRetrieval', 'InstructionReranking', 'Any2AnyReranking', 'Any2AnyRetrieval', 'Any2AnyMultilingualRetrieval', 'VisionCentricQA', 'ImageClustering', 'ImageClassification', 'DocumentUnderstanding', 'VisualSTS(eng)', 'VisualSTS(multi)', 'ZeroShotClassification', 'Compositionality', 'AudioClustering', 'AudioMultilabelClassification', 'AudioReranking', 'AudioZeroshotClassification', 'AudioClassification', 'AudioPairClassification', 'VideoClassification', 'VideoClustering', 'VideoMultilabelClassification', 'VideoPairClassification', 'VideoZeroshotClassification', 'VideoCentricQA')], prompt types [['query', 'document']], and task names\n"}
,{"stream_name":"stderr","time":1042.510955785,"data":"Task name Document is not valid. Valid keys are task types [('BitextMining', 'Classification', 'MultilabelClassification', 'Clustering', 'PairClassification', 'Regression', 'Reranking', 'Retrieval', 'STS', 'Summarization', 'InstructionRetrieval', 'InstructionReranking', 'Any2AnyReranking', 'Any2AnyRetrieval', 'Any2AnyMultilingualRetrieval', 'VisionCentricQA', 'ImageClustering', 'ImageClassification', 'DocumentUnderstanding', 'VisualSTS(eng)', 'VisualSTS(multi)', 'ZeroShotClassification', 'Compositionality', 'AudioClustering', 'AudioMultilabelClassification', 'AudioReranking', 'AudioZeroshotClassification', 'AudioClassification', 'AudioPairClassification', 'VideoClassification', 'VideoClustering', 'VideoMultilabelClassification', 'VideoPairClassification', 'VideoZeroshotClassification', 'VideoCentricQA')], prompt types [['query', 'document']], and task names\n"}
,{"stream_name":"stderr","time":1042.51095947,"data":"\n"}
,{"stream_name":"stderr","time":1042.510961743,"data":"/usr/local/lib/python3.13/dist-packages/mteb/models/sentence_transformer_wrapper.py:150: UserWarning: Task name SentenceSimilarity is not valid. Valid keys are task types [('BitextMining', 'Classification', 'MultilabelClassification', 'Clustering', 'PairClassification', 'Regression', 'Reranking', 'Retrieval', 'STS', 'Summarization', 'InstructionRetrieval', 'InstructionReranking', 'Any2AnyReranking', 'Any2AnyRetrieval', 'Any2AnyMultilingualRetrieval', 'VisionCentricQA', 'ImageClustering', 'ImageClassification', 'DocumentUnderstanding', 'VisualSTS(eng)', 'VisualSTS(multi)', 'ZeroShotClassification', 'Compositionality', 'AudioClustering', 'AudioMultilabelClassification', 'AudioReranking', 'AudioZeroshotClassification', 'AudioClassification', 'AudioPairClassification', 'VideoClassification', 'VideoClustering', 'VideoMultilabelClassification', 'VideoPairClassification', 'VideoZeroshotClassification', 'VideoCentricQA')], prompt types [['query', 'document']], and task names\n"}
,{"stream_name":"stderr","time":1042.510968289,"data":"  resolved_prompts, invalid_prompts = AbsEncoder.validate_task_to_prompt_name(\n"}
,{"stream_name":"stderr","time":1042.510970731,"data":"Some prompts are not in the expected format and will be ignored. Problems:\n"}
,{"stream_name":"stderr","time":1042.510973061,"data":"\n"}
,{"stream_name":"stderr","time":1042.510975515,"data":"Task name SentenceSimilarity is not valid. Valid keys are task types [('BitextMining', 'Classification', 'MultilabelClassification', 'Clustering', 'PairClassification', 'Regression', 'Reranking', 'Retrieval', 'STS', 'Summarization', 'InstructionRetrieval', 'InstructionReranking', 'Any2AnyReranking', 'Any2AnyRetrieval', 'Any2AnyMultilingualRetrieval', 'VisionCentricQA', 'ImageClustering', 'ImageClassification', 'DocumentUnderstanding', 'VisualSTS(eng)', 'VisualSTS(multi)', 'ZeroShotClassification', 'Compositionality', 'AudioClustering', 'AudioMultilabelClassification', 'AudioReranking', 'AudioZeroshotClassification', 'AudioClassification', 'AudioPairClassification', 'VideoClassification', 'VideoClustering', 'VideoMultilabelClassification', 'VideoPairClassification', 'VideoZeroshotClassification', 'VideoCentricQA')], prompt types [['query', 'document']], and task names\n"}
,{"stream_name":"stderr","time":1042.510979342,"data":"Task name FactChecking is not valid. Valid keys are task types [('BitextMining', 'Classification', 'MultilabelClassification', 'Clustering', 'PairClassification', 'Regression', 'Reranking', 'Retrieval', 'STS', 'Summarization', 'InstructionRetrieval', 'InstructionReranking', 'Any2AnyReranking', 'Any2AnyRetrieval', 'Any2AnyMultilingualRetrieval', 'VisionCentricQA', 'ImageClustering', 'ImageClassification', 'DocumentUnderstanding', 'VisualSTS(eng)', 'VisualSTS(multi)', 'ZeroShotClassification', 'Compositionality', 'AudioClustering', 'AudioMultilabelClassification', 'AudioReranking', 'AudioZeroshotClassification', 'AudioClassification', 'AudioPairClassification', 'VideoClassification', 'VideoClustering', 'VideoMultilabelClassification', 'VideoPairClassification', 'VideoZeroshotClassification', 'VideoCentricQA')], prompt types [['query', 'document']], and task names\n"}
,{"stream_name":"stderr","time":1042.510983103,"data":"Task name QuestionAnswering is not valid. Valid keys are task types [('BitextMining', 'Classification', 'MultilabelClassification', 'Clustering', 'PairClassification', 'Regression', 'Reranking', 'Retrieval', 'STS', 'Summarization', 'InstructionRetrieval', 'InstructionReranking', 'Any2AnyReranking', 'Any2AnyRetrieval', 'Any2AnyMultilingualRetrieval', 'VisionCentricQA', 'ImageClustering', 'ImageClassification', 'DocumentUnderstanding', 'VisualSTS(eng)', 'VisualSTS(multi)', 'ZeroShotClassification', 'Compositionality', 'AudioClustering', 'AudioMultilabelClassification', 'AudioReranking', 'AudioZeroshotClassification', 'AudioClassification', 'AudioPairClassification', 'VideoClassification', 'VideoClustering', 'VideoMultilabelClassification', 'VideoPairClassification', 'VideoZeroshotClassification', 'VideoCentricQA')], prompt types [['query', 'document']], and task names\n"}
,{"stream_name":"stderr","time":1042.510986974,"data":"Task name CodeRetrieval is not valid. Valid keys are task types [('BitextMining', 'Classification', 'MultilabelClassification', 'Clustering', 'PairClassification', 'Regression', 'Reranking', 'Retrieval', 'STS', 'Summarization', 'InstructionRetrieval', 'InstructionReranking', 'Any2AnyReranking', 'Any2AnyRetrieval', 'Any2AnyMultilingualRetrieval', 'VisionCentricQA', 'ImageClustering', 'ImageClassification', 'DocumentUnderstanding', 'VisualSTS(eng)', 'VisualSTS(multi)', 'ZeroShotClassification', 'Compositionality', 'AudioClustering', 'AudioMultilabelClassification', 'AudioReranking', 'AudioZeroshotClassification', 'AudioClassification', 'AudioPairClassification', 'VideoClassification', 'VideoClustering', 'VideoMultilabelClassification', 'VideoPairClassification', 'VideoZeroshotClassification', 'VideoCentricQA')], prompt types [['query', 'document']], and task names\n"}
,{"stream_name":"stderr","time":1042.510992772,"data":"Task name SearchQuery is not valid. Valid keys are task types [('BitextMining', 'Classification', 'MultilabelClassification', 'Clustering', 'PairClassification', 'Regression', 'Reranking', 'Retrieval', 'STS', 'Summarization', 'InstructionRetrieval', 'InstructionReranking', 'Any2AnyReranking', 'Any2AnyRetrieval', 'Any2AnyMultilingualRetrieval', 'VisionCentricQA', 'ImageClustering', 'ImageClassification', 'DocumentUnderstanding', 'VisualSTS(eng)', 'VisualSTS(multi)', 'ZeroShotClassification', 'Compositionality', 'AudioClustering', 'AudioMultilabelClassification', 'AudioReranking', 'AudioZeroshotClassification', 'AudioClassification', 'AudioPairClassification', 'VideoClassification', 'VideoClustering', 'VideoMultilabelClassification', 'VideoPairClassification', 'VideoZeroshotClassification', 'VideoCentricQA')], prompt types [['query', 'document']], and task names\n"}
,{"stream_name":"stderr","time":1042.510996924,"data":"Task name Document is not valid. Valid keys are task types [('BitextMining', 'Classification', 'MultilabelClassification', 'Clustering', 'PairClassification', 'Regression', 'Reranking', 'Retrieval', 'STS', 'Summarization', 'InstructionRetrieval', 'InstructionReranking', 'Any2AnyReranking', 'Any2AnyRetrieval', 'Any2AnyMultilingualRetrieval', 'VisionCentricQA', 'ImageClustering', 'ImageClassification', 'DocumentUnderstanding', 'VisualSTS(eng)', 'VisualSTS(multi)', 'ZeroShotClassification', 'Compositionality', 'AudioClustering', 'AudioMultilabelClassification', 'AudioReranking', 'AudioZeroshotClassification', 'AudioClassification', 'AudioPairClassification', 'VideoClassification', 'VideoClustering', 'VideoMultilabelClassification', 'VideoPairClassification', 'VideoZeroshotClassification', 'VideoCentricQA')], prompt types [['query', 'document']], and task names\n"}
,{"stream_name":"stderr","time":1042.51881669,"data":"/usr/local/lib/python3.13/dist-packages/mteb/models/sentence_transformer_wrapper.py:430: UserWarning: Some prompts are not in the expected format and will be ignored. Problems:\n"}
,{"stream_name":"stderr","time":1042.518832211,"data":"\n"}
,{"stream_name":"stderr","time":1042.518836279,"data":"Task name SentenceSimilarity is not valid. Valid keys are task types [('BitextMining', 'Classification', 'MultilabelClassification', 'Clustering', 'PairClassification', 'Regression', 'Reranking', 'Retrieval', 'STS', 'Summarization', 'InstructionRetrieval', 'InstructionReranking', 'Any2AnyReranking', 'Any2AnyRetrieval', 'Any2AnyMultilingualRetrieval', 'VisionCentricQA', 'ImageClustering', 'ImageClassification', 'DocumentUnderstanding', 'VisualSTS(eng)', 'VisualSTS(multi)', 'ZeroShotClassification', 'Compositionality', 'AudioClustering', 'AudioMultilabelClassification', 'AudioReranking', 'AudioZeroshotClassification', 'AudioClassification', 'AudioPairClassification', 'VideoClassification', 'VideoClustering', 'VideoMultilabelClassification', 'VideoPairClassification', 'VideoZeroshotClassification', 'VideoCentricQA')], prompt types [['query', 'document']], and task names\n"}
,{"stream_name":"stderr","time":1042.51884312,"data":"Task name FactChecking is not valid. Valid keys are task types [('BitextMining', 'Classification', 'MultilabelClassification', 'Clustering', 'PairClassification', 'Regression', 'Reranking', 'Retrieval', 'STS', 'Summarization', 'InstructionRetrieval', 'InstructionReranking', 'Any2AnyReranking', 'Any2AnyRetrieval', 'Any2AnyMultilingualRetrieval', 'VisionCentricQA', 'ImageClustering', 'ImageClassification', 'DocumentUnderstanding', 'VisualSTS(eng)', 'VisualSTS(multi)', 'ZeroShotClassification', 'Compositionality', 'AudioClustering', 'AudioMultilabelClassification', 'AudioReranking', 'AudioZeroshotClassification', 'AudioClassification', 'AudioPairClassification', 'VideoClassification', 'VideoClustering', 'VideoMultilabelClassification', 'VideoPairClassification', 'VideoZeroshotClassification', 'VideoCentricQA')], prompt types [['query', 'document']], and task names\n"}
,{"stream_name":"stderr","time":1042.518859766,"data":"Task name QuestionAnswering is not valid. Valid keys are task types [('BitextMining', 'Classification', 'MultilabelClassification', 'Clustering', 'PairClassification', 'Regression', 'Reranking', 'Retrieval', 'STS', 'Summarization', 'InstructionRetrieval', 'InstructionReranking', 'Any2AnyReranking', 'Any2AnyRetrieval', 'Any2AnyMultilingualRetrieval', 'VisionCentricQA', 'ImageClustering', 'ImageClassification', 'DocumentUnderstanding', 'VisualSTS(eng)', 'VisualSTS(multi)', 'ZeroShotClassification', 'Compositionality', 'AudioClustering', 'AudioMultilabelClassification', 'AudioReranking', 'AudioZeroshotClassification', 'AudioClassification', 'AudioPairClassification', 'VideoClassification', 'VideoClustering', 'VideoMultilabelClassification', 'VideoPairClassification', 'VideoZeroshotClassification', 'VideoCentricQA')], prompt types [['query', 'document']], and task names\n"}
,{"stream_name":"stderr","time":1042.518866684,"data":"Task name CodeRetrieval is not valid. Valid keys are task types [('BitextMining', 'Classification', 'MultilabelClassification', 'Clustering', 'PairClassification', 'Regression', 'Reranking', 'Retrieval', 'STS', 'Summarization', 'InstructionRetrieval', 'InstructionReranking', 'Any2AnyReranking', 'Any2AnyRetrieval', 'Any2AnyMultilingualRetrieval', 'VisionCentricQA', 'ImageClustering', 'ImageClassification', 'DocumentUnderstanding', 'VisualSTS(eng)', 'VisualSTS(multi)', 'ZeroShotClassification', 'Compositionality', 'AudioClustering', 'AudioMultilabelClassification', 'AudioReranking', 'AudioZeroshotClassification', 'AudioClassification', 'AudioPairClassification', 'VideoClassification', 'VideoClustering', 'VideoMultilabelClassification', 'VideoPairClassification', 'VideoZeroshotClassification', 'VideoCentricQA')], prompt types [['query', 'document']], and task names\n"}
,{"stream_name":"stderr","time":1042.518873172,"data":"Task name SearchQuery is not valid. Valid keys are task types [('BitextMining', 'Classification', 'MultilabelClassification', 'Clustering', 'PairClassification', 'Regression', 'Reranking', 'Retrieval', 'STS', 'Summarization', 'InstructionRetrieval', 'InstructionReranking', 'Any2AnyReranking', 'Any2AnyRetrieval', 'Any2AnyMultilingualRetrieval', 'VisionCentricQA', 'ImageClustering', 'ImageClassification', 'DocumentUnderstanding', 'VisualSTS(eng)', 'VisualSTS(multi)', 'ZeroShotClassification', 'Compositionality', 'AudioClustering', 'AudioMultilabelClassification', 'AudioReranking', 'AudioZeroshotClassification', 'AudioClassification', 'AudioPairClassification', 'VideoClassification', 'VideoClustering', 'VideoMultilabelClassification', 'VideoPairClassification', 'VideoZeroshotClassification', 'VideoCentricQA')], prompt types [['query', 'document']], and task names\n"}
,{"stream_name":"stderr","time":1042.518879076,"data":"Task name Document is not valid. Valid keys are task types [('BitextMining', 'Classification', 'MultilabelClassification', 'Clustering', 'PairClassification', 'Regression', 'Reranking', 'Retrieval', 'STS', 'Summarization', 'InstructionRetrieval', 'InstructionReranking', 'Any2AnyReranking', 'Any2AnyRetrieval', 'Any2AnyMultilingualRetrieval', 'VisionCentricQA', 'ImageClustering', 'ImageClassification', 'DocumentUnderstanding', 'VisualSTS(eng)', 'VisualSTS(multi)', 'ZeroShotClassification', 'Compositionality', 'AudioClustering', 'AudioMultilabelClassification', 'AudioReranking', 'AudioZeroshotClassification', 'AudioClassification', 'AudioPairClassification', 'VideoClassification', 'VideoClustering', 'VideoMultilabelClassification', 'VideoPairClassification', 'VideoZeroshotClassification', 'VideoCentricQA')], prompt types [['query', 'document']], and task names\n"}
,{"stream_name":"stderr","time":1042.518884841,"data":"  self.model_prompts = _resolve_model_prompts(self.model, model_prompts)\n"}
,{"stream_name":"stderr","time":1042.518891368,"data":"\n"}
,{"stream_name":"stderr","time":1042.51889453,"data":"/usr/local/lib/python3.13/dist-packages/mteb/models/sentence_transformer_wrapper.py:430: UserWarning: Some prompts are not in the expected format and will be ignored. Problems:\n"}
,{"stream_name":"stderr","time":1042.518898228,"data":"\n"}
,{"stream_name":"stderr","time":1042.518901757,"data":"Task name SentenceSimilarity is not valid. Valid keys are task types [('BitextMining', 'Classification', 'MultilabelClassification', 'Clustering', 'PairClassification', 'Regression', 'Reranking', 'Retrieval', 'STS', 'Summarization', 'InstructionRetrieval', 'InstructionReranking', 'Any2AnyReranking', 'Any2AnyRetrieval', 'Any2AnyMultilingualRetrieval', 'VisionCentricQA', 'ImageClustering', 'ImageClassification', 'DocumentUnderstanding', 'VisualSTS(eng)', 'VisualSTS(multi)', 'ZeroShotClassification', 'Compositionality', 'AudioClustering', 'AudioMultilabelClassification', 'AudioReranking', 'AudioZeroshotClassification', 'AudioClassification', 'AudioPairClassification', 'VideoClassification', 'VideoClustering', 'VideoMultilabelClassification', 'VideoPairClassification', 'VideoZeroshotClassification', 'VideoCentricQA')], prompt types [['query', 'document']], and task names\n"}
,{"stream_name":"stderr","time":1042.518907658,"data":"Task name FactChecking is not valid. Valid keys are task types [('BitextMining', 'Classification', 'MultilabelClassification', 'Clustering', 'PairClassification', 'Regression', 'Reranking', 'Retrieval', 'STS', 'Summarization', 'InstructionRetrieval', 'InstructionReranking', 'Any2AnyReranking', 'Any2AnyRetrieval', 'Any2AnyMultilingualRetrieval', 'VisionCentricQA', 'ImageClustering', 'ImageClassification', 'DocumentUnderstanding', 'VisualSTS(eng)', 'VisualSTS(multi)', 'ZeroShotClassification', 'Compositionality', 'AudioClustering', 'AudioMultilabelClassification', 'AudioReranking', 'AudioZeroshotClassification', 'AudioClassification', 'AudioPairClassification', 'VideoClassification', 'VideoClustering', 'VideoMultilabelClassification', 'VideoPairClassification', 'VideoZeroshotClassification', 'VideoCentricQA')], prompt types [['query', 'document']], and task names\n"}
,{"stream_name":"stderr","time":1042.51891372,"data":"Task name QuestionAnswering is not valid. Valid keys are task types [('BitextMining', 'Classification', 'MultilabelClassification', 'Clustering', 'PairClassification', 'Regression', 'Reranking', 'Retrieval', 'STS', 'Summarization', 'InstructionRetrieval', 'InstructionReranking', 'Any2AnyReranking', 'Any2AnyRetrieval', 'Any2AnyMultilingualRetrieval', 'VisionCentricQA', 'ImageClustering', 'ImageClassification', 'DocumentUnderstanding', 'VisualSTS(eng)', 'VisualSTS(multi)', 'ZeroShotClassification', 'Compositionality', 'AudioClustering', 'AudioMultilabelClassification', 'AudioReranking', 'AudioZeroshotClassification', 'AudioClassification', 'AudioPairClassification', 'VideoClassification', 'VideoClustering', 'VideoMultilabelClassification', 'VideoPairClassification', 'VideoZeroshotClassification', 'VideoCentricQA')], prompt types [['query', 'document']], and task names\n"}
,{"stream_name":"stderr","time":1042.518919602,"data":"Task name CodeRetrieval is not valid. Valid keys are task types [('BitextMining', 'Classification', 'MultilabelClassification', 'Clustering', 'PairClassification', 'Regression', 'Reranking', 'Retrieval', 'STS', 'Summarization', 'InstructionRetrieval', 'InstructionReranking', 'Any2AnyReranking', 'Any2AnyRetrieval', 'Any2AnyMultilingualRetrieval', 'VisionCentricQA', 'ImageClustering', 'ImageClassification', 'DocumentUnderstanding', 'VisualSTS(eng)', 'VisualSTS(multi)', 'ZeroShotClassification', 'Compositionality', 'AudioClustering', 'AudioMultilabelClassification', 'AudioReranking', 'AudioZeroshotClassification', 'AudioClassification', 'AudioPairClassification', 'VideoClassification', 'VideoClustering', 'VideoMultilabelClassification', 'VideoPairClassification', 'VideoZeroshotClassification', 'VideoCentricQA')], prompt types [['query', 'document']], and task names\n"}
,{"stream_name":"stderr","time":1042.518931029,"data":"Task name SearchQuery is not valid. Valid keys are task types [('BitextMining', 'Classification', 'MultilabelClassification', 'Clustering', 'PairClassification', 'Regression', 'Reranking', 'Retrieval', 'STS', 'Summarization', 'InstructionRetrieval', 'InstructionReranking', 'Any2AnyReranking', 'Any2AnyRetrieval', 'Any2AnyMultilingualRetrieval', 'VisionCentricQA', 'ImageClustering', 'ImageClassification', 'DocumentUnderstanding', 'VisualSTS(eng)', 'VisualSTS(multi)', 'ZeroShotClassification', 'Compositionality', 'AudioClustering', 'AudioMultilabelClassification', 'AudioReranking', 'AudioZeroshotClassification', 'AudioClassification', 'AudioPairClassification', 'VideoClassification', 'VideoClustering', 'VideoMultilabelClassification', 'VideoPairClassification', 'VideoZeroshotClassification', 'VideoCentricQA')], prompt types [['query', 'document']], and task names\n"}
,{"stream_name":"stderr","time":1042.518947032,"data":"Task name Document is not valid. Valid keys are task types [('BitextMining', 'Classification', 'MultilabelClassification', 'Clustering', 'PairClassification', 'Regression', 'Reranking', 'Retrieval', 'STS', 'Summarization', 'InstructionRetrieval', 'InstructionReranking', 'Any2AnyReranking', 'Any2AnyRetrieval', 'Any2AnyMultilingualRetrieval', 'VisionCentricQA', 'ImageClustering', 'ImageClassification', 'DocumentUnderstanding', 'VisualSTS(eng)', 'VisualSTS(multi)', 'ZeroShotClassification', 'Compositionality', 'AudioClustering', 'AudioMultilabelClassification', 'AudioReranking', 'AudioZeroshotClassification', 'AudioClassification', 'AudioPairClassification', 'VideoClassification', 'VideoClustering', 'VideoMultilabelClassification', 'VideoPairClassification', 'VideoZeroshotClassification', 'VideoCentricQA')], prompt types [['query', 'document']], and task names\n"}
,{"stream_name":"stderr","time":1042.518953101,"data":"  self.model_prompts = _resolve_model_prompts(self.model, model_prompts)\n"}
,{"stream_name":"stdout","time":2561.735422915,"data":"ImdbClassification             main_score=0.9104 rev=3d86128a\n"}
,{"stream_name":"stdout","time":2568.773217665,"data":"en     in-language 0.876 | cosine 0.885\n"}
,{"stream_name":"stdout","time":2576.357471918,"data":"de     in-language 0.796 | en-head transfer 0.772 | cosine 0.777\n"}
,{"stream_name":"stdout","time":2582.591732525,"data":"es     in-language 0.808 | en-head transfer 0.803 | cosine 0.794\n"}
,{"stream_name":"stdout","time":2590.572013262,"data":"fr     in-language 0.819 | en-head transfer 0.812 | cosine 0.803\n"}
,{"stream_name":"stdout","time":2596.984518102,"data":"ru     in-language 0.830 | en-head transfer 0.799 | cosine 0.794\n"}
,{"stream_name":"stdout","time":2602.358383967,"data":"zh-CN  in-language 0.816 | en-head transfer 0.781 | cosine 0.777\n"}
,{"stream_name":"stdout","time":2607.691295295,"data":"ja     in-language 0.830 | en-head transfer 0.792 | cosine 0.781\n"}
,{"stream_name":"stdout","time":2635.457102642,"data":"ScienceQA: 1500 fit / 600 test rows (4-choice, with image)\n"}
,{"stream_name":"stdout","time":4134.061312884,"data":"vision peak allocated GiB: 4.57\n"}
,{"stream_name":"stdout","time":4166.377646451,"data":"full        acc=0.428 [0.388,0.470] log=1.346 cov=1.000 set=4.00\n"}
,{"stream_name":"stdout","time":4166.377682885,"data":"text_only   acc=0.395 [0.362,0.437] log=1.348 cov=1.000 set=4.00\n"}
,{"stream_name":"stdout","time":4166.377688647,"data":"image_only  acc=0.433 [0.398,0.474] log=1.351 cov=1.000 set=4.00\n"}
,{"stream_name":"stdout","time":4166.37769391,"data":"full vs text_only  : -0.0333 [-0.0700, +0.0017] -\u003e indistinguishable\n"}
,{"stream_name":"stdout","time":4166.377699226,"data":"full vs image_only : +0.0050 [-0.0325, +0.0433] -\u003e indistinguishable\n"}
,{"stream_name":"stdout","time":4171.907367218,"data":"static                 esc 0.032-\u003e0.275 unsafe 0.143\n"}
,{"stream_name":"stdout","time":4171.907399585,"data":"glial                  esc 0.080-\u003e0.743 unsafe 0.087\n"}
,{"stream_name":"stdout","time":4171.907404368,"data":"recalibrate(delay=200) esc 0.032-\u003e0.275 unsafe 0.305\n"}
,{"stream_name":"stdout","time":4171.907408442,"data":"recalibrate(delay=0)   esc 0.032-\u003e0.275 unsafe 0.137\n"}
,{"stream_name":"stdout","time":4172.534226757,"data":"slow_shipped leg failed: NameError(\"name 'Question' is not defined\")\n"}
,{"stream_name":"stdout","time":4172.894150422,"data":"'i need to cancel my flight tomorrow'\n"}
,{"stream_name":"stdout","time":4172.894175707,"data":"  -\u003e action=escalate top=0.010 set=['cancel', 'book flight', 'insurance change', 'income']\n"}
,{"stream_name":"stdout","time":4172.894180369,"data":"\n"}
,{"stream_name":"stdout","time":4172.894183777,"data":"'what is the balance on my account'\n"}
,{"stream_name":"stdout","time":4172.894187118,"data":"  -\u003e action=answer top=0.016 set=['balance', 'bill balance', 'rewards balance']\n"}
,{"stream_name":"stdout","time":4172.894192481,"data":"\n"}
,{"stream_name":"stdout","time":4172.89419974,"data":"'tell me something completely unrelated to banking intents xyz'\n"}
,{"stream_name":"stdout","time":4172.894202607,"data":"  -\u003e action=escalate top=0.011 set=['no', 'what can i ask you', 'meaning of life', 'definition']\n"}
,{"stream_name":"stdout","time":4172.894204954,"data":"\n"}
,{"stream_name":"stdout","time":4214.74932937,"data":"prop_in_state: transfer auroc=0.6041666666666666 f1@0.5=0.43 f1@t=0.47(t0.50)  restaurant reservation auroc=0.6895833333333333 f1@0.5=0.44 f1@t=0.42(t0.50)  weather auroc=0.6016666666666666 f1@0.5=0.43 f1@t=0.49(t0.50)\n"}
,{"stream_name":"stdout","time":4214.749366453,"data":"prop_in_options: transfer auroc=0.9729166666666667 f1@0.5=0.71 f1@t=0.69(t0.50)  restaurant reservation auroc=1.0 f1@0.5=0.91 f1@t=0.93(t0.50)  weather auroc=1.0 f1@0.5=0.87 f1@t=0.90(t0.50)\n"}
,{"stream_name":"stdout","time":4214.749373619,"data":"bundle refuses out-of-schema noul: True\n"}
,{"stream_name":"stdout","time":4232.408919667,"data":"logged 300 real decisions\n"}
,{"stream_name":"stdout","time":4232.40895762,"data":"monitor: alerts=['escalate_rate 0.63 \u003e 0.6', 'top_prob KS=0.247 \u003e 0.15'] escalate=0.63\n"}
,{"stream_name":"stdout","time":4232.408969914,"data":"handlers: {'escalate': 189, 'answer': 109, 'clarify': 2} | escalation queue lines 189\n"}
,{"stream_name":"stdout","time":4232.408973837,"data":"retrain slice 1: 3900 items, 150 classes\n"}
,{"stream_name":"stdout","time":4232.408976792,"data":"retrain slice 2: 4050 items, 150 classes\n"}
,{"stream_name":"stdout","time":4277.219438439,"data":"registry: versions=['v1', 'v2'] v2.parent=v1 promote-\u003ev2 rollback-\u003ev1 now=v1\n"}
,{"stream_name":"stdout","time":4277.219467346,"data":"shadow: n=300 agreement=0.363 failed=0 {'answer-\u003eanswer': 109, 'clarify-\u003eanswer': 2, 'escalate-\u003eanswer': 187, 'escalate-\u003eclarify': 2}\n"}
,{"stream_name":"stdout","time":4277.219472592,"data":"cadence: fired=True via drift (drift: top_prob KS=0.247 \u003e 0.15)\n"}
,{"stream_name":"stdout","time":4277.219477378,"data":"cadence: held=True (drift alert but 120 new labeled samples \u003c 500 floor)\n"}
,{"stream_name":"stdout","time":4311.34838216,"data":"canary: control n=206 unsafe=0.005 | canary n=94 unsafe=0.043 -\u003e rollback (unsafe_rate 0.005 -\u003e 0.043 (+0.038 \u003e 0.02))\n"}
,{"stream_name":"stdout","time":4311.348415995,"data":"causal unsafe: delta=+0.070 [+0.043, +0.100] -\u003e regressed\n"}
,{"stream_name":"stdout","time":4311.348421696,"data":"causal escalate: delta=-0.630 [-0.683, -0.575] -\u003e improved\n"}
,{"stream_name":"stdout","time":4311.530495552,"data":"{\n"}
,{"stream_name":"stdout","time":4311.530526666,"data":"  \"suite_green_on_kaggle\": true,\n"}
,{"stream_name":"stdout","time":4311.53053021,"data":"  \"cosine_resolved_in_band\": true,\n"}
,{"stream_name":"stdout","time":4311.530532656,"data":"  \"head_resolved_in_band\": true,\n"}
,{"stream_name":"stdout","time":4311.530535121,"data":"  \"coverage_in_band\": true,\n"}
,{"stream_name":"stdout","time":4311.530537499,"data":"  \"head_coverage_reported\": 0.9882222222222222,\n"}
,{"stream_name":"stdout","time":4311.530539794,"data":"  \"cosine_sets_small\": true,\n"}
,{"stream_name":"stdout","time":4311.530541919,"data":"  \"head_sets_small\": true,\n"}
,{"stream_name":"stdout","time":4311.530544064,"data":"  \"head_acc_in_band\": true,\n"}
,{"stream_name":"stdout","time":4311.530547202,"data":"  \"bundle_roundtrip_identical\": true,\n"}
,{"stream_name":"stdout","time":4311.530563468,"data":"  \"ordinal_ran\": true,\n"}
,{"stream_name":"stdout","time":4311.530567351,"data":"  \"ordinal_beats_zeroshot\": true,\n"}
,{"stream_name":"stdout","time":4311.530571102,"data":"  \"cli_ran\": true,\n"}
,{"stream_name":"stdout","time":4311.530575046,"data":"  \"cli_inputs\": 12,\n"}
,{"stream_name":"stdout","time":4311.530578889,"data":"  \"cli_adapt_ran\": true,\n"}
,{"stream_name":"stdout","time":4311.530582361,"data":"  \"cli_adapt_roundtrip\": true,\n"}
,{"stream_name":"stdout","time":4311.530586224,"data":"  \"serve_ran\": true,\n"}
,{"stream_name":"stdout","time":4311.530590088,"data":"  \"baselines_ran\": true,\n"}
,{"stream_name":"stdout","time":4311.53059342,"data":"  \"head_beats_tfidf_acc\": true,\n"}
,{"stream_name":"stdout","time":4311.530596703,"data":"  \"rigor_ran\": true,\n"}
,{"stream_name":"stdout","time":4311.53059994,"data":"  \"memorization_ran\": true,\n"}
,{"stream_name":"stdout","time":4311.5306032,"data":"  \"breadth_ran\": true,\n"}
,{"stream_name":"stdout","time":4311.530606415,"data":"  \"breadth_datasets\": 10,\n"}
,{"stream_name":"stdout","time":4311.530609659,"data":"  \"operate_ran\": true,\n"}
,{"stream_name":"stdout","time":4311.530612851,"data":"  \"monitor_ran\": true,\n"}
,{"stream_name":"stdout","time":4311.530616066,"data":"  \"handlers_ran\": true,\n"}
,{"stream_name":"stdout","time":4311.53061927,"data":"  \"escalations_queued\": true,\n"}
,{"stream_name":"stdout","time":4311.530622466,"data":"  \"registry_lineage\": true,\n"}
,{"stream_name":"stdout","time":4311.53062595,"data":"  \"registry_rollback\": true,\n"}
,{"stream_name":"stdout","time":4311.530629235,"data":"  \"shadow_ran\": true,\n"}
,{"stream_name":"stdout","time":4311.530632482,"data":"  \"cadence_ran\": true,\n"}
,{"stream_name":"stdout","time":4311.530637498,"data":"  \"cadence_floored\": true,\n"}
,{"stream_name":"stdout","time":4311.530643787,"data":"  \"canary_ran\": true,\n"}
,{"stream_name":"stdout","time":4311.530646027,"data":"  \"canary_arms_nonempty\": true,\n"}
,{"stream_name":"stdout","time":4311.530648163,"data":"  \"causal_ran\": true,\n"}
,{"stream_name":"stdout","time":4311.530650278,"data":"  \"causal_ci_reported\": true,\n"}
,{"stream_name":"stdout","time":4311.530653,"data":"  \"cross_task_ran\": true,\n"}
,{"stream_name":"stdout","time":4311.53066782,"data":"  \"cross_task_glial_safer\": true,\n"}
,{"stream_name":"stdout","time":4311.530672026,"data":"  \"multilingual_ran\": true,\n"}
,{"stream_name":"stdout","time":4311.530675793,"data":"  \"multilingual_in_language_holds\": true,\n"}
,{"stream_name":"stdout","time":4311.530679662,"data":"  \"multilingual_en_head_transfers\": true,\n"}
,{"stream_name":"stdout","time":4311.530695296,"data":"  \"multimodal_ran\": true,\n"}
,{"stream_name":"stdout","time":4311.530698791,"data":"  \"multimodal_image_carries_signal\": true,\n"}
,{"stream_name":"stdout","time":4311.530702079,"data":"  \"multimodal_combination_beats_both_singles\": false,\n"}
,{"stream_name":"stdout","time":4311.530705446,"data":"  \"breadth_head_ge_tfidf\": true,\n"}
,{"stream_name":"stdout","time":4311.530708666,"data":"  \"noul_ran\": true,\n"}
,{"stream_name":"stdout","time":4311.530711883,"data":"  \"noul_bundle_refuses_out_of_schema\": true\n"}
,{"stream_name":"stdout","time":4311.530715308,"data":"}\n"}
,{"stream_name":"stdout","time":4345.476352826,"data":"refusal costs: cfp=10.0 cfn=20.0 cr=1.0 -\u003e discard\u003c0.050 assert\u003e0.900\n"}
,{"stream_name":"stdout","time":4345.476386798,"data":"  unsafe answers 0 | over-refusals none | control True\n"}
,{"stream_name":"stdout","time":4345.476392488,"data":"  pass      I1  below the fitted answer bar, the layer must not assert\n"}
,{"stream_name":"stdout","time":4345.476397124,"data":"  pass      I2  below the fitted in-schema boundary, the layer must not \n"}
,{"stream_name":"stdout","time":4345.476401613,"data":"  pass      I4  a gated layer never returns an ungated action\n"}
,{"stream_name":"stdout","time":4345.476406012,"data":"  fail      I5  the action is the Bayes-optimal one for the declared cos\n"}
,{"stream_name":"stdout","time":4345.476410567,"data":"            300 actions off the cost-optimal boundary: ['escalate(p=0.012-\u003ediscard)', 'escalate(p=0.011-\n"}
,{"stream_name":"stdout","time":4345.476415339,"data":"  pass      I3  option order must not change the action\n"}
,{"stream_name":"stdout","time":4345.476419763,"data":"  deferred  I6  raising the bar must not increase assertions\n"}
,{"stream_name":"stdout","time":4345.476424202,"data":"  reasons: no_discriminating_signal=pass, out_of_schema=pass, unsupported_evidence=unverified, no_content=pass, over_length=pass, position_bias=pass, uncalibrated_cost=fail, policy=unverified\n"}
,{"stream_name":"stdout","time":4345.476430285,"data":"\n"}
,{"stream_name":"stdout","time":4345.476434433,"data":"qualification: qualified  (bundle 207cef05b2f0a339...)\n"}
,{"stream_name":"stdout","time":4345.476438815,"data":"  must_pass failed : []\n"}
,{"stream_name":"stdout","time":4345.476447452,"data":"  must_fix open    : ['E4', 'E5']\n"}
,{"stream_name":"stdout","time":4345.47645154,"data":"  deferred         : ['F2']\n"}
,{"stream_name":"stdout","time":4345.476454472,"data":"ML Test Score coverage: 14 covered / 5 partial / 1 missing (82% weighted)\n"}
,{"stream_name":"stdout","time":4345.476457442,"data":"\n"}
,{"stream_name":"stdout","time":4345.476460227,"data":"  data             covered 3/4 (partial 1, missing 0)\n"}
,{"stream_name":"stdout","time":4345.476463178,"data":"  infrastructure   covered 3/4 (partial 1, missing 0)\n"}
,{"stream_name":"stdout","time":4345.476465997,"data":"  model            covered 6/9 (partial 2, missing 1)\n"}
,{"stream_name":"stdout","time":4345.476468989,"data":"  monitoring       covered 2/3 (partial 1, missing 0)\n"}
,{"stream_name":"stdout","time":4345.476471994,"data":"\n"}
,{"stream_name":"stdout","time":4345.476474884,"data":"  gaps:\n"}
,{"stream_name":"stdout","time":4345.476477778,"data":"    [partial] data: the relationship between each feature and the target is understood\n"}
,{"stream_name":"stdout","time":4345.476480825,"data":"    [missing] model: offline proxy metrics correlate with online impact\n"}
,{"stream_name":"stdout","time":4345.476483726,"data":"    [partial] model: hyperparameters are tuned\n"}
,{"stream_name":"stdout","time":4345.476494989,"data":"    [partial] model: quality on important slices is tested\n"}
,{"stream_name":"stdout","time":4345.476497476,"data":"    [partial] infrastructure: training is reproducible\n"}
,{"stream_name":"stdout","time":4345.476499755,"data":"    [partial] monitoring: training/serving skew is detected\n"}
,{"stream_name":"stdout","time":4345.476502048,"data":"model card written: 9 sections, 190 eval metrics in model-index\n"}
,{"stream_name":"stderr","time":4351.400422914,"data":"/usr/local/lib/python3.13/dist-packages/mistune.py:435: SyntaxWarning: invalid escape sequence '\\|'\n"}
,{"stream_name":"stderr","time":4351.400451144,"data":"  cells[i][c] = re.sub('\\\\\\\\\\|', '|', cell)\n"}
,{"stream_name":"stderr","time":4351.578445965,"data":"/usr/local/lib/python3.13/dist-packages/nbconvert/filters/filter_links.py:36: SyntaxWarning: invalid escape sequence '\\_'\n"}
,{"stream_name":"stderr","time":4351.578469095,"data":"  text = re.sub(r'_', '\\_', text) # Escape underscores in display text\n"}
,{"stream_name":"stderr","time":4352.326762491,"data":"[NbConvertApp] Converting notebook __notebook__.ipynb to notebook\n"}
,{"stream_name":"stderr","time":4353.236467696,"data":"[NbConvertApp] Writing 6708788 bytes to __notebook__.ipynb\n"}
,{"stream_name":"stderr","time":4355.741373934,"data":"[NbConvertApp] Converting notebook __notebook__.ipynb to html\n"}
,{"stream_name":"stderr","time":4357.405140267,"data":"[NbConvertApp] Writing 6059479 bytes to __results__.html\n"}
]