[{"stream_name":"stderr","time":5.673129739,"data":"/usr/local/lib/python3.13/dist-packages/nbformat/validator.py:434: MissingIDFieldWarning: Cell is missing an id field, this will become a hard error in future nbformat versions. You may want to use `normalize()` on your notebooks before validations (available since nbformat 5.1.4). Previous versions of nbformat are fixing this issue transparently, and will stop doing so in the future.\n"}
,{"stream_name":"stderr","time":5.673171104,"data":"  _validate(nbdict, ref, version, version_minor, relax_add_props)\n"}
,{"stream_name":"stderr","time":6.505583371,"data":"0.00s - Debugger warning: It seems that frozen modules are being used, which may\n"}
,{"stream_name":"stderr","time":6.505609875,"data":"0.00s - make the debugger miss breakpoints. Please pass -Xfrozen_modules=off\n"}
,{"stream_name":"stderr","time":6.50561504,"data":"0.00s - to python to disable frozen modules.\n"}
,{"stream_name":"stderr","time":6.505618957,"data":"0.00s - Note: Debugging will proceed. Set PYDEVD_DISABLE_FILE_VALIDATION=1 to disable this validation.\n"}
,{"stream_name":"stderr","time":7.074085081,"data":"0.00s - Debugger warning: It seems that frozen modules are being used, which may\n"}
,{"stream_name":"stderr","time":7.074128756,"data":"0.00s - make the debugger miss breakpoints. Please pass -Xfrozen_modules=off\n"}
,{"stream_name":"stderr","time":7.074134979,"data":"0.00s - to python to disable frozen modules.\n"}
,{"stream_name":"stderr","time":7.074139298,"data":"0.00s - Note: Debugging will proceed. Set PYDEVD_DISABLE_FILE_VALIDATION=1 to disable this validation.\n"}
,{"stream_name":"stdout","time":9.931794374,"data":"Tesla T4, 15360 MiB\n"}
,{"stream_name":"stdout","time":9.931827437,"data":"Tesla T4, 15360 MiB\n"}
,{"stream_name":"stdout","time":9.931832928,"data":"\n"}
,{"stream_name":"stdout","time":150.223158943,"data":"........................................................................ [ 16%]\n"}
,{"stream_name":"stdout","time":150.223217244,"data":"........................................................................ [ 33%]\n"}
,{"stream_name":"stdout","time":150.223235735,"data":"........................................................................ [ 50%]\n"}
,{"stream_name":"stdout","time":150.223241799,"data":"......ss................................................................ [ 66%]\n"}
,{"stream_name":"stdout","time":150.223246309,"data":"........s............................................................... [ 83%]\n"}
,{"stream_name":"stdout","time":150.223250787,"data":".......................................................................  [100%]\n"}
,{"stream_name":"stdout","time":150.223255675,"data":"=============================== warnings summary ===============================\n"}
,{"stream_name":"stdout","time":150.223260384,"data":"tests/test_decision_evaluate.py::test_tfidf_baseline_column_alignment\n"}
,{"stream_name":"stdout","time":150.223264792,"data":"tests/test_decision_evaluate.py::test_tfidf_baseline_missing_class\n"}
,{"stream_name":"stdout","time":150.223269236,"data":"tests/test_decision_evaluate.py::test_dataset_suite_end_to_end\n"}
,{"stream_name":"stdout","time":150.223274203,"data":"  /usr/local/lib/python3.13/dist-packages/sklearn/linear_model/_logistic.py:451: DeprecationWarning: scipy.optimize: The `disp` and `iprint` options of the L-BFGS-B solver are deprecated and will be removed in SciPy 1.18.0.\n"}
,{"stream_name":"stdout","time":150.223280157,"data":"    opt_res = optimize.minimize(\n"}
,{"stream_name":"stdout","time":150.223284954,"data":"\n"}
,{"stream_name":"stdout","time":150.223289339,"data":"-- Docs: https://docs.pytest.org/en/stable/how-to/capture-warnings.html\n"}
,{"stream_name":"stdout","time":150.223294389,"data":"428 passed, 3 skipped, 3 warnings in 133.00s (0:02:12)\n"}
,{"stream_name":"stdout","time":150.223308202,"data":"\n"}
,{"stream_name":"stdout","time":154.774470531,"data":"   ━━━━━━━━━━━━━━━━━━━━━━━━━━━━━━━━━━━━━━━━ 740.6/740.6 kB 3.1 MB/s eta 0:00:00\n"}
,{"stream_name":"stdout","time":154.97631333,"data":"   ━━━━━━━━━━━━━━━━━━━━━━━━━━━━━━━━━━━━━━━━ 740.6/740.6 kB 3.1 MB/s eta 0:00:00\n"}
,{"stream_name":"stdout","time":157.425531476,"data":"   ━━━━━━━━━━━━━━━━━━━━━━━━━━━━━━━━━━━━━━━━ 12.6/12.6 MB 5.0 MB/s eta 0:00:00\n"}
,{"stream_name":"stdout","time":157.627319627,"data":"   ━━━━━━━━━━━━━━━━━━━━━━━━━━━━━━━━━━━━━━━━ 12.6/12.6 MB 5.0 MB/s eta 0:00:00\n"}
,{"stream_name":"stdout","time":158.687819577,"data":"   ━━━━━━━━━━━━━━━━━━━━━━━━━━━━━━━━━━━━━━━━ 6.7/6.7 MB 5.5 MB/s eta 0:00:00\n"}
,{"stream_name":"stdout","time":158.889896691,"data":"   ━━━━━━━━━━━━━━━━━━━━━━━━━━━━━━━━━━━━━━━━ 6.7/6.7 MB 5.5 MB/s eta 0:00:00\n"}
,{"stream_name":"stdout","time":158.911191569,"data":"   ━━━━━━━━━━━━━━━━━━━━━━━━━━━━━━━━━━━━━━━━ 846.4/846.4 kB 5.1 MB/s eta 0:00:00\n"}
,{"stream_name":"stdout","time":159.028350463,"data":"   ━━━━━━━━━━━━━━━━━━━━━━━━━━━━━━━━━━━━━━━━ 304.9/304.9 kB 5.2 MB/s eta 0:00:00\n"}
,{"stream_name":"stdout","time":159.113203254,"data":"   ━━━━━━━━━━━━━━━━━━━━━━━━━━━━━━━━━━━━━━━━ 846.4/846.4 kB 5.1 MB/s eta 0:00:00\n"}
,{"stream_name":"stdout","time":159.113222676,"data":"   ━━━━━━━━━━━━━━━━━━━━━━━━━━━━━━━━━━━━━━━━ 304.9/304.9 kB 5.2 MB/s eta 0:00:00\n"}
,{"stream_name":"stderr","time":194.409436302,"data":"Warning: You are sending unauthenticated requests to the HF Hub. Please set a HF_TOKEN to enable higher rate limits and faster downloads.\n"}
,{"stream_name":"stderr","time":194.409464128,"data":"\n"}
,{"stream_name":"stderr","time":194.409469397,"data":"Warning: You are sending unauthenticated requests to the HF Hub. Please set a HF_TOKEN to enable higher rate limits and faster downloads.\n"}
,{"stream_name":"stdout","time":224.70231397,"data":"datasets path failed: HfUriError(\"Invalid HF URI 'hf://datasets/clinc_oos@155b9c710419136e17307b80d0a13e68cd46b4ec/.huggingface.yaml'. Repository id must be 'name\n"}
,{"stream_name":"stdout","time":225.114424884,"data":"source: github json | train 15000 | val 3100 | test 5500\n"}
,{"stream_name":"stdout","time":305.159682328,"data":"peak cuda GiB: 0.88\n"}
,{"stream_name":"stdout","time":315.888012898,"data":"cosine calibration: {\n"}
,{"stream_name":"stdout","time":315.888049869,"data":" \"t_prob\": 0.25,\n"}
,{"stream_name":"stdout","time":315.888057031,"data":" \"tau_answer\": 0.015279530048182147,\n"}
,{"stream_name":"stdout","time":315.888062997,"data":" \"qhat\": 0.02393932927923971,\n"}
,{"stream_name":"stdout","time":315.8880688,"data":" \"t_set\": 1.0,\n"}
,{"stream_name":"stdout","time":315.888074505,"data":" \"n_A\": 1497,\n"}
,{"stream_name":"stdout","time":315.888080783,"data":" \"n_B\": 1503,\n"}
,{"stream_name":"stdout","time":315.888087787,"data":" \"tau_in_schema\": 0.6991039514541626\n"}
,{"stream_name":"stdout","time":315.888123629,"data":"}\n"}
,{"stream_name":"stdout","time":316.573468142,"data":"cosine leg: {\"actions\": {\"escalate\": 3648, \"answer\": 1797, \"clarify\": 55}, \"resolved\": 0.482, \"encodes\": 5555, \"cov_hits\": 4113, \"n_in\": 4500, \"encodes_per_item\": 1.01, \"set_coverage_in_scope\": 0.914, \"mean_set_size\": 3.798, \"singleton_rate\": 0.0}\n"}
,{"stream_name":"stdout","time":319.701090859,"data":"head: {'best_val_loss': 0.09621404856443405, 'epochs_run': 27, 'n_train': 13500, 'n_classes': 150}\n"}
,{"stream_name":"stdout","time":319.701157175,"data":"TaskHead in-scope accuracy: 0.969\n"}
,{"stream_name":"stdout","time":319.701162521,"data":"head calibration: {\n"}
,{"stream_name":"stdout","time":319.701166601,"data":" \"t_prob\": 0.8548387096774194,\n"}
,{"stream_name":"stdout","time":319.701174204,"data":" \"tau_answer\": 0.2898013667933294,\n"}
,{"stream_name":"stdout","time":319.701176792,"data":" \"qhat\": 0.011418504446059703,\n"}
,{"stream_name":"stdout","time":319.701179174,"data":" \"t_set\": 32.0,\n"}
,{"stream_name":"stdout","time":319.701181523,"data":" \"n_A\": 1497,\n"}
,{"stream_name":"stdout","time":319.701183906,"data":" \"n_B\": 1503,\n"}
,{"stream_name":"stdout","time":319.701186272,"data":" \"tau_in_schema\": 9.803707122802734\n"}
,{"stream_name":"stdout","time":319.701188748,"data":"}\n"}
,{"stream_name":"stdout","time":320.506955285,"data":"head leg: {\"actions\": {\"answer\": 4381, \"escalate\": 1119}, \"resolved\": 0.931, \"encodes\": 5500, \"cov_hits\": 4447, \"n_in\": 4500, \"encodes_per_item\": 1.0, \"set_coverage_in_scope\": 0.988, \"mean_set_size\": 1.935, \"singleton_rate\": 0.065}\n"}
,{"stream_name":"stdout","time":320.531943958,"data":"head scores saved for offline re-evaluation\n"}
,{"stream_name":"stdout","time":320.82344884,"data":"cosine_leg   cov high=0.986(n1500) low=0.791(n1500) mid=0.965(n1500) | undercovered ['low']\n"}
,{"stream_name":"stdout","time":320.823471463,"data":"             assert=0.9047085201793722 deferred=0.6586892488954345 enrichment=3.581755176297323 actions={'answer': 1784, 'clarify': 55, 'escalate': 2661}\n"}
,{"stream_name":"stdout","time":320.82347553,"data":"taskhead_leg cov high=1.000(n1500) low=0.969(n1500) mid=0.996(n1500) | undercovered none\n"}
,{"stream_name":"stdout","time":320.823478993,"data":"             assert=0.9813606710158435 deferred=0.7211538461538461 enrichment=14.960096153846175 actions={'answer': 4292, 'escalate': 208}\n"}
,{"stream_name":"stdout","time":320.823482375,"data":"memorization: {\"n_options\": 150, \"chance_top_prob\": 0.006666666666666667, \"rotation_consistency\": 1.0, \"withheld_top_prob\": 0.3520362469218582, \"withheld_answered\": 0, \"rotation_invariant\": true, \"withholding_collapses\": true, \"passed\": true}\n"}
,{"stream_name":"stdout","time":320.965444718,"data":"bundle round-trip: 200/200 identical\n"}
,{"stream_name":"stderr","time":322.048939322,"data":"Repo card metadata block was not found. Setting CardData to empty.\n"}
,{"stream_name":"stderr","time":322.048965816,"data":"\n"}
,{"stream_name":"stderr","time":322.04897072,"data":"Repo card metadata block was not found. Setting CardData to empty.\n"}
,{"stream_name":"stdout","time":355.850297725,"data":"ordinal: acc 0.432 mae 0.732 | zeroshot: acc 0.318 mae 0.875\n"}
,{"stream_name":"stdout","time":375.67144468,"data":"'i need to cancel my flight tomorrow'\n"}
,{"stream_name":"stdout","time":375.671475808,"data":"  -\u003e action=escalate top=0.334 set=['cancel reservation', 'pto request']\n"}
,{"stream_name":"stdout","time":375.671488531,"data":"'what is the balance on my account'\n"}
,{"stream_name":"stdout","time":375.671509558,"data":"  -\u003e action=answer top=0.997 set=['balance', 'bill balance']\n"}
,{"stream_name":"stdout","time":375.67152872,"data":"'how do i activate my new card'\n"}
,{"stream_name":"stdout","time":375.671533314,"data":"  -\u003e action=escalate top=0.970 set=['new card', 'redeem rewards']\n"}
,{"stream_name":"stdout","time":375.671537066,"data":"'i lost my wallet on the bus yesterday'\n"}
,{"stream_name":"stdout","time":375.671540688,"data":"  -\u003e action=escalate top=0.217 set=['lost luggage', 'spending history']\n"}
,{"stream_name":"stdout","time":375.671544324,"data":"'when will my paycheck arrive'\n"}
,{"stream_name":"stdout","time":375.671547862,"data":"  -\u003e action=answer top=0.998 set=['payday', 'income']\n"}
,{"stream_name":"stdout","time":375.671551474,"data":"'can you transfer two hundred dollars to my savings'\n"}
,{"stream_name":"stdout","time":375.671555009,"data":"  -\u003e action=answer top=1.000 set=['transfer', 'balance']\n"}
,{"stream_name":"stdout","time":375.671558608,"data":"'why was my card declined at the store'\n"}
,{"stream_name":"stdout","time":375.671562095,"data":"  -\u003e action=answer top=1.000 set=['card declined', 'account blocked']\n"}
,{"stream_name":"stdout","time":375.671565768,"data":"'i want to dispute this charge i never made'\n"}
,{"stream_name":"stdout","time":375.671569238,"data":"  -\u003e action=escalate top=0.774 set=['report fraud', 'cancel']\n"}
,{"stream_name":"stdout","time":375.671572963,"data":"'do you do currency exchange for euros'\n"}
,{"stream_name":"stdout","time":375.671594766,"data":"  -\u003e action=answer top=0.999 set=['exchange rate', 'plug type']\n"}
,{"stream_name":"stdout","time":375.671599296,"data":"'my phone was stolen and i need to freeze everything'\n"}
,{"stream_name":"stdout","time":375.671603131,"data":"  -\u003e action=escalate top=0.461 set=['sync device', 'freeze account']\n"}
,{"stream_name":"stdout","time":375.671607633,"data":"'tell me something completely unrelated to banking intents xyz'\n"}
,{"stream_name":"stdout","time":375.671611683,"data":"  -\u003e action=escalate top=0.364 set=['no', 'what can i ask you']\n"}
,{"stream_name":"stdout","time":375.671615605,"data":"'blorple snizzle wumpus quack'\n"}
,{"stream_name":"stdout","time":375.671619438,"data":"  -\u003e action=escalate top=0.111 set=['tell joke', 'repeat']\n"}
,{"stream_name":"stdout","time":375.873255326,"data":"wrote 1500 labeled rows over 150 classes\n"}
,{"stream_name":"stdout","time":399.851072008,"data":"adapt: 1500 examples, 150 classes | headroom 0.709 | test acc 0.904 cov 0.947 set 2.02\n"}
,{"stream_name":"stdout","time":418.513725962,"data":"round trip: action=answer top=0.194 set=['book flight', 'pay bill', 'travel notification']\n"}
,{"stream_name":"stdout","time":436.709676546,"data":"serve: POST /decide -\u003e escalate (897ms) | stats: 1 req, p50=897ms\n"}
,{"stream_name":"stdout","time":451.971888902,"data":"cosine     acc=0.756 log=4.287 brier=0.978 ece=0.741\n"}
,{"stream_name":"stdout","time":451.971921497,"data":"taskhead   acc=0.969 log=0.118 brier=0.046 ece=0.006\n"}
,{"stream_name":"stdout","time":451.971927264,"data":"tfidf_lr   acc=0.906 log=0.687 brier=0.230 ece=0.235\n"}
,{"stream_name":"stdout","time":461.654865647,"data":"cosine     acc=0.756 [0.744,0.768] aurc=0.1135 ece15=0.741 acc@80=0.834\n"}
,{"stream_name":"stdout","time":461.654898136,"data":"taskhead   acc=0.969 [0.964,0.974] aurc=0.0026 ece15=0.006 acc@80=0.996\n"}
,{"stream_name":"stdout","time":461.654904232,"data":"tfidf_lr   acc=0.906 [0.898,0.914] aurc=0.0180 ece15=0.235 acc@80=0.969\n"}
,{"stream_name":"stdout","time":462.167479526,"data":"acc by nearest-train-similarity band: {\n"}
,{"stream_name":"stdout","time":462.167506985,"data":" \"[-1,0.8)\": {\n"}
,{"stream_name":"stdout","time":462.167522586,"data":"  \"n\": 190,\n"}
,{"stream_name":"stdout","time":462.167526475,"data":"  \"acc\": 0.9105263157894737\n"}
,{"stream_name":"stdout","time":462.1675299,"data":" },\n"}
,{"stream_name":"stdout","time":462.167533167,"data":" \"[0.8,0.9)\": {\n"}
,{"stream_name":"stdout","time":462.167536399,"data":"  \"n\": 1350,\n"}
,{"stream_name":"stdout","time":462.167541329,"data":"  \"acc\": 0.9422222222222222\n"}
,{"stream_name":"stdout","time":462.167556225,"data":" },\n"}
,{"stream_name":"stdout","time":462.167558554,"data":" \"[0.9,0.95)\": {\n"}
,{"stream_name":"stdout","time":462.167560746,"data":"  \"n\": 1146,\n"}
,{"stream_name":"stdout","time":462.167562866,"data":"  \"acc\": 0.9729493891797557\n"}
,{"stream_name":"stdout","time":462.167565071,"data":" },\n"}
,{"stream_name":"stdout","time":462.167567119,"data":" \"[0.95,1.01)\": {\n"}
,{"stream_name":"stdout","time":462.167569321,"data":"  \"n\": 1814,\n"}
,{"stream_name":"stdout","time":462.167571503,"data":"  \"acc\": 0.9933847850055126\n"}
,{"stream_name":"stdout","time":462.167573648,"data":" }\n"}
,{"stream_name":"stdout","time":462.167575704,"data":"}\n"}
,{"stream_name":"stdout","time":483.303910728,"data":"banking77        k= 77 head=0.930 cos=0.929 tfidf=0.731\n"}
,{"stream_name":"stdout","time":506.970631939,"data":"emotion          k=  6 head=0.625 cos=0.498 tfidf=0.580\n"}
,{"stream_name":"stdout","time":532.129519398,"data":"tweet_emotion    k=  4 head=0.798 cos=0.756 tfidf=0.565\n"}
,{"stream_name":"stdout","time":563.624162241,"data":"tweet_sentiment  k=  3 head=0.666 cos=0.575 tfidf=0.488\n"}
,{"stream_name":"stdout","time":595.277252004,"data":"tweet_hate       k=  2 head=0.586 cos=0.568 tfidf=0.529\n"}
,{"stream_name":"stdout","time":617.04811326,"data":"sst2             k=  2 head=0.847 cos=0.854 tfidf=0.682\n"}
,{"stream_name":"stdout","time":667.964556514,"data":"ag_news          k=  4 head=0.869 cos=0.614 tfidf=0.786\n"}
,{"stream_name":"stdout","time":742.551079558,"data":"dbpedia_14       k= 14 head=0.970 cos=0.776 tfidf=0.927\n"}
,{"stream_name":"stdout","time":793.459017747,"data":"mnli             k=  3 head=0.449 cos=0.368 tfidf=0.379\n"}
,{"stream_name":"stdout","time":811.365328091,"data":"massive_intent_en k= 60 head=0.895 cos=0.888 tfidf=0.678\n"}
,{"stream_name":"stderr","time":813.460149598,"data":"/usr/local/lib/python3.13/dist-packages/mteb/models/model_meta.py:969: FutureWarning: The `get_sentence_embedding_dimension` method has been renamed to `get_embedding_dimension`.\n"}
,{"stream_name":"stderr","time":813.460176817,"data":"  embedding_dimensions = model.get_sentence_embedding_dimension()\n"}
,{"stream_name":"stderr","time":813.460180656,"data":"/usr/local/lib/python3.13/dist-packages/mteb/models/model_meta.py:929: FutureWarning: The `get_sentence_embedding_dimension` method has been renamed to `get_embedding_dimension`.\n"}
,{"stream_name":"stderr","time":813.460198169,"data":"  embed_dim=model.get_sentence_embedding_dimension(),\n"}
,{"stream_name":"stderr","time":813.460206301,"data":"Task name CodeRetrieval is not valid. Valid keys are task types [('BitextMining', 'Classification', 'MultilabelClassification', 'Clustering', 'PairClassification', 'Regression', 'Reranking', 'Retrieval', 'STS', 'Summarization', 'InstructionRetrieval', 'InstructionReranking', 'Any2AnyReranking', 'Any2AnyRetrieval', 'Any2AnyMultilingualRetrieval', 'VisionCentricQA', 'ImageClustering', 'ImageClassification', 'DocumentUnderstanding', 'VisualSTS(eng)', 'VisualSTS(multi)', 'ZeroShotClassification', 'Compositionality', 'AudioClustering', 'AudioMultilabelClassification', 'AudioReranking', 'AudioZeroshotClassification', 'AudioClassification', 'AudioPairClassification', 'VideoClassification', 'VideoClustering', 'VideoMultilabelClassification', 'VideoPairClassification', 'VideoZeroshotClassification', 'VideoCentricQA')], prompt types [['query', 'document']], and task names\n"}
,{"stream_name":"stderr","time":813.46023169,"data":"\n"}
,{"stream_name":"stderr","time":813.460236319,"data":"/usr/local/lib/python3.13/dist-packages/mteb/models/model_meta.py:969: FutureWarning: The `get_sentence_embedding_dimension` method has been renamed to `get_embedding_dimension`.\n"}
,{"stream_name":"stderr","time":813.460240193,"data":"  embedding_dimensions = model.get_sentence_embedding_dimension()\n"}
,{"stream_name":"stderr","time":813.460245108,"data":"/usr/local/lib/python3.13/dist-packages/mteb/models/model_meta.py:929: FutureWarning: The `get_sentence_embedding_dimension` method has been renamed to `get_embedding_dimension`.\n"}
,{"stream_name":"stderr","time":813.460251962,"data":"  embed_dim=model.get_sentence_embedding_dimension(),\n"}
,{"stream_name":"stderr","time":813.460255295,"data":"Task name CodeRetrieval is not valid. Valid keys are task types [('BitextMining', 'Classification', 'MultilabelClassification', 'Clustering', 'PairClassification', 'Regression', 'Reranking', 'Retrieval', 'STS', 'Summarization', 'InstructionRetrieval', 'InstructionReranking', 'Any2AnyReranking', 'Any2AnyRetrieval', 'Any2AnyMultilingualRetrieval', 'VisionCentricQA', 'ImageClustering', 'ImageClassification', 'DocumentUnderstanding', 'VisualSTS(eng)', 'VisualSTS(multi)', 'ZeroShotClassification', 'Compositionality', 'AudioClustering', 'AudioMultilabelClassification', 'AudioReranking', 'AudioZeroshotClassification', 'AudioClassification', 'AudioPairClassification', 'VideoClassification', 'VideoClustering', 'VideoMultilabelClassification', 'VideoPairClassification', 'VideoZeroshotClassification', 'VideoCentricQA')], prompt types [['query', 'document']], and task names\n"}
,{"stream_name":"stderr","time":813.464177011,"data":"/usr/local/lib/python3.13/dist-packages/mteb/models/sentence_transformer_wrapper.py:150: UserWarning: Task name CodeRetrieval is not valid. Valid keys are task types [('BitextMining', 'Classification', 'MultilabelClassification', 'Clustering', 'PairClassification', 'Regression', 'Reranking', 'Retrieval', 'STS', 'Summarization', 'InstructionRetrieval', 'InstructionReranking', 'Any2AnyReranking', 'Any2AnyRetrieval', 'Any2AnyMultilingualRetrieval', 'VisionCentricQA', 'ImageClustering', 'ImageClassification', 'DocumentUnderstanding', 'VisualSTS(eng)', 'VisualSTS(multi)', 'ZeroShotClassification', 'Compositionality', 'AudioClustering', 'AudioMultilabelClassification', 'AudioReranking', 'AudioZeroshotClassification', 'AudioClassification', 'AudioPairClassification', 'VideoClassification', 'VideoClustering', 'VideoMultilabelClassification', 'VideoPairClassification', 'VideoZeroshotClassification', 'VideoCentricQA')], prompt types [['query', 'document']], and task names\n"}
,{"stream_name":"stderr","time":813.464807964,"data":"  resolved_prompts, invalid_prompts = AbsEncoder.validate_task_to_prompt_name(\n"}
,{"stream_name":"stderr","time":813.464819197,"data":"Task name Document is not valid. Valid keys are task types [('BitextMining', 'Classification', 'MultilabelClassification', 'Clustering', 'PairClassification', 'Regression', 'Reranking', 'Retrieval', 'STS', 'Summarization', 'InstructionRetrieval', 'InstructionReranking', 'Any2AnyReranking', 'Any2AnyRetrieval', 'Any2AnyMultilingualRetrieval', 'VisionCentricQA', 'ImageClustering', 'ImageClassification', 'DocumentUnderstanding', 'VisualSTS(eng)', 'VisualSTS(multi)', 'ZeroShotClassification', 'Compositionality', 'AudioClustering', 'AudioMultilabelClassification', 'AudioReranking', 'AudioZeroshotClassification', 'AudioClassification', 'AudioPairClassification', 'VideoClassification', 'VideoClustering', 'VideoMultilabelClassification', 'VideoPairClassification', 'VideoZeroshotClassification', 'VideoCentricQA')], prompt types [['query', 'document']], and task names\n"}
,{"stream_name":"stderr","time":813.464854949,"data":"\n"}
,{"stream_name":"stderr","time":813.464863147,"data":"/usr/local/lib/python3.13/dist-packages/mteb/models/sentence_transformer_wrapper.py:150: UserWarning: Task name CodeRetrieval is not valid. Valid keys are task types [('BitextMining', 'Classification', 'MultilabelClassification', 'Clustering', 'PairClassification', 'Regression', 'Reranking', 'Retrieval', 'STS', 'Summarization', 'InstructionRetrieval', 'InstructionReranking', 'Any2AnyReranking', 'Any2AnyRetrieval', 'Any2AnyMultilingualRetrieval', 'VisionCentricQA', 'ImageClustering', 'ImageClassification', 'DocumentUnderstanding', 'VisualSTS(eng)', 'VisualSTS(multi)', 'ZeroShotClassification', 'Compositionality', 'AudioClustering', 'AudioMultilabelClassification', 'AudioReranking', 'AudioZeroshotClassification', 'AudioClassification', 'AudioPairClassification', 'VideoClassification', 'VideoClustering', 'VideoMultilabelClassification', 'VideoPairClassification', 'VideoZeroshotClassification', 'VideoCentricQA')], prompt types [['query', 'document']], and task names\n"}
,{"stream_name":"stderr","time":813.464870091,"data":"  resolved_prompts, invalid_prompts = AbsEncoder.validate_task_to_prompt_name(\n"}
,{"stream_name":"stderr","time":813.464873967,"data":"Task name Document is not valid. Valid keys are task types [('BitextMining', 'Classification', 'MultilabelClassification', 'Clustering', 'PairClassification', 'Regression', 'Reranking', 'Retrieval', 'STS', 'Summarization', 'InstructionRetrieval', 'InstructionReranking', 'Any2AnyReranking', 'Any2AnyRetrieval', 'Any2AnyMultilingualRetrieval', 'VisionCentricQA', 'ImageClustering', 'ImageClassification', 'DocumentUnderstanding', 'VisualSTS(eng)', 'VisualSTS(multi)', 'ZeroShotClassification', 'Compositionality', 'AudioClustering', 'AudioMultilabelClassification', 'AudioReranking', 'AudioZeroshotClassification', 'AudioClassification', 'AudioPairClassification', 'VideoClassification', 'VideoClustering', 'VideoMultilabelClassification', 'VideoPairClassification', 'VideoZeroshotClassification', 'VideoCentricQA')], prompt types [['query', 'document']], and task names\n"}
,{"stream_name":"stderr","time":813.477205731,"data":"/usr/local/lib/python3.13/dist-packages/mteb/models/sentence_transformer_wrapper.py:150: UserWarning: Task name Document is not valid. Valid keys are task types [('BitextMining', 'Classification', 'MultilabelClassification', 'Clustering', 'PairClassification', 'Regression', 'Reranking', 'Retrieval', 'STS', 'Summarization', 'InstructionRetrieval', 'InstructionReranking', 'Any2AnyReranking', 'Any2AnyRetrieval', 'Any2AnyMultilingualRetrieval', 'VisionCentricQA', 'ImageClustering', 'ImageClassification', 'DocumentUnderstanding', 'VisualSTS(eng)', 'VisualSTS(multi)', 'ZeroShotClassification', 'Compositionality', 'AudioClustering', 'AudioMultilabelClassification', 'AudioReranking', 'AudioZeroshotClassification', 'AudioClassification', 'AudioPairClassification', 'VideoClassification', 'VideoClustering', 'VideoMultilabelClassification', 'VideoPairClassification', 'VideoZeroshotClassification', 'VideoCentricQA')], prompt types [['query', 'document']], and task names\n"}
,{"stream_name":"stderr","time":813.477227921,"data":"  resolved_prompts, invalid_prompts = AbsEncoder.validate_task_to_prompt_name(\n"}
,{"stream_name":"stderr","time":813.477232383,"data":"Task name FactChecking is not valid. Valid keys are task types [('BitextMining', 'Classification', 'MultilabelClassification', 'Clustering', 'PairClassification', 'Regression', 'Reranking', 'Retrieval', 'STS', 'Summarization', 'InstructionRetrieval', 'InstructionReranking', 'Any2AnyReranking', 'Any2AnyRetrieval', 'Any2AnyMultilingualRetrieval', 'VisionCentricQA', 'ImageClustering', 'ImageClassification', 'DocumentUnderstanding', 'VisualSTS(eng)', 'VisualSTS(multi)', 'ZeroShotClassification', 'Compositionality', 'AudioClustering', 'AudioMultilabelClassification', 'AudioReranking', 'AudioZeroshotClassification', 'AudioClassification', 'AudioPairClassification', 'VideoClassification', 'VideoClustering', 'VideoMultilabelClassification', 'VideoPairClassification', 'VideoZeroshotClassification', 'VideoCentricQA')], prompt types [['query', 'document']], and task names\n"}
,{"stream_name":"stderr","time":813.477252693,"data":"\n"}
,{"stream_name":"stderr","time":813.477256031,"data":"/usr/local/lib/python3.13/dist-packages/mteb/models/sentence_transformer_wrapper.py:150: UserWarning: Task name Document is not valid. Valid keys are task types [('BitextMining', 'Classification', 'MultilabelClassification', 'Clustering', 'PairClassification', 'Regression', 'Reranking', 'Retrieval', 'STS', 'Summarization', 'InstructionRetrieval', 'InstructionReranking', 'Any2AnyReranking', 'Any2AnyRetrieval', 'Any2AnyMultilingualRetrieval', 'VisionCentricQA', 'ImageClustering', 'ImageClassification', 'DocumentUnderstanding', 'VisualSTS(eng)', 'VisualSTS(multi)', 'ZeroShotClassification', 'Compositionality', 'AudioClustering', 'AudioMultilabelClassification', 'AudioReranking', 'AudioZeroshotClassification', 'AudioClassification', 'AudioPairClassification', 'VideoClassification', 'VideoClustering', 'VideoMultilabelClassification', 'VideoPairClassification', 'VideoZeroshotClassification', 'VideoCentricQA')], prompt types [['query', 'document']], and task names\n"}
,{"stream_name":"stderr","time":813.477260921,"data":"  resolved_prompts, invalid_prompts = AbsEncoder.validate_task_to_prompt_name(\n"}
,{"stream_name":"stderr","time":813.477276691,"data":"Task name FactChecking is not valid. Valid keys are task types [('BitextMining', 'Classification', 'MultilabelClassification', 'Clustering', 'PairClassification', 'Regression', 'Reranking', 'Retrieval', 'STS', 'Summarization', 'InstructionRetrieval', 'InstructionReranking', 'Any2AnyReranking', 'Any2AnyRetrieval', 'Any2AnyMultilingualRetrieval', 'VisionCentricQA', 'ImageClustering', 'ImageClassification', 'DocumentUnderstanding', 'VisualSTS(eng)', 'VisualSTS(multi)', 'ZeroShotClassification', 'Compositionality', 'AudioClustering', 'AudioMultilabelClassification', 'AudioReranking', 'AudioZeroshotClassification', 'AudioClassification', 'AudioPairClassification', 'VideoClassification', 'VideoClustering', 'VideoMultilabelClassification', 'VideoPairClassification', 'VideoZeroshotClassification', 'VideoCentricQA')], prompt types [['query', 'document']], and task names\n"}
,{"stream_name":"stderr","time":813.488050121,"data":"/usr/local/lib/python3.13/dist-packages/mteb/models/sentence_transformer_wrapper.py:150: UserWarning: Task name FactChecking is not valid. Valid keys are task types [('BitextMining', 'Classification', 'MultilabelClassification', 'Clustering', 'PairClassification', 'Regression', 'Reranking', 'Retrieval', 'STS', 'Summarization', 'InstructionRetrieval', 'InstructionReranking', 'Any2AnyReranking', 'Any2AnyRetrieval', 'Any2AnyMultilingualRetrieval', 'VisionCentricQA', 'ImageClustering', 'ImageClassification', 'DocumentUnderstanding', 'VisualSTS(eng)', 'VisualSTS(multi)', 'ZeroShotClassification', 'Compositionality', 'AudioClustering', 'AudioMultilabelClassification', 'AudioReranking', 'AudioZeroshotClassification', 'AudioClassification', 'AudioPairClassification', 'VideoClassification', 'VideoClustering', 'VideoMultilabelClassification', 'VideoPairClassification', 'VideoZeroshotClassification', 'VideoCentricQA')], prompt types [['query', 'document']], and task names\n"}
,{"stream_name":"stderr","time":813.488068528,"data":"  resolved_prompts, invalid_prompts = AbsEncoder.validate_task_to_prompt_name(\n"}
,{"stream_name":"stderr","time":813.488073345,"data":"Task name QuestionAnswering is not valid. Valid keys are task types [('BitextMining', 'Classification', 'MultilabelClassification', 'Clustering', 'PairClassification', 'Regression', 'Reranking', 'Retrieval', 'STS', 'Summarization', 'InstructionRetrieval', 'InstructionReranking', 'Any2AnyReranking', 'Any2AnyRetrieval', 'Any2AnyMultilingualRetrieval', 'VisionCentricQA', 'ImageClustering', 'ImageClassification', 'DocumentUnderstanding', 'VisualSTS(eng)', 'VisualSTS(multi)', 'ZeroShotClassification', 'Compositionality', 'AudioClustering', 'AudioMultilabelClassification', 'AudioReranking', 'AudioZeroshotClassification', 'AudioClassification', 'AudioPairClassification', 'VideoClassification', 'VideoClustering', 'VideoMultilabelClassification', 'VideoPairClassification', 'VideoZeroshotClassification', 'VideoCentricQA')], prompt types [['query', 'document']], and task names\n"}
,{"stream_name":"stderr","time":813.48808749,"data":"\n"}
,{"stream_name":"stderr","time":813.488091647,"data":"/usr/local/lib/python3.13/dist-packages/mteb/models/sentence_transformer_wrapper.py:150: UserWarning: Task name FactChecking is not valid. Valid keys are task types [('BitextMining', 'Classification', 'MultilabelClassification', 'Clustering', 'PairClassification', 'Regression', 'Reranking', 'Retrieval', 'STS', 'Summarization', 'InstructionRetrieval', 'InstructionReranking', 'Any2AnyReranking', 'Any2AnyRetrieval', 'Any2AnyMultilingualRetrieval', 'VisionCentricQA', 'ImageClustering', 'ImageClassification', 'DocumentUnderstanding', 'VisualSTS(eng)', 'VisualSTS(multi)', 'ZeroShotClassification', 'Compositionality', 'AudioClustering', 'AudioMultilabelClassification', 'AudioReranking', 'AudioZeroshotClassification', 'AudioClassification', 'AudioPairClassification', 'VideoClassification', 'VideoClustering', 'VideoMultilabelClassification', 'VideoPairClassification', 'VideoZeroshotClassification', 'VideoCentricQA')], prompt types [['query', 'document']], and task names\n"}
,{"stream_name":"stderr","time":813.48811446,"data":"  resolved_prompts, invalid_prompts = AbsEncoder.validate_task_to_prompt_name(\n"}
,{"stream_name":"stderr","time":813.488119059,"data":"Task name QuestionAnswering is not valid. Valid keys are task types [('BitextMining', 'Classification', 'MultilabelClassification', 'Clustering', 'PairClassification', 'Regression', 'Reranking', 'Retrieval', 'STS', 'Summarization', 'InstructionRetrieval', 'InstructionReranking', 'Any2AnyReranking', 'Any2AnyRetrieval', 'Any2AnyMultilingualRetrieval', 'VisionCentricQA', 'ImageClustering', 'ImageClassification', 'DocumentUnderstanding', 'VisualSTS(eng)', 'VisualSTS(multi)', 'ZeroShotClassification', 'Compositionality', 'AudioClustering', 'AudioMultilabelClassification', 'AudioReranking', 'AudioZeroshotClassification', 'AudioClassification', 'AudioPairClassification', 'VideoClassification', 'VideoClustering', 'VideoMultilabelClassification', 'VideoPairClassification', 'VideoZeroshotClassification', 'VideoCentricQA')], prompt types [['query', 'document']], and task names\n"}
,{"stream_name":"stderr","time":813.488865294,"data":"/usr/local/lib/python3.13/dist-packages/mteb/models/sentence_transformer_wrapper.py:150: UserWarning: Task name QuestionAnswering is not valid. Valid keys are task types [('BitextMining', 'Classification', 'MultilabelClassification', 'Clustering', 'PairClassification', 'Regression', 'Reranking', 'Retrieval', 'STS', 'Summarization', 'InstructionRetrieval', 'InstructionReranking', 'Any2AnyReranking', 'Any2AnyRetrieval', 'Any2AnyMultilingualRetrieval', 'VisionCentricQA', 'ImageClustering', 'ImageClassification', 'DocumentUnderstanding', 'VisualSTS(eng)', 'VisualSTS(multi)', 'ZeroShotClassification', 'Compositionality', 'AudioClustering', 'AudioMultilabelClassification', 'AudioReranking', 'AudioZeroshotClassification', 'AudioClassification', 'AudioPairClassification', 'VideoClassification', 'VideoClustering', 'VideoMultilabelClassification', 'VideoPairClassification', 'VideoZeroshotClassification', 'VideoCentricQA')], prompt types [['query', 'document']], and task names\n"}
,{"stream_name":"stderr","time":813.488885264,"data":"  resolved_prompts, invalid_prompts = AbsEncoder.validate_task_to_prompt_name(\n"}
,{"stream_name":"stderr","time":813.488889662,"data":"Task name SearchQuery is not valid. Valid keys are task types [('BitextMining', 'Classification', 'MultilabelClassification', 'Clustering', 'PairClassification', 'Regression', 'Reranking', 'Retrieval', 'STS', 'Summarization', 'InstructionRetrieval', 'InstructionReranking', 'Any2AnyReranking', 'Any2AnyRetrieval', 'Any2AnyMultilingualRetrieval', 'VisionCentricQA', 'ImageClustering', 'ImageClassification', 'DocumentUnderstanding', 'VisualSTS(eng)', 'VisualSTS(multi)', 'ZeroShotClassification', 'Compositionality', 'AudioClustering', 'AudioMultilabelClassification', 'AudioReranking', 'AudioZeroshotClassification', 'AudioClassification', 'AudioPairClassification', 'VideoClassification', 'VideoClustering', 'VideoMultilabelClassification', 'VideoPairClassification', 'VideoZeroshotClassification', 'VideoCentricQA')], prompt types [['query', 'document']], and task names\n"}
,{"stream_name":"stderr","time":813.488902983,"data":"\n"}
,{"stream_name":"stderr","time":813.488907313,"data":"/usr/local/lib/python3.13/dist-packages/mteb/models/sentence_transformer_wrapper.py:150: UserWarning: Task name QuestionAnswering is not valid. Valid keys are task types [('BitextMining', 'Classification', 'MultilabelClassification', 'Clustering', 'PairClassification', 'Regression', 'Reranking', 'Retrieval', 'STS', 'Summarization', 'InstructionRetrieval', 'InstructionReranking', 'Any2AnyReranking', 'Any2AnyRetrieval', 'Any2AnyMultilingualRetrieval', 'VisionCentricQA', 'ImageClustering', 'ImageClassification', 'DocumentUnderstanding', 'VisualSTS(eng)', 'VisualSTS(multi)', 'ZeroShotClassification', 'Compositionality', 'AudioClustering', 'AudioMultilabelClassification', 'AudioReranking', 'AudioZeroshotClassification', 'AudioClassification', 'AudioPairClassification', 'VideoClassification', 'VideoClustering', 'VideoMultilabelClassification', 'VideoPairClassification', 'VideoZeroshotClassification', 'VideoCentricQA')], prompt types [['query', 'document']], and task names\n"}
,{"stream_name":"stderr","time":813.488913798,"data":"  resolved_prompts, invalid_prompts = AbsEncoder.validate_task_to_prompt_name(\n"}
,{"stream_name":"stderr","time":813.488917666,"data":"Task name SearchQuery is not valid. Valid keys are task types [('BitextMining', 'Classification', 'MultilabelClassification', 'Clustering', 'PairClassification', 'Regression', 'Reranking', 'Retrieval', 'STS', 'Summarization', 'InstructionRetrieval', 'InstructionReranking', 'Any2AnyReranking', 'Any2AnyRetrieval', 'Any2AnyMultilingualRetrieval', 'VisionCentricQA', 'ImageClustering', 'ImageClassification', 'DocumentUnderstanding', 'VisualSTS(eng)', 'VisualSTS(multi)', 'ZeroShotClassification', 'Compositionality', 'AudioClustering', 'AudioMultilabelClassification', 'AudioReranking', 'AudioZeroshotClassification', 'AudioClassification', 'AudioPairClassification', 'VideoClassification', 'VideoClustering', 'VideoMultilabelClassification', 'VideoPairClassification', 'VideoZeroshotClassification', 'VideoCentricQA')], prompt types [['query', 'document']], and task names\n"}
,{"stream_name":"stderr","time":813.502908655,"data":"/usr/local/lib/python3.13/dist-packages/mteb/models/sentence_transformer_wrapper.py:150: UserWarning: Task name SearchQuery is not valid. Valid keys are task types [('BitextMining', 'Classification', 'MultilabelClassification', 'Clustering', 'PairClassification', 'Regression', 'Reranking', 'Retrieval', 'STS', 'Summarization', 'InstructionRetrieval', 'InstructionReranking', 'Any2AnyReranking', 'Any2AnyRetrieval', 'Any2AnyMultilingualRetrieval', 'VisionCentricQA', 'ImageClustering', 'ImageClassification', 'DocumentUnderstanding', 'VisualSTS(eng)', 'VisualSTS(multi)', 'ZeroShotClassification', 'Compositionality', 'AudioClustering', 'AudioMultilabelClassification', 'AudioReranking', 'AudioZeroshotClassification', 'AudioClassification', 'AudioPairClassification', 'VideoClassification', 'VideoClustering', 'VideoMultilabelClassification', 'VideoPairClassification', 'VideoZeroshotClassification', 'VideoCentricQA')], prompt types [['query', 'document']], and task names\n"}
,{"stream_name":"stderr","time":813.502935704,"data":"  resolved_prompts, invalid_prompts = AbsEncoder.validate_task_to_prompt_name(\n"}
,{"stream_name":"stderr","time":813.502940416,"data":"Task name SentenceSimilarity is not valid. Valid keys are task types [('BitextMining', 'Classification', 'MultilabelClassification', 'Clustering', 'PairClassification', 'Regression', 'Reranking', 'Retrieval', 'STS', 'Summarization', 'InstructionRetrieval', 'InstructionReranking', 'Any2AnyReranking', 'Any2AnyRetrieval', 'Any2AnyMultilingualRetrieval', 'VisionCentricQA', 'ImageClustering', 'ImageClassification', 'DocumentUnderstanding', 'VisualSTS(eng)', 'VisualSTS(multi)', 'ZeroShotClassification', 'Compositionality', 'AudioClustering', 'AudioMultilabelClassification', 'AudioReranking', 'AudioZeroshotClassification', 'AudioClassification', 'AudioPairClassification', 'VideoClassification', 'VideoClustering', 'VideoMultilabelClassification', 'VideoPairClassification', 'VideoZeroshotClassification', 'VideoCentricQA')], prompt types [['query', 'document']], and task names\n"}
,{"stream_name":"stderr","time":813.502946411,"data":"\n"}
,{"stream_name":"stderr","time":813.50295028,"data":"/usr/local/lib/python3.13/dist-packages/mteb/models/sentence_transformer_wrapper.py:150: UserWarning: Task name SearchQuery is not valid. Valid keys are task types [('BitextMining', 'Classification', 'MultilabelClassification', 'Clustering', 'PairClassification', 'Regression', 'Reranking', 'Retrieval', 'STS', 'Summarization', 'InstructionRetrieval', 'InstructionReranking', 'Any2AnyReranking', 'Any2AnyRetrieval', 'Any2AnyMultilingualRetrieval', 'VisionCentricQA', 'ImageClustering', 'ImageClassification', 'DocumentUnderstanding', 'VisualSTS(eng)', 'VisualSTS(multi)', 'ZeroShotClassification', 'Compositionality', 'AudioClustering', 'AudioMultilabelClassification', 'AudioReranking', 'AudioZeroshotClassification', 'AudioClassification', 'AudioPairClassification', 'VideoClassification', 'VideoClustering', 'VideoMultilabelClassification', 'VideoPairClassification', 'VideoZeroshotClassification', 'VideoCentricQA')], prompt types [['query', 'document']], and task names\n"}
,{"stream_name":"stderr","time":813.50295631,"data":"  resolved_prompts, invalid_prompts = AbsEncoder.validate_task_to_prompt_name(\n"}
,{"stream_name":"stderr","time":813.502959914,"data":"Task name SentenceSimilarity is not valid. Valid keys are task types [('BitextMining', 'Classification', 'MultilabelClassification', 'Clustering', 'PairClassification', 'Regression', 'Reranking', 'Retrieval', 'STS', 'Summarization', 'InstructionRetrieval', 'InstructionReranking', 'Any2AnyReranking', 'Any2AnyRetrieval', 'Any2AnyMultilingualRetrieval', 'VisionCentricQA', 'ImageClustering', 'ImageClassification', 'DocumentUnderstanding', 'VisualSTS(eng)', 'VisualSTS(multi)', 'ZeroShotClassification', 'Compositionality', 'AudioClustering', 'AudioMultilabelClassification', 'AudioReranking', 'AudioZeroshotClassification', 'AudioClassification', 'AudioPairClassification', 'VideoClassification', 'VideoClustering', 'VideoMultilabelClassification', 'VideoPairClassification', 'VideoZeroshotClassification', 'VideoCentricQA')], prompt types [['query', 'document']], and task names\n"}
,{"stream_name":"stderr","time":813.503897005,"data":"/usr/local/lib/python3.13/dist-packages/mteb/models/sentence_transformer_wrapper.py:150: UserWarning: Task name SentenceSimilarity is not valid. Valid keys are task types [('BitextMining', 'Classification', 'MultilabelClassification', 'Clustering', 'PairClassification', 'Regression', 'Reranking', 'Retrieval', 'STS', 'Summarization', 'InstructionRetrieval', 'InstructionReranking', 'Any2AnyReranking', 'Any2AnyRetrieval', 'Any2AnyMultilingualRetrieval', 'VisionCentricQA', 'ImageClustering', 'ImageClassification', 'DocumentUnderstanding', 'VisualSTS(eng)', 'VisualSTS(multi)', 'ZeroShotClassification', 'Compositionality', 'AudioClustering', 'AudioMultilabelClassification', 'AudioReranking', 'AudioZeroshotClassification', 'AudioClassification', 'AudioPairClassification', 'VideoClassification', 'VideoClustering', 'VideoMultilabelClassification', 'VideoPairClassification', 'VideoZeroshotClassification', 'VideoCentricQA')], prompt types [['query', 'document']], and task names\n"}
,{"stream_name":"stderr","time":813.503927231,"data":"  resolved_prompts, invalid_prompts = AbsEncoder.validate_task_to_prompt_name(\n"}
,{"stream_name":"stderr","time":813.50393216,"data":"Some prompts are not in the expected format and will be ignored. Problems:\n"}
,{"stream_name":"stderr","time":813.503935801,"data":"\n"}
,{"stream_name":"stderr","time":813.50393901,"data":"Task name CodeRetrieval is not valid. Valid keys are task types [('BitextMining', 'Classification', 'MultilabelClassification', 'Clustering', 'PairClassification', 'Regression', 'Reranking', 'Retrieval', 'STS', 'Summarization', 'InstructionRetrieval', 'InstructionReranking', 'Any2AnyReranking', 'Any2AnyRetrieval', 'Any2AnyMultilingualRetrieval', 'VisionCentricQA', 'ImageClustering', 'ImageClassification', 'DocumentUnderstanding', 'VisualSTS(eng)', 'VisualSTS(multi)', 'ZeroShotClassification', 'Compositionality', 'AudioClustering', 'AudioMultilabelClassification', 'AudioReranking', 'AudioZeroshotClassification', 'AudioClassification', 'AudioPairClassification', 'VideoClassification', 'VideoClustering', 'VideoMultilabelClassification', 'VideoPairClassification', 'VideoZeroshotClassification', 'VideoCentricQA')], prompt types [['query', 'document']], and task names\n"}
,{"stream_name":"stderr","time":813.503946054,"data":"Task name FactChecking is not valid. Valid keys are task types [('BitextMining', 'Classification', 'MultilabelClassification', 'Clustering', 'PairClassification', 'Regression', 'Reranking', 'Retrieval', 'STS', 'Summarization', 'InstructionRetrieval', 'InstructionReranking', 'Any2AnyReranking', 'Any2AnyRetrieval', 'Any2AnyMultilingualRetrieval', 'VisionCentricQA', 'ImageClustering', 'ImageClassification', 'DocumentUnderstanding', 'VisualSTS(eng)', 'VisualSTS(multi)', 'ZeroShotClassification', 'Compositionality', 'AudioClustering', 'AudioMultilabelClassification', 'AudioReranking', 'AudioZeroshotClassification', 'AudioClassification', 'AudioPairClassification', 'VideoClassification', 'VideoClustering', 'VideoMultilabelClassification', 'VideoPairClassification', 'VideoZeroshotClassification', 'VideoCentricQA')], prompt types [['query', 'document']], and task names\n"}
,{"stream_name":"stderr","time":813.503951444,"data":"Task name SentenceSimilarity is not valid. Valid keys are task types [('BitextMining', 'Classification', 'MultilabelClassification', 'Clustering', 'PairClassification', 'Regression', 'Reranking', 'Retrieval', 'STS', 'Summarization', 'InstructionRetrieval', 'InstructionReranking', 'Any2AnyReranking', 'Any2AnyRetrieval', 'Any2AnyMultilingualRetrieval', 'VisionCentricQA', 'ImageClustering', 'ImageClassification', 'DocumentUnderstanding', 'VisualSTS(eng)', 'VisualSTS(multi)', 'ZeroShotClassification', 'Compositionality', 'AudioClustering', 'AudioMultilabelClassification', 'AudioReranking', 'AudioZeroshotClassification', 'AudioClassification', 'AudioPairClassification', 'VideoClassification', 'VideoClustering', 'VideoMultilabelClassification', 'VideoPairClassification', 'VideoZeroshotClassification', 'VideoCentricQA')], prompt types [['query', 'document']], and task names\n"}
,{"stream_name":"stderr","time":813.503962838,"data":"Task name QuestionAnswering is not valid. Valid keys are task types [('BitextMining', 'Classification', 'MultilabelClassification', 'Clustering', 'PairClassification', 'Regression', 'Reranking', 'Retrieval', 'STS', 'Summarization', 'InstructionRetrieval', 'InstructionReranking', 'Any2AnyReranking', 'Any2AnyRetrieval', 'Any2AnyMultilingualRetrieval', 'VisionCentricQA', 'ImageClustering', 'ImageClassification', 'DocumentUnderstanding', 'VisualSTS(eng)', 'VisualSTS(multi)', 'ZeroShotClassification', 'Compositionality', 'AudioClustering', 'AudioMultilabelClassification', 'AudioReranking', 'AudioZeroshotClassification', 'AudioClassification', 'AudioPairClassification', 'VideoClassification', 'VideoClustering', 'VideoMultilabelClassification', 'VideoPairClassification', 'VideoZeroshotClassification', 'VideoCentricQA')], prompt types [['query', 'document']], and task names\n"}
,{"stream_name":"stderr","time":813.503970258,"data":"Task name SearchQuery is not valid. Valid keys are task types [('BitextMining', 'Classification', 'MultilabelClassification', 'Clustering', 'PairClassification', 'Regression', 'Reranking', 'Retrieval', 'STS', 'Summarization', 'InstructionRetrieval', 'InstructionReranking', 'Any2AnyReranking', 'Any2AnyRetrieval', 'Any2AnyMultilingualRetrieval', 'VisionCentricQA', 'ImageClustering', 'ImageClassification', 'DocumentUnderstanding', 'VisualSTS(eng)', 'VisualSTS(multi)', 'ZeroShotClassification', 'Compositionality', 'AudioClustering', 'AudioMultilabelClassification', 'AudioReranking', 'AudioZeroshotClassification', 'AudioClassification', 'AudioPairClassification', 'VideoClassification', 'VideoClustering', 'VideoMultilabelClassification', 'VideoPairClassification', 'VideoZeroshotClassification', 'VideoCentricQA')], prompt types [['query', 'document']], and task names\n"}
,{"stream_name":"stderr","time":813.503974182,"data":"Task name Document is not valid. Valid keys are task types [('BitextMining', 'Classification', 'MultilabelClassification', 'Clustering', 'PairClassification', 'Regression', 'Reranking', 'Retrieval', 'STS', 'Summarization', 'InstructionRetrieval', 'InstructionReranking', 'Any2AnyReranking', 'Any2AnyRetrieval', 'Any2AnyMultilingualRetrieval', 'VisionCentricQA', 'ImageClustering', 'ImageClassification', 'DocumentUnderstanding', 'VisualSTS(eng)', 'VisualSTS(multi)', 'ZeroShotClassification', 'Compositionality', 'AudioClustering', 'AudioMultilabelClassification', 'AudioReranking', 'AudioZeroshotClassification', 'AudioClassification', 'AudioPairClassification', 'VideoClassification', 'VideoClustering', 'VideoMultilabelClassification', 'VideoPairClassification', 'VideoZeroshotClassification', 'VideoCentricQA')], prompt types [['query', 'document']], and task names\n"}
,{"stream_name":"stderr","time":813.50397776,"data":"\n"}
,{"stream_name":"stderr","time":813.503979888,"data":"/usr/local/lib/python3.13/dist-packages/mteb/models/sentence_transformer_wrapper.py:150: UserWarning: Task name SentenceSimilarity is not valid. Valid keys are task types [('BitextMining', 'Classification', 'MultilabelClassification', 'Clustering', 'PairClassification', 'Regression', 'Reranking', 'Retrieval', 'STS', 'Summarization', 'InstructionRetrieval', 'InstructionReranking', 'Any2AnyReranking', 'Any2AnyRetrieval', 'Any2AnyMultilingualRetrieval', 'VisionCentricQA', 'ImageClustering', 'ImageClassification', 'DocumentUnderstanding', 'VisualSTS(eng)', 'VisualSTS(multi)', 'ZeroShotClassification', 'Compositionality', 'AudioClustering', 'AudioMultilabelClassification', 'AudioReranking', 'AudioZeroshotClassification', 'AudioClassification', 'AudioPairClassification', 'VideoClassification', 'VideoClustering', 'VideoMultilabelClassification', 'VideoPairClassification', 'VideoZeroshotClassification', 'VideoCentricQA')], prompt types [['query', 'document']], and task names\n"}
,{"stream_name":"stderr","time":813.503983773,"data":"  resolved_prompts, invalid_prompts = AbsEncoder.validate_task_to_prompt_name(\n"}
,{"stream_name":"stderr","time":813.503985998,"data":"Some prompts are not in the expected format and will be ignored. Problems:\n"}
,{"stream_name":"stderr","time":813.503988204,"data":"\n"}
,{"stream_name":"stderr","time":813.503990523,"data":"Task name CodeRetrieval is not valid. Valid keys are task types [('BitextMining', 'Classification', 'MultilabelClassification', 'Clustering', 'PairClassification', 'Regression', 'Reranking', 'Retrieval', 'STS', 'Summarization', 'InstructionRetrieval', 'InstructionReranking', 'Any2AnyReranking', 'Any2AnyRetrieval', 'Any2AnyMultilingualRetrieval', 'VisionCentricQA', 'ImageClustering', 'ImageClassification', 'DocumentUnderstanding', 'VisualSTS(eng)', 'VisualSTS(multi)', 'ZeroShotClassification', 'Compositionality', 'AudioClustering', 'AudioMultilabelClassification', 'AudioReranking', 'AudioZeroshotClassification', 'AudioClassification', 'AudioPairClassification', 'VideoClassification', 'VideoClustering', 'VideoMultilabelClassification', 'VideoPairClassification', 'VideoZeroshotClassification', 'VideoCentricQA')], prompt types [['query', 'document']], and task names\n"}
,{"stream_name":"stderr","time":813.503995999,"data":"Task name FactChecking is not valid. Valid keys are task types [('BitextMining', 'Classification', 'MultilabelClassification', 'Clustering', 'PairClassification', 'Regression', 'Reranking', 'Retrieval', 'STS', 'Summarization', 'InstructionRetrieval', 'InstructionReranking', 'Any2AnyReranking', 'Any2AnyRetrieval', 'Any2AnyMultilingualRetrieval', 'VisionCentricQA', 'ImageClustering', 'ImageClassification', 'DocumentUnderstanding', 'VisualSTS(eng)', 'VisualSTS(multi)', 'ZeroShotClassification', 'Compositionality', 'AudioClustering', 'AudioMultilabelClassification', 'AudioReranking', 'AudioZeroshotClassification', 'AudioClassification', 'AudioPairClassification', 'VideoClassification', 'VideoClustering', 'VideoMultilabelClassification', 'VideoPairClassification', 'VideoZeroshotClassification', 'VideoCentricQA')], prompt types [['query', 'document']], and task names\n"}
,{"stream_name":"stderr","time":813.503999615,"data":"Task name SentenceSimilarity is not valid. Valid keys are task types [('BitextMining', 'Classification', 'MultilabelClassification', 'Clustering', 'PairClassification', 'Regression', 'Reranking', 'Retrieval', 'STS', 'Summarization', 'InstructionRetrieval', 'InstructionReranking', 'Any2AnyReranking', 'Any2AnyRetrieval', 'Any2AnyMultilingualRetrieval', 'VisionCentricQA', 'ImageClustering', 'ImageClassification', 'DocumentUnderstanding', 'VisualSTS(eng)', 'VisualSTS(multi)', 'ZeroShotClassification', 'Compositionality', 'AudioClustering', 'AudioMultilabelClassification', 'AudioReranking', 'AudioZeroshotClassification', 'AudioClassification', 'AudioPairClassification', 'VideoClassification', 'VideoClustering', 'VideoMultilabelClassification', 'VideoPairClassification', 'VideoZeroshotClassification', 'VideoCentricQA')], prompt types [['query', 'document']], and task names\n"}
,{"stream_name":"stderr","time":813.504003283,"data":"Task name QuestionAnswering is not valid. Valid keys are task types [('BitextMining', 'Classification', 'MultilabelClassification', 'Clustering', 'PairClassification', 'Regression', 'Reranking', 'Retrieval', 'STS', 'Summarization', 'InstructionRetrieval', 'InstructionReranking', 'Any2AnyReranking', 'Any2AnyRetrieval', 'Any2AnyMultilingualRetrieval', 'VisionCentricQA', 'ImageClustering', 'ImageClassification', 'DocumentUnderstanding', 'VisualSTS(eng)', 'VisualSTS(multi)', 'ZeroShotClassification', 'Compositionality', 'AudioClustering', 'AudioMultilabelClassification', 'AudioReranking', 'AudioZeroshotClassification', 'AudioClassification', 'AudioPairClassification', 'VideoClassification', 'VideoClustering', 'VideoMultilabelClassification', 'VideoPairClassification', 'VideoZeroshotClassification', 'VideoCentricQA')], prompt types [['query', 'document']], and task names\n"}
,{"stream_name":"stderr","time":813.504006814,"data":"Task name SearchQuery is not valid. Valid keys are task types [('BitextMining', 'Classification', 'MultilabelClassification', 'Clustering', 'PairClassification', 'Regression', 'Reranking', 'Retrieval', 'STS', 'Summarization', 'InstructionRetrieval', 'InstructionReranking', 'Any2AnyReranking', 'Any2AnyRetrieval', 'Any2AnyMultilingualRetrieval', 'VisionCentricQA', 'ImageClustering', 'ImageClassification', 'DocumentUnderstanding', 'VisualSTS(eng)', 'VisualSTS(multi)', 'ZeroShotClassification', 'Compositionality', 'AudioClustering', 'AudioMultilabelClassification', 'AudioReranking', 'AudioZeroshotClassification', 'AudioClassification', 'AudioPairClassification', 'VideoClassification', 'VideoClustering', 'VideoMultilabelClassification', 'VideoPairClassification', 'VideoZeroshotClassification', 'VideoCentricQA')], prompt types [['query', 'document']], and task names\n"}
,{"stream_name":"stderr","time":813.504032939,"data":"Task name Document is not valid. Valid keys are task types [('BitextMining', 'Classification', 'MultilabelClassification', 'Clustering', 'PairClassification', 'Regression', 'Reranking', 'Retrieval', 'STS', 'Summarization', 'InstructionRetrieval', 'InstructionReranking', 'Any2AnyReranking', 'Any2AnyRetrieval', 'Any2AnyMultilingualRetrieval', 'VisionCentricQA', 'ImageClustering', 'ImageClassification', 'DocumentUnderstanding', 'VisualSTS(eng)', 'VisualSTS(multi)', 'ZeroShotClassification', 'Compositionality', 'AudioClustering', 'AudioMultilabelClassification', 'AudioReranking', 'AudioZeroshotClassification', 'AudioClassification', 'AudioPairClassification', 'VideoClassification', 'VideoClustering', 'VideoMultilabelClassification', 'VideoPairClassification', 'VideoZeroshotClassification', 'VideoCentricQA')], prompt types [['query', 'document']], and task names\n"}
,{"stream_name":"stderr","time":813.525094721,"data":"/usr/local/lib/python3.13/dist-packages/mteb/models/sentence_transformer_wrapper.py:430: UserWarning: Some prompts are not in the expected format and will be ignored. Problems:\n"}
,{"stream_name":"stderr","time":813.52512514,"data":"\n"}
,{"stream_name":"stderr","time":813.525131263,"data":"Task name CodeRetrieval is not valid. Valid keys are task types [('BitextMining', 'Classification', 'MultilabelClassification', 'Clustering', 'PairClassification', 'Regression', 'Reranking', 'Retrieval', 'STS', 'Summarization', 'InstructionRetrieval', 'InstructionReranking', 'Any2AnyReranking', 'Any2AnyRetrieval', 'Any2AnyMultilingualRetrieval', 'VisionCentricQA', 'ImageClustering', 'ImageClassification', 'DocumentUnderstanding', 'VisualSTS(eng)', 'VisualSTS(multi)', 'ZeroShotClassification', 'Compositionality', 'AudioClustering', 'AudioMultilabelClassification', 'AudioReranking', 'AudioZeroshotClassification', 'AudioClassification', 'AudioPairClassification', 'VideoClassification', 'VideoClustering', 'VideoMultilabelClassification', 'VideoPairClassification', 'VideoZeroshotClassification', 'VideoCentricQA')], prompt types [['query', 'document']], and task names\n"}
,{"stream_name":"stderr","time":813.525137261,"data":"Task name FactChecking is not valid. Valid keys are task types [('BitextMining', 'Classification', 'MultilabelClassification', 'Clustering', 'PairClassification', 'Regression', 'Reranking', 'Retrieval', 'STS', 'Summarization', 'InstructionRetrieval', 'InstructionReranking', 'Any2AnyReranking', 'Any2AnyRetrieval', 'Any2AnyMultilingualRetrieval', 'VisionCentricQA', 'ImageClustering', 'ImageClassification', 'DocumentUnderstanding', 'VisualSTS(eng)', 'VisualSTS(multi)', 'ZeroShotClassification', 'Compositionality', 'AudioClustering', 'AudioMultilabelClassification', 'AudioReranking', 'AudioZeroshotClassification', 'AudioClassification', 'AudioPairClassification', 'VideoClassification', 'VideoClustering', 'VideoMultilabelClassification', 'VideoPairClassification', 'VideoZeroshotClassification', 'VideoCentricQA')], prompt types [['query', 'document']], and task names\n"}
,{"stream_name":"stderr","time":813.52514331,"data":"Task name SentenceSimilarity is not valid. Valid keys are task types [('BitextMining', 'Classification', 'MultilabelClassification', 'Clustering', 'PairClassification', 'Regression', 'Reranking', 'Retrieval', 'STS', 'Summarization', 'InstructionRetrieval', 'InstructionReranking', 'Any2AnyReranking', 'Any2AnyRetrieval', 'Any2AnyMultilingualRetrieval', 'VisionCentricQA', 'ImageClustering', 'ImageClassification', 'DocumentUnderstanding', 'VisualSTS(eng)', 'VisualSTS(multi)', 'ZeroShotClassification', 'Compositionality', 'AudioClustering', 'AudioMultilabelClassification', 'AudioReranking', 'AudioZeroshotClassification', 'AudioClassification', 'AudioPairClassification', 'VideoClassification', 'VideoClustering', 'VideoMultilabelClassification', 'VideoPairClassification', 'VideoZeroshotClassification', 'VideoCentricQA')], prompt types [['query', 'document']], and task names\n"}
,{"stream_name":"stderr","time":813.525157859,"data":"Task name QuestionAnswering is not valid. Valid keys are task types [('BitextMining', 'Classification', 'MultilabelClassification', 'Clustering', 'PairClassification', 'Regression', 'Reranking', 'Retrieval', 'STS', 'Summarization', 'InstructionRetrieval', 'InstructionReranking', 'Any2AnyReranking', 'Any2AnyRetrieval', 'Any2AnyMultilingualRetrieval', 'VisionCentricQA', 'ImageClustering', 'ImageClassification', 'DocumentUnderstanding', 'VisualSTS(eng)', 'VisualSTS(multi)', 'ZeroShotClassification', 'Compositionality', 'AudioClustering', 'AudioMultilabelClassification', 'AudioReranking', 'AudioZeroshotClassification', 'AudioClassification', 'AudioPairClassification', 'VideoClassification', 'VideoClustering', 'VideoMultilabelClassification', 'VideoPairClassification', 'VideoZeroshotClassification', 'VideoCentricQA')], prompt types [['query', 'document']], and task names\n"}
,{"stream_name":"stderr","time":813.525164489,"data":"Task name SearchQuery is not valid. Valid keys are task types [('BitextMining', 'Classification', 'MultilabelClassification', 'Clustering', 'PairClassification', 'Regression', 'Reranking', 'Retrieval', 'STS', 'Summarization', 'InstructionRetrieval', 'InstructionReranking', 'Any2AnyReranking', 'Any2AnyRetrieval', 'Any2AnyMultilingualRetrieval', 'VisionCentricQA', 'ImageClustering', 'ImageClassification', 'DocumentUnderstanding', 'VisualSTS(eng)', 'VisualSTS(multi)', 'ZeroShotClassification', 'Compositionality', 'AudioClustering', 'AudioMultilabelClassification', 'AudioReranking', 'AudioZeroshotClassification', 'AudioClassification', 'AudioPairClassification', 'VideoClassification', 'VideoClustering', 'VideoMultilabelClassification', 'VideoPairClassification', 'VideoZeroshotClassification', 'VideoCentricQA')], prompt types [['query', 'document']], and task names\n"}
,{"stream_name":"stderr","time":813.525170798,"data":"Task name Document is not valid. Valid keys are task types [('BitextMining', 'Classification', 'MultilabelClassification', 'Clustering', 'PairClassification', 'Regression', 'Reranking', 'Retrieval', 'STS', 'Summarization', 'InstructionRetrieval', 'InstructionReranking', 'Any2AnyReranking', 'Any2AnyRetrieval', 'Any2AnyMultilingualRetrieval', 'VisionCentricQA', 'ImageClustering', 'ImageClassification', 'DocumentUnderstanding', 'VisualSTS(eng)', 'VisualSTS(multi)', 'ZeroShotClassification', 'Compositionality', 'AudioClustering', 'AudioMultilabelClassification', 'AudioReranking', 'AudioZeroshotClassification', 'AudioClassification', 'AudioPairClassification', 'VideoClassification', 'VideoClustering', 'VideoMultilabelClassification', 'VideoPairClassification', 'VideoZeroshotClassification', 'VideoCentricQA')], prompt types [['query', 'document']], and task names\n"}
,{"stream_name":"stderr","time":813.52517665,"data":"  self.model_prompts = _resolve_model_prompts(self.model, model_prompts)\n"}
,{"stream_name":"stderr","time":813.525180564,"data":"\n"}
,{"stream_name":"stderr","time":813.525183925,"data":"/usr/local/lib/python3.13/dist-packages/mteb/models/sentence_transformer_wrapper.py:430: UserWarning: Some prompts are not in the expected format and will be ignored. Problems:\n"}
,{"stream_name":"stderr","time":813.525187665,"data":"\n"}
,{"stream_name":"stderr","time":813.525191493,"data":"Task name CodeRetrieval is not valid. Valid keys are task types [('BitextMining', 'Classification', 'MultilabelClassification', 'Clustering', 'PairClassification', 'Regression', 'Reranking', 'Retrieval', 'STS', 'Summarization', 'InstructionRetrieval', 'InstructionReranking', 'Any2AnyReranking', 'Any2AnyRetrieval', 'Any2AnyMultilingualRetrieval', 'VisionCentricQA', 'ImageClustering', 'ImageClassification', 'DocumentUnderstanding', 'VisualSTS(eng)', 'VisualSTS(multi)', 'ZeroShotClassification', 'Compositionality', 'AudioClustering', 'AudioMultilabelClassification', 'AudioReranking', 'AudioZeroshotClassification', 'AudioClassification', 'AudioPairClassification', 'VideoClassification', 'VideoClustering', 'VideoMultilabelClassification', 'VideoPairClassification', 'VideoZeroshotClassification', 'VideoCentricQA')], prompt types [['query', 'document']], and task names\n"}
,{"stream_name":"stderr","time":813.52520117,"data":"Task name FactChecking is not valid. Valid keys are task types [('BitextMining', 'Classification', 'MultilabelClassification', 'Clustering', 'PairClassification', 'Regression', 'Reranking', 'Retrieval', 'STS', 'Summarization', 'InstructionRetrieval', 'InstructionReranking', 'Any2AnyReranking', 'Any2AnyRetrieval', 'Any2AnyMultilingualRetrieval', 'VisionCentricQA', 'ImageClustering', 'ImageClassification', 'DocumentUnderstanding', 'VisualSTS(eng)', 'VisualSTS(multi)', 'ZeroShotClassification', 'Compositionality', 'AudioClustering', 'AudioMultilabelClassification', 'AudioReranking', 'AudioZeroshotClassification', 'AudioClassification', 'AudioPairClassification', 'VideoClassification', 'VideoClustering', 'VideoMultilabelClassification', 'VideoPairClassification', 'VideoZeroshotClassification', 'VideoCentricQA')], prompt types [['query', 'document']], and task names\n"}
,{"stream_name":"stderr","time":813.525207567,"data":"Task name SentenceSimilarity is not valid. Valid keys are task types [('BitextMining', 'Classification', 'MultilabelClassification', 'Clustering', 'PairClassification', 'Regression', 'Reranking', 'Retrieval', 'STS', 'Summarization', 'InstructionRetrieval', 'InstructionReranking', 'Any2AnyReranking', 'Any2AnyRetrieval', 'Any2AnyMultilingualRetrieval', 'VisionCentricQA', 'ImageClustering', 'ImageClassification', 'DocumentUnderstanding', 'VisualSTS(eng)', 'VisualSTS(multi)', 'ZeroShotClassification', 'Compositionality', 'AudioClustering', 'AudioMultilabelClassification', 'AudioReranking', 'AudioZeroshotClassification', 'AudioClassification', 'AudioPairClassification', 'VideoClassification', 'VideoClustering', 'VideoMultilabelClassification', 'VideoPairClassification', 'VideoZeroshotClassification', 'VideoCentricQA')], prompt types [['query', 'document']], and task names\n"}
,{"stream_name":"stderr","time":813.525214091,"data":"Task name QuestionAnswering is not valid. Valid keys are task types [('BitextMining', 'Classification', 'MultilabelClassification', 'Clustering', 'PairClassification', 'Regression', 'Reranking', 'Retrieval', 'STS', 'Summarization', 'InstructionRetrieval', 'InstructionReranking', 'Any2AnyReranking', 'Any2AnyRetrieval', 'Any2AnyMultilingualRetrieval', 'VisionCentricQA', 'ImageClustering', 'ImageClassification', 'DocumentUnderstanding', 'VisualSTS(eng)', 'VisualSTS(multi)', 'ZeroShotClassification', 'Compositionality', 'AudioClustering', 'AudioMultilabelClassification', 'AudioReranking', 'AudioZeroshotClassification', 'AudioClassification', 'AudioPairClassification', 'VideoClassification', 'VideoClustering', 'VideoMultilabelClassification', 'VideoPairClassification', 'VideoZeroshotClassification', 'VideoCentricQA')], prompt types [['query', 'document']], and task names\n"}
,{"stream_name":"stderr","time":813.525220509,"data":"Task name SearchQuery is not valid. Valid keys are task types [('BitextMining', 'Classification', 'MultilabelClassification', 'Clustering', 'PairClassification', 'Regression', 'Reranking', 'Retrieval', 'STS', 'Summarization', 'InstructionRetrieval', 'InstructionReranking', 'Any2AnyReranking', 'Any2AnyRetrieval', 'Any2AnyMultilingualRetrieval', 'VisionCentricQA', 'ImageClustering', 'ImageClassification', 'DocumentUnderstanding', 'VisualSTS(eng)', 'VisualSTS(multi)', 'ZeroShotClassification', 'Compositionality', 'AudioClustering', 'AudioMultilabelClassification', 'AudioReranking', 'AudioZeroshotClassification', 'AudioClassification', 'AudioPairClassification', 'VideoClassification', 'VideoClustering', 'VideoMultilabelClassification', 'VideoPairClassification', 'VideoZeroshotClassification', 'VideoCentricQA')], prompt types [['query', 'document']], and task names\n"}
,{"stream_name":"stderr","time":813.525231018,"data":"Task name Document is not valid. Valid keys are task types [('BitextMining', 'Classification', 'MultilabelClassification', 'Clustering', 'PairClassification', 'Regression', 'Reranking', 'Retrieval', 'STS', 'Summarization', 'InstructionRetrieval', 'InstructionReranking', 'Any2AnyReranking', 'Any2AnyRetrieval', 'Any2AnyMultilingualRetrieval', 'VisionCentricQA', 'ImageClustering', 'ImageClassification', 'DocumentUnderstanding', 'VisualSTS(eng)', 'VisualSTS(multi)', 'ZeroShotClassification', 'Compositionality', 'AudioClustering', 'AudioMultilabelClassification', 'AudioReranking', 'AudioZeroshotClassification', 'AudioClassification', 'AudioPairClassification', 'VideoClassification', 'VideoClustering', 'VideoMultilabelClassification', 'VideoPairClassification', 'VideoZeroshotClassification', 'VideoCentricQA')], prompt types [['query', 'document']], and task names\n"}
,{"stream_name":"stderr","time":813.525237225,"data":"  self.model_prompts = _resolve_model_prompts(self.model, model_prompts)\n"}
,{"stream_name":"stderr","time":813.527691256,"data":"The task 'Banking77Classification' is superseded by 'Banking77Classification.v2'. We recommend using the newer version of the task unless you are running a specific benchmark. See `get_task('Banking77Classification.v2').metadata.description` to get a description of the task and changes.\n"}
,{"stream_name":"stderr","time":813.52770889,"data":"\n"}
,{"stream_name":"stderr","time":813.527713665,"data":"The task 'Banking77Classification' is superseded by 'Banking77Classification.v2'. We recommend using the newer version of the task unless you are running a specific benchmark. See `get_task('Banking77Classification.v2').metadata.description` to get a description of the task and changes.\n"}
,{"stream_name":"stderr","time":813.651908425,"data":"/usr/local/lib/python3.13/dist-packages/mteb/evaluate.py:262: UserWarning: The task 'Banking77Classification' is superseded by 'Banking77Classification.v2'. We recommend using the newer version of the task unless you are running a specific benchmark. See `get_task('Banking77Classification.v2').metadata.description` to get a description of the task and changes.\n"}
,{"stream_name":"stderr","time":813.651926262,"data":"  task.check_if_dataset_is_superseded()\n"}
,{"stream_name":"stderr","time":813.651931301,"data":"\n"}
,{"stream_name":"stderr","time":813.651935588,"data":"/usr/local/lib/python3.13/dist-packages/mteb/evaluate.py:262: UserWarning: The task 'Banking77Classification' is superseded by 'Banking77Classification.v2'. We recommend using the newer version of the task unless you are running a specific benchmark. See `get_task('Banking77Classification.v2').metadata.description` to get a description of the task and changes.\n"}
,{"stream_name":"stderr","time":813.651940293,"data":"  task.check_if_dataset_is_superseded()\n"}
,{"stream_name":"stdout","time":890.941589622,"data":"Banking77Classification        main_score=0.9224 rev=0fd18e25\n"}
,{"stream_name":"stderr","time":890.942547216,"data":"/usr/local/lib/python3.13/dist-packages/mteb/models/model_meta.py:969: FutureWarning: The `get_sentence_embedding_dimension` method has been renamed to `get_embedding_dimension`.\n"}
,{"stream_name":"stderr","time":890.942571974,"data":"  embedding_dimensions = model.get_sentence_embedding_dimension()\n"}
,{"stream_name":"stderr","time":890.942577869,"data":"/usr/local/lib/python3.13/dist-packages/mteb/models/model_meta.py:929: FutureWarning: The `get_sentence_embedding_dimension` method has been renamed to `get_embedding_dimension`.\n"}
,{"stream_name":"stderr","time":890.942583498,"data":"  embed_dim=model.get_sentence_embedding_dimension(),\n"}
,{"stream_name":"stderr","time":890.942604155,"data":"Task name CodeRetrieval is not valid. Valid keys are task types [('BitextMining', 'Classification', 'MultilabelClassification', 'Clustering', 'PairClassification', 'Regression', 'Reranking', 'Retrieval', 'STS', 'Summarization', 'InstructionRetrieval', 'InstructionReranking', 'Any2AnyReranking', 'Any2AnyRetrieval', 'Any2AnyMultilingualRetrieval', 'VisionCentricQA', 'ImageClustering', 'ImageClassification', 'DocumentUnderstanding', 'VisualSTS(eng)', 'VisualSTS(multi)', 'ZeroShotClassification', 'Compositionality', 'AudioClustering', 'AudioMultilabelClassification', 'AudioReranking', 'AudioZeroshotClassification', 'AudioClassification', 'AudioPairClassification', 'VideoClassification', 'VideoClustering', 'VideoMultilabelClassification', 'VideoPairClassification', 'VideoZeroshotClassification', 'VideoCentricQA')], prompt types [['query', 'document']], and task names\n"}
,{"stream_name":"stderr","time":890.942617619,"data":"\n"}
,{"stream_name":"stderr","time":890.942621218,"data":"/usr/local/lib/python3.13/dist-packages/mteb/models/model_meta.py:969: FutureWarning: The `get_sentence_embedding_dimension` method has been renamed to `get_embedding_dimension`.\n"}
,{"stream_name":"stderr","time":890.942625784,"data":"  embedding_dimensions = model.get_sentence_embedding_dimension()\n"}
,{"stream_name":"stderr","time":890.942629456,"data":"/usr/local/lib/python3.13/dist-packages/mteb/models/model_meta.py:929: FutureWarning: The `get_sentence_embedding_dimension` method has been renamed to `get_embedding_dimension`.\n"}
,{"stream_name":"stderr","time":890.942633534,"data":"  embed_dim=model.get_sentence_embedding_dimension(),\n"}
,{"stream_name":"stderr","time":890.942637958,"data":"Task name CodeRetrieval is not valid. Valid keys are task types [('BitextMining', 'Classification', 'MultilabelClassification', 'Clustering', 'PairClassification', 'Regression', 'Reranking', 'Retrieval', 'STS', 'Summarization', 'InstructionRetrieval', 'InstructionReranking', 'Any2AnyReranking', 'Any2AnyRetrieval', 'Any2AnyMultilingualRetrieval', 'VisionCentricQA', 'ImageClustering', 'ImageClassification', 'DocumentUnderstanding', 'VisualSTS(eng)', 'VisualSTS(multi)', 'ZeroShotClassification', 'Compositionality', 'AudioClustering', 'AudioMultilabelClassification', 'AudioReranking', 'AudioZeroshotClassification', 'AudioClassification', 'AudioPairClassification', 'VideoClassification', 'VideoClustering', 'VideoMultilabelClassification', 'VideoPairClassification', 'VideoZeroshotClassification', 'VideoCentricQA')], prompt types [['query', 'document']], and task names\n"}
,{"stream_name":"stderr","time":890.943399627,"data":"/usr/local/lib/python3.13/dist-packages/mteb/models/sentence_transformer_wrapper.py:150: UserWarning: Task name CodeRetrieval is not valid. Valid keys are task types [('BitextMining', 'Classification', 'MultilabelClassification', 'Clustering', 'PairClassification', 'Regression', 'Reranking', 'Retrieval', 'STS', 'Summarization', 'InstructionRetrieval', 'InstructionReranking', 'Any2AnyReranking', 'Any2AnyRetrieval', 'Any2AnyMultilingualRetrieval', 'VisionCentricQA', 'ImageClustering', 'ImageClassification', 'DocumentUnderstanding', 'VisualSTS(eng)', 'VisualSTS(multi)', 'ZeroShotClassification', 'Compositionality', 'AudioClustering', 'AudioMultilabelClassification', 'AudioReranking', 'AudioZeroshotClassification', 'AudioClassification', 'AudioPairClassification', 'VideoClassification', 'VideoClustering', 'VideoMultilabelClassification', 'VideoPairClassification', 'VideoZeroshotClassification', 'VideoCentricQA')], prompt types [['query', 'document']], and task names\n"}
,{"stream_name":"stderr","time":890.943424057,"data":"  resolved_prompts, invalid_prompts = AbsEncoder.validate_task_to_prompt_name(\n"}
,{"stream_name":"stderr","time":890.943428872,"data":"Task name Document is not valid. Valid keys are task types [('BitextMining', 'Classification', 'MultilabelClassification', 'Clustering', 'PairClassification', 'Regression', 'Reranking', 'Retrieval', 'STS', 'Summarization', 'InstructionRetrieval', 'InstructionReranking', 'Any2AnyReranking', 'Any2AnyRetrieval', 'Any2AnyMultilingualRetrieval', 'VisionCentricQA', 'ImageClustering', 'ImageClassification', 'DocumentUnderstanding', 'VisualSTS(eng)', 'VisualSTS(multi)', 'ZeroShotClassification', 'Compositionality', 'AudioClustering', 'AudioMultilabelClassification', 'AudioReranking', 'AudioZeroshotClassification', 'AudioClassification', 'AudioPairClassification', 'VideoClassification', 'VideoClustering', 'VideoMultilabelClassification', 'VideoPairClassification', 'VideoZeroshotClassification', 'VideoCentricQA')], prompt types [['query', 'document']], and task names\n"}
,{"stream_name":"stderr","time":890.943444366,"data":"\n"}
,{"stream_name":"stderr","time":890.943450583,"data":"/usr/local/lib/python3.13/dist-packages/mteb/models/sentence_transformer_wrapper.py:150: UserWarning: Task name CodeRetrieval is not valid. Valid keys are task types [('BitextMining', 'Classification', 'MultilabelClassification', 'Clustering', 'PairClassification', 'Regression', 'Reranking', 'Retrieval', 'STS', 'Summarization', 'InstructionRetrieval', 'InstructionReranking', 'Any2AnyReranking', 'Any2AnyRetrieval', 'Any2AnyMultilingualRetrieval', 'VisionCentricQA', 'ImageClustering', 'ImageClassification', 'DocumentUnderstanding', 'VisualSTS(eng)', 'VisualSTS(multi)', 'ZeroShotClassification', 'Compositionality', 'AudioClustering', 'AudioMultilabelClassification', 'AudioReranking', 'AudioZeroshotClassification', 'AudioClassification', 'AudioPairClassification', 'VideoClassification', 'VideoClustering', 'VideoMultilabelClassification', 'VideoPairClassification', 'VideoZeroshotClassification', 'VideoCentricQA')], prompt types [['query', 'document']], and task names\n"}
,{"stream_name":"stderr","time":890.943456347,"data":"  resolved_prompts, invalid_prompts = AbsEncoder.validate_task_to_prompt_name(\n"}
,{"stream_name":"stderr","time":890.943461512,"data":"Task name Document is not valid. Valid keys are task types [('BitextMining', 'Classification', 'MultilabelClassification', 'Clustering', 'PairClassification', 'Regression', 'Reranking', 'Retrieval', 'STS', 'Summarization', 'InstructionRetrieval', 'InstructionReranking', 'Any2AnyReranking', 'Any2AnyRetrieval', 'Any2AnyMultilingualRetrieval', 'VisionCentricQA', 'ImageClustering', 'ImageClassification', 'DocumentUnderstanding', 'VisualSTS(eng)', 'VisualSTS(multi)', 'ZeroShotClassification', 'Compositionality', 'AudioClustering', 'AudioMultilabelClassification', 'AudioReranking', 'AudioZeroshotClassification', 'AudioClassification', 'AudioPairClassification', 'VideoClassification', 'VideoClustering', 'VideoMultilabelClassification', 'VideoPairClassification', 'VideoZeroshotClassification', 'VideoCentricQA')], prompt types [['query', 'document']], and task names\n"}
,{"stream_name":"stderr","time":890.954781416,"data":"/usr/local/lib/python3.13/dist-packages/mteb/models/sentence_transformer_wrapper.py:150: UserWarning: Task name Document is not valid. Valid keys are task types [('BitextMining', 'Classification', 'MultilabelClassification', 'Clustering', 'PairClassification', 'Regression', 'Reranking', 'Retrieval', 'STS', 'Summarization', 'InstructionRetrieval', 'InstructionReranking', 'Any2AnyReranking', 'Any2AnyRetrieval', 'Any2AnyMultilingualRetrieval', 'VisionCentricQA', 'ImageClustering', 'ImageClassification', 'DocumentUnderstanding', 'VisualSTS(eng)', 'VisualSTS(multi)', 'ZeroShotClassification', 'Compositionality', 'AudioClustering', 'AudioMultilabelClassification', 'AudioReranking', 'AudioZeroshotClassification', 'AudioClassification', 'AudioPairClassification', 'VideoClassification', 'VideoClustering', 'VideoMultilabelClassification', 'VideoPairClassification', 'VideoZeroshotClassification', 'VideoCentricQA')], prompt types [['query', 'document']], and task names\n"}
,{"stream_name":"stderr","time":890.954801109,"data":"  resolved_prompts, invalid_prompts = AbsEncoder.validate_task_to_prompt_name(\n"}
,{"stream_name":"stderr","time":890.954813505,"data":"Task name FactChecking is not valid. Valid keys are task types [('BitextMining', 'Classification', 'MultilabelClassification', 'Clustering', 'PairClassification', 'Regression', 'Reranking', 'Retrieval', 'STS', 'Summarization', 'InstructionRetrieval', 'InstructionReranking', 'Any2AnyReranking', 'Any2AnyRetrieval', 'Any2AnyMultilingualRetrieval', 'VisionCentricQA', 'ImageClustering', 'ImageClassification', 'DocumentUnderstanding', 'VisualSTS(eng)', 'VisualSTS(multi)', 'ZeroShotClassification', 'Compositionality', 'AudioClustering', 'AudioMultilabelClassification', 'AudioReranking', 'AudioZeroshotClassification', 'AudioClassification', 'AudioPairClassification', 'VideoClassification', 'VideoClustering', 'VideoMultilabelClassification', 'VideoPairClassification', 'VideoZeroshotClassification', 'VideoCentricQA')], prompt types [['query', 'document']], and task names\n"}
,{"stream_name":"stderr","time":890.954820025,"data":"\n"}
,{"stream_name":"stderr","time":890.954824577,"data":"/usr/local/lib/python3.13/dist-packages/mteb/models/sentence_transformer_wrapper.py:150: UserWarning: Task name Document is not valid. Valid keys are task types [('BitextMining', 'Classification', 'MultilabelClassification', 'Clustering', 'PairClassification', 'Regression', 'Reranking', 'Retrieval', 'STS', 'Summarization', 'InstructionRetrieval', 'InstructionReranking', 'Any2AnyReranking', 'Any2AnyRetrieval', 'Any2AnyMultilingualRetrieval', 'VisionCentricQA', 'ImageClustering', 'ImageClassification', 'DocumentUnderstanding', 'VisualSTS(eng)', 'VisualSTS(multi)', 'ZeroShotClassification', 'Compositionality', 'AudioClustering', 'AudioMultilabelClassification', 'AudioReranking', 'AudioZeroshotClassification', 'AudioClassification', 'AudioPairClassification', 'VideoClassification', 'VideoClustering', 'VideoMultilabelClassification', 'VideoPairClassification', 'VideoZeroshotClassification', 'VideoCentricQA')], prompt types [['query', 'document']], and task names\n"}
,{"stream_name":"stderr","time":890.954830363,"data":"  resolved_prompts, invalid_prompts = AbsEncoder.validate_task_to_prompt_name(\n"}
,{"stream_name":"stderr","time":890.954833977,"data":"Task name FactChecking is not valid. Valid keys are task types [('BitextMining', 'Classification', 'MultilabelClassification', 'Clustering', 'PairClassification', 'Regression', 'Reranking', 'Retrieval', 'STS', 'Summarization', 'InstructionRetrieval', 'InstructionReranking', 'Any2AnyReranking', 'Any2AnyRetrieval', 'Any2AnyMultilingualRetrieval', 'VisionCentricQA', 'ImageClustering', 'ImageClassification', 'DocumentUnderstanding', 'VisualSTS(eng)', 'VisualSTS(multi)', 'ZeroShotClassification', 'Compositionality', 'AudioClustering', 'AudioMultilabelClassification', 'AudioReranking', 'AudioZeroshotClassification', 'AudioClassification', 'AudioPairClassification', 'VideoClassification', 'VideoClustering', 'VideoMultilabelClassification', 'VideoPairClassification', 'VideoZeroshotClassification', 'VideoCentricQA')], prompt types [['query', 'document']], and task names\n"}
,{"stream_name":"stderr","time":890.96484146,"data":"/usr/local/lib/python3.13/dist-packages/mteb/models/sentence_transformer_wrapper.py:150: UserWarning: Task name FactChecking is not valid. Valid keys are task types [('BitextMining', 'Classification', 'MultilabelClassification', 'Clustering', 'PairClassification', 'Regression', 'Reranking', 'Retrieval', 'STS', 'Summarization', 'InstructionRetrieval', 'InstructionReranking', 'Any2AnyReranking', 'Any2AnyRetrieval', 'Any2AnyMultilingualRetrieval', 'VisionCentricQA', 'ImageClustering', 'ImageClassification', 'DocumentUnderstanding', 'VisualSTS(eng)', 'VisualSTS(multi)', 'ZeroShotClassification', 'Compositionality', 'AudioClustering', 'AudioMultilabelClassification', 'AudioReranking', 'AudioZeroshotClassification', 'AudioClassification', 'AudioPairClassification', 'VideoClassification', 'VideoClustering', 'VideoMultilabelClassification', 'VideoPairClassification', 'VideoZeroshotClassification', 'VideoCentricQA')], prompt types [['query', 'document']], and task names\n"}
,{"stream_name":"stderr","time":890.964868158,"data":"  resolved_prompts, invalid_prompts = AbsEncoder.validate_task_to_prompt_name(\n"}
,{"stream_name":"stderr","time":890.964872974,"data":"Task name QuestionAnswering is not valid. Valid keys are task types [('BitextMining', 'Classification', 'MultilabelClassification', 'Clustering', 'PairClassification', 'Regression', 'Reranking', 'Retrieval', 'STS', 'Summarization', 'InstructionRetrieval', 'InstructionReranking', 'Any2AnyReranking', 'Any2AnyRetrieval', 'Any2AnyMultilingualRetrieval', 'VisionCentricQA', 'ImageClustering', 'ImageClassification', 'DocumentUnderstanding', 'VisualSTS(eng)', 'VisualSTS(multi)', 'ZeroShotClassification', 'Compositionality', 'AudioClustering', 'AudioMultilabelClassification', 'AudioReranking', 'AudioZeroshotClassification', 'AudioClassification', 'AudioPairClassification', 'VideoClassification', 'VideoClustering', 'VideoMultilabelClassification', 'VideoPairClassification', 'VideoZeroshotClassification', 'VideoCentricQA')], prompt types [['query', 'document']], and task names\n"}
,{"stream_name":"stderr","time":890.964899821,"data":"\n"}
,{"stream_name":"stderr","time":890.964905069,"data":"/usr/local/lib/python3.13/dist-packages/mteb/models/sentence_transformer_wrapper.py:150: UserWarning: Task name FactChecking is not valid. Valid keys are task types [('BitextMining', 'Classification', 'MultilabelClassification', 'Clustering', 'PairClassification', 'Regression', 'Reranking', 'Retrieval', 'STS', 'Summarization', 'InstructionRetrieval', 'InstructionReranking', 'Any2AnyReranking', 'Any2AnyRetrieval', 'Any2AnyMultilingualRetrieval', 'VisionCentricQA', 'ImageClustering', 'ImageClassification', 'DocumentUnderstanding', 'VisualSTS(eng)', 'VisualSTS(multi)', 'ZeroShotClassification', 'Compositionality', 'AudioClustering', 'AudioMultilabelClassification', 'AudioReranking', 'AudioZeroshotClassification', 'AudioClassification', 'AudioPairClassification', 'VideoClassification', 'VideoClustering', 'VideoMultilabelClassification', 'VideoPairClassification', 'VideoZeroshotClassification', 'VideoCentricQA')], prompt types [['query', 'document']], and task names\n"}
,{"stream_name":"stderr","time":890.964910995,"data":"  resolved_prompts, invalid_prompts = AbsEncoder.validate_task_to_prompt_name(\n"}
,{"stream_name":"stderr","time":890.964914502,"data":"Task name QuestionAnswering is not valid. Valid keys are task types [('BitextMining', 'Classification', 'MultilabelClassification', 'Clustering', 'PairClassification', 'Regression', 'Reranking', 'Retrieval', 'STS', 'Summarization', 'InstructionRetrieval', 'InstructionReranking', 'Any2AnyReranking', 'Any2AnyRetrieval', 'Any2AnyMultilingualRetrieval', 'VisionCentricQA', 'ImageClustering', 'ImageClassification', 'DocumentUnderstanding', 'VisualSTS(eng)', 'VisualSTS(multi)', 'ZeroShotClassification', 'Compositionality', 'AudioClustering', 'AudioMultilabelClassification', 'AudioReranking', 'AudioZeroshotClassification', 'AudioClassification', 'AudioPairClassification', 'VideoClassification', 'VideoClustering', 'VideoMultilabelClassification', 'VideoPairClassification', 'VideoZeroshotClassification', 'VideoCentricQA')], prompt types [['query', 'document']], and task names\n"}
,{"stream_name":"stderr","time":890.965679994,"data":"/usr/local/lib/python3.13/dist-packages/mteb/models/sentence_transformer_wrapper.py:150: UserWarning: Task name QuestionAnswering is not valid. Valid keys are task types [('BitextMining', 'Classification', 'MultilabelClassification', 'Clustering', 'PairClassification', 'Regression', 'Reranking', 'Retrieval', 'STS', 'Summarization', 'InstructionRetrieval', 'InstructionReranking', 'Any2AnyReranking', 'Any2AnyRetrieval', 'Any2AnyMultilingualRetrieval', 'VisionCentricQA', 'ImageClustering', 'ImageClassification', 'DocumentUnderstanding', 'VisualSTS(eng)', 'VisualSTS(multi)', 'ZeroShotClassification', 'Compositionality', 'AudioClustering', 'AudioMultilabelClassification', 'AudioReranking', 'AudioZeroshotClassification', 'AudioClassification', 'AudioPairClassification', 'VideoClassification', 'VideoClustering', 'VideoMultilabelClassification', 'VideoPairClassification', 'VideoZeroshotClassification', 'VideoCentricQA')], prompt types [['query', 'document']], and task names\n"}
,{"stream_name":"stderr","time":890.965705876,"data":"  resolved_prompts, invalid_prompts = AbsEncoder.validate_task_to_prompt_name(\n"}
,{"stream_name":"stderr","time":890.965710742,"data":"Task name SearchQuery is not valid. Valid keys are task types [('BitextMining', 'Classification', 'MultilabelClassification', 'Clustering', 'PairClassification', 'Regression', 'Reranking', 'Retrieval', 'STS', 'Summarization', 'InstructionRetrieval', 'InstructionReranking', 'Any2AnyReranking', 'Any2AnyRetrieval', 'Any2AnyMultilingualRetrieval', 'VisionCentricQA', 'ImageClustering', 'ImageClassification', 'DocumentUnderstanding', 'VisualSTS(eng)', 'VisualSTS(multi)', 'ZeroShotClassification', 'Compositionality', 'AudioClustering', 'AudioMultilabelClassification', 'AudioReranking', 'AudioZeroshotClassification', 'AudioClassification', 'AudioPairClassification', 'VideoClassification', 'VideoClustering', 'VideoMultilabelClassification', 'VideoPairClassification', 'VideoZeroshotClassification', 'VideoCentricQA')], prompt types [['query', 'document']], and task names\n"}
,{"stream_name":"stderr","time":890.965715998,"data":"\n"}
,{"stream_name":"stderr","time":890.965719967,"data":"/usr/local/lib/python3.13/dist-packages/mteb/models/sentence_transformer_wrapper.py:150: UserWarning: Task name QuestionAnswering is not valid. Valid keys are task types [('BitextMining', 'Classification', 'MultilabelClassification', 'Clustering', 'PairClassification', 'Regression', 'Reranking', 'Retrieval', 'STS', 'Summarization', 'InstructionRetrieval', 'InstructionReranking', 'Any2AnyReranking', 'Any2AnyRetrieval', 'Any2AnyMultilingualRetrieval', 'VisionCentricQA', 'ImageClustering', 'ImageClassification', 'DocumentUnderstanding', 'VisualSTS(eng)', 'VisualSTS(multi)', 'ZeroShotClassification', 'Compositionality', 'AudioClustering', 'AudioMultilabelClassification', 'AudioReranking', 'AudioZeroshotClassification', 'AudioClassification', 'AudioPairClassification', 'VideoClassification', 'VideoClustering', 'VideoMultilabelClassification', 'VideoPairClassification', 'VideoZeroshotClassification', 'VideoCentricQA')], prompt types [['query', 'document']], and task names\n"}
,{"stream_name":"stderr","time":890.96574566,"data":"  resolved_prompts, invalid_prompts = AbsEncoder.validate_task_to_prompt_name(\n"}
,{"stream_name":"stderr","time":890.965749335,"data":"Task name SearchQuery is not valid. Valid keys are task types [('BitextMining', 'Classification', 'MultilabelClassification', 'Clustering', 'PairClassification', 'Regression', 'Reranking', 'Retrieval', 'STS', 'Summarization', 'InstructionRetrieval', 'InstructionReranking', 'Any2AnyReranking', 'Any2AnyRetrieval', 'Any2AnyMultilingualRetrieval', 'VisionCentricQA', 'ImageClustering', 'ImageClassification', 'DocumentUnderstanding', 'VisualSTS(eng)', 'VisualSTS(multi)', 'ZeroShotClassification', 'Compositionality', 'AudioClustering', 'AudioMultilabelClassification', 'AudioReranking', 'AudioZeroshotClassification', 'AudioClassification', 'AudioPairClassification', 'VideoClassification', 'VideoClustering', 'VideoMultilabelClassification', 'VideoPairClassification', 'VideoZeroshotClassification', 'VideoCentricQA')], prompt types [['query', 'document']], and task names\n"}
,{"stream_name":"stderr","time":890.979562353,"data":"/usr/local/lib/python3.13/dist-packages/mteb/models/sentence_transformer_wrapper.py:150: UserWarning: Task name SearchQuery is not valid. Valid keys are task types [('BitextMining', 'Classification', 'MultilabelClassification', 'Clustering', 'PairClassification', 'Regression', 'Reranking', 'Retrieval', 'STS', 'Summarization', 'InstructionRetrieval', 'InstructionReranking', 'Any2AnyReranking', 'Any2AnyRetrieval', 'Any2AnyMultilingualRetrieval', 'VisionCentricQA', 'ImageClustering', 'ImageClassification', 'DocumentUnderstanding', 'VisualSTS(eng)', 'VisualSTS(multi)', 'ZeroShotClassification', 'Compositionality', 'AudioClustering', 'AudioMultilabelClassification', 'AudioReranking', 'AudioZeroshotClassification', 'AudioClassification', 'AudioPairClassification', 'VideoClassification', 'VideoClustering', 'VideoMultilabelClassification', 'VideoPairClassification', 'VideoZeroshotClassification', 'VideoCentricQA')], prompt types [['query', 'document']], and task names\n"}
,{"stream_name":"stderr","time":890.979588622,"data":"  resolved_prompts, invalid_prompts = AbsEncoder.validate_task_to_prompt_name(\n"}
,{"stream_name":"stderr","time":890.979593336,"data":"Task name SentenceSimilarity is not valid. Valid keys are task types [('BitextMining', 'Classification', 'MultilabelClassification', 'Clustering', 'PairClassification', 'Regression', 'Reranking', 'Retrieval', 'STS', 'Summarization', 'InstructionRetrieval', 'InstructionReranking', 'Any2AnyReranking', 'Any2AnyRetrieval', 'Any2AnyMultilingualRetrieval', 'VisionCentricQA', 'ImageClustering', 'ImageClassification', 'DocumentUnderstanding', 'VisualSTS(eng)', 'VisualSTS(multi)', 'ZeroShotClassification', 'Compositionality', 'AudioClustering', 'AudioMultilabelClassification', 'AudioReranking', 'AudioZeroshotClassification', 'AudioClassification', 'AudioPairClassification', 'VideoClassification', 'VideoClustering', 'VideoMultilabelClassification', 'VideoPairClassification', 'VideoZeroshotClassification', 'VideoCentricQA')], prompt types [['query', 'document']], and task names\n"}
,{"stream_name":"stderr","time":890.979599492,"data":"\n"}
,{"stream_name":"stderr","time":890.979603396,"data":"/usr/local/lib/python3.13/dist-packages/mteb/models/sentence_transformer_wrapper.py:150: UserWarning: Task name SearchQuery is not valid. Valid keys are task types [('BitextMining', 'Classification', 'MultilabelClassification', 'Clustering', 'PairClassification', 'Regression', 'Reranking', 'Retrieval', 'STS', 'Summarization', 'InstructionRetrieval', 'InstructionReranking', 'Any2AnyReranking', 'Any2AnyRetrieval', 'Any2AnyMultilingualRetrieval', 'VisionCentricQA', 'ImageClustering', 'ImageClassification', 'DocumentUnderstanding', 'VisualSTS(eng)', 'VisualSTS(multi)', 'ZeroShotClassification', 'Compositionality', 'AudioClustering', 'AudioMultilabelClassification', 'AudioReranking', 'AudioZeroshotClassification', 'AudioClassification', 'AudioPairClassification', 'VideoClassification', 'VideoClustering', 'VideoMultilabelClassification', 'VideoPairClassification', 'VideoZeroshotClassification', 'VideoCentricQA')], prompt types [['query', 'document']], and task names\n"}
,{"stream_name":"stderr","time":890.979609346,"data":"  resolved_prompts, invalid_prompts = AbsEncoder.validate_task_to_prompt_name(\n"}
,{"stream_name":"stderr","time":890.979612835,"data":"Task name SentenceSimilarity is not valid. Valid keys are task types [('BitextMining', 'Classification', 'MultilabelClassification', 'Clustering', 'PairClassification', 'Regression', 'Reranking', 'Retrieval', 'STS', 'Summarization', 'InstructionRetrieval', 'InstructionReranking', 'Any2AnyReranking', 'Any2AnyRetrieval', 'Any2AnyMultilingualRetrieval', 'VisionCentricQA', 'ImageClustering', 'ImageClassification', 'DocumentUnderstanding', 'VisualSTS(eng)', 'VisualSTS(multi)', 'ZeroShotClassification', 'Compositionality', 'AudioClustering', 'AudioMultilabelClassification', 'AudioReranking', 'AudioZeroshotClassification', 'AudioClassification', 'AudioPairClassification', 'VideoClassification', 'VideoClustering', 'VideoMultilabelClassification', 'VideoPairClassification', 'VideoZeroshotClassification', 'VideoCentricQA')], prompt types [['query', 'document']], and task names\n"}
,{"stream_name":"stderr","time":890.980519395,"data":"/usr/local/lib/python3.13/dist-packages/mteb/models/sentence_transformer_wrapper.py:150: UserWarning: Task name SentenceSimilarity is not valid. Valid keys are task types [('BitextMining', 'Classification', 'MultilabelClassification', 'Clustering', 'PairClassification', 'Regression', 'Reranking', 'Retrieval', 'STS', 'Summarization', 'InstructionRetrieval', 'InstructionReranking', 'Any2AnyReranking', 'Any2AnyRetrieval', 'Any2AnyMultilingualRetrieval', 'VisionCentricQA', 'ImageClustering', 'ImageClassification', 'DocumentUnderstanding', 'VisualSTS(eng)', 'VisualSTS(multi)', 'ZeroShotClassification', 'Compositionality', 'AudioClustering', 'AudioMultilabelClassification', 'AudioReranking', 'AudioZeroshotClassification', 'AudioClassification', 'AudioPairClassification', 'VideoClassification', 'VideoClustering', 'VideoMultilabelClassification', 'VideoPairClassification', 'VideoZeroshotClassification', 'VideoCentricQA')], prompt types [['query', 'document']], and task names\n"}
,{"stream_name":"stderr","time":890.980544049,"data":"  resolved_prompts, invalid_prompts = AbsEncoder.validate_task_to_prompt_name(\n"}
,{"stream_name":"stderr","time":890.980549205,"data":"Some prompts are not in the expected format and will be ignored. Problems:\n"}
,{"stream_name":"stderr","time":890.980552728,"data":"\n"}
,{"stream_name":"stderr","time":890.980556131,"data":"Task name CodeRetrieval is not valid. Valid keys are task types [('BitextMining', 'Classification', 'MultilabelClassification', 'Clustering', 'PairClassification', 'Regression', 'Reranking', 'Retrieval', 'STS', 'Summarization', 'InstructionRetrieval', 'InstructionReranking', 'Any2AnyReranking', 'Any2AnyRetrieval', 'Any2AnyMultilingualRetrieval', 'VisionCentricQA', 'ImageClustering', 'ImageClassification', 'DocumentUnderstanding', 'VisualSTS(eng)', 'VisualSTS(multi)', 'ZeroShotClassification', 'Compositionality', 'AudioClustering', 'AudioMultilabelClassification', 'AudioReranking', 'AudioZeroshotClassification', 'AudioClassification', 'AudioPairClassification', 'VideoClassification', 'VideoClustering', 'VideoMultilabelClassification', 'VideoPairClassification', 'VideoZeroshotClassification', 'VideoCentricQA')], prompt types [['query', 'document']], and task names\n"}
,{"stream_name":"stderr","time":890.980564025,"data":"Task name FactChecking is not valid. Valid keys are task types [('BitextMining', 'Classification', 'MultilabelClassification', 'Clustering', 'PairClassification', 'Regression', 'Reranking', 'Retrieval', 'STS', 'Summarization', 'InstructionRetrieval', 'InstructionReranking', 'Any2AnyReranking', 'Any2AnyRetrieval', 'Any2AnyMultilingualRetrieval', 'VisionCentricQA', 'ImageClustering', 'ImageClassification', 'DocumentUnderstanding', 'VisualSTS(eng)', 'VisualSTS(multi)', 'ZeroShotClassification', 'Compositionality', 'AudioClustering', 'AudioMultilabelClassification', 'AudioReranking', 'AudioZeroshotClassification', 'AudioClassification', 'AudioPairClassification', 'VideoClassification', 'VideoClustering', 'VideoMultilabelClassification', 'VideoPairClassification', 'VideoZeroshotClassification', 'VideoCentricQA')], prompt types [['query', 'document']], and task names\n"}
,{"stream_name":"stderr","time":890.980572884,"data":"Task name SentenceSimilarity is not valid. Valid keys are task types [('BitextMining', 'Classification', 'MultilabelClassification', 'Clustering', 'PairClassification', 'Regression', 'Reranking', 'Retrieval', 'STS', 'Summarization', 'InstructionRetrieval', 'InstructionReranking', 'Any2AnyReranking', 'Any2AnyRetrieval', 'Any2AnyMultilingualRetrieval', 'VisionCentricQA', 'ImageClustering', 'ImageClassification', 'DocumentUnderstanding', 'VisualSTS(eng)', 'VisualSTS(multi)', 'ZeroShotClassification', 'Compositionality', 'AudioClustering', 'AudioMultilabelClassification', 'AudioReranking', 'AudioZeroshotClassification', 'AudioClassification', 'AudioPairClassification', 'VideoClassification', 'VideoClustering', 'VideoMultilabelClassification', 'VideoPairClassification', 'VideoZeroshotClassification', 'VideoCentricQA')], prompt types [['query', 'document']], and task names\n"}
,{"stream_name":"stderr","time":890.980579541,"data":"Task name QuestionAnswering is not valid. Valid keys are task types [('BitextMining', 'Classification', 'MultilabelClassification', 'Clustering', 'PairClassification', 'Regression', 'Reranking', 'Retrieval', 'STS', 'Summarization', 'InstructionRetrieval', 'InstructionReranking', 'Any2AnyReranking', 'Any2AnyRetrieval', 'Any2AnyMultilingualRetrieval', 'VisionCentricQA', 'ImageClustering', 'ImageClassification', 'DocumentUnderstanding', 'VisualSTS(eng)', 'VisualSTS(multi)', 'ZeroShotClassification', 'Compositionality', 'AudioClustering', 'AudioMultilabelClassification', 'AudioReranking', 'AudioZeroshotClassification', 'AudioClassification', 'AudioPairClassification', 'VideoClassification', 'VideoClustering', 'VideoMultilabelClassification', 'VideoPairClassification', 'VideoZeroshotClassification', 'VideoCentricQA')], prompt types [['query', 'document']], and task names\n"}
,{"stream_name":"stderr","time":890.980583284,"data":"Task name SearchQuery is not valid. Valid keys are task types [('BitextMining', 'Classification', 'MultilabelClassification', 'Clustering', 'PairClassification', 'Regression', 'Reranking', 'Retrieval', 'STS', 'Summarization', 'InstructionRetrieval', 'InstructionReranking', 'Any2AnyReranking', 'Any2AnyRetrieval', 'Any2AnyMultilingualRetrieval', 'VisionCentricQA', 'ImageClustering', 'ImageClassification', 'DocumentUnderstanding', 'VisualSTS(eng)', 'VisualSTS(multi)', 'ZeroShotClassification', 'Compositionality', 'AudioClustering', 'AudioMultilabelClassification', 'AudioReranking', 'AudioZeroshotClassification', 'AudioClassification', 'AudioPairClassification', 'VideoClassification', 'VideoClustering', 'VideoMultilabelClassification', 'VideoPairClassification', 'VideoZeroshotClassification', 'VideoCentricQA')], prompt types [['query', 'document']], and task names\n"}
,{"stream_name":"stderr","time":890.980587088,"data":"Task name Document is not valid. Valid keys are task types [('BitextMining', 'Classification', 'MultilabelClassification', 'Clustering', 'PairClassification', 'Regression', 'Reranking', 'Retrieval', 'STS', 'Summarization', 'InstructionRetrieval', 'InstructionReranking', 'Any2AnyReranking', 'Any2AnyRetrieval', 'Any2AnyMultilingualRetrieval', 'VisionCentricQA', 'ImageClustering', 'ImageClassification', 'DocumentUnderstanding', 'VisualSTS(eng)', 'VisualSTS(multi)', 'ZeroShotClassification', 'Compositionality', 'AudioClustering', 'AudioMultilabelClassification', 'AudioReranking', 'AudioZeroshotClassification', 'AudioClassification', 'AudioPairClassification', 'VideoClassification', 'VideoClustering', 'VideoMultilabelClassification', 'VideoPairClassification', 'VideoZeroshotClassification', 'VideoCentricQA')], prompt types [['query', 'document']], and task names\n"}
,{"stream_name":"stderr","time":890.980590652,"data":"\n"}
,{"stream_name":"stderr","time":890.980592783,"data":"/usr/local/lib/python3.13/dist-packages/mteb/models/sentence_transformer_wrapper.py:150: UserWarning: Task name SentenceSimilarity is not valid. Valid keys are task types [('BitextMining', 'Classification', 'MultilabelClassification', 'Clustering', 'PairClassification', 'Regression', 'Reranking', 'Retrieval', 'STS', 'Summarization', 'InstructionRetrieval', 'InstructionReranking', 'Any2AnyReranking', 'Any2AnyRetrieval', 'Any2AnyMultilingualRetrieval', 'VisionCentricQA', 'ImageClustering', 'ImageClassification', 'DocumentUnderstanding', 'VisualSTS(eng)', 'VisualSTS(multi)', 'ZeroShotClassification', 'Compositionality', 'AudioClustering', 'AudioMultilabelClassification', 'AudioReranking', 'AudioZeroshotClassification', 'AudioClassification', 'AudioPairClassification', 'VideoClassification', 'VideoClustering', 'VideoMultilabelClassification', 'VideoPairClassification', 'VideoZeroshotClassification', 'VideoCentricQA')], prompt types [['query', 'document']], and task names\n"}
,{"stream_name":"stderr","time":890.980596677,"data":"  resolved_prompts, invalid_prompts = AbsEncoder.validate_task_to_prompt_name(\n"}
,{"stream_name":"stderr","time":890.980600734,"data":"Some prompts are not in the expected format and will be ignored. Problems:\n"}
,{"stream_name":"stderr","time":890.980603169,"data":"\n"}
,{"stream_name":"stderr","time":890.980605509,"data":"Task name CodeRetrieval is not valid. Valid keys are task types [('BitextMining', 'Classification', 'MultilabelClassification', 'Clustering', 'PairClassification', 'Regression', 'Reranking', 'Retrieval', 'STS', 'Summarization', 'InstructionRetrieval', 'InstructionReranking', 'Any2AnyReranking', 'Any2AnyRetrieval', 'Any2AnyMultilingualRetrieval', 'VisionCentricQA', 'ImageClustering', 'ImageClassification', 'DocumentUnderstanding', 'VisualSTS(eng)', 'VisualSTS(multi)', 'ZeroShotClassification', 'Compositionality', 'AudioClustering', 'AudioMultilabelClassification', 'AudioReranking', 'AudioZeroshotClassification', 'AudioClassification', 'AudioPairClassification', 'VideoClassification', 'VideoClustering', 'VideoMultilabelClassification', 'VideoPairClassification', 'VideoZeroshotClassification', 'VideoCentricQA')], prompt types [['query', 'document']], and task names\n"}
,{"stream_name":"stderr","time":890.980609177,"data":"Task name FactChecking is not valid. Valid keys are task types [('BitextMining', 'Classification', 'MultilabelClassification', 'Clustering', 'PairClassification', 'Regression', 'Reranking', 'Retrieval', 'STS', 'Summarization', 'InstructionRetrieval', 'InstructionReranking', 'Any2AnyReranking', 'Any2AnyRetrieval', 'Any2AnyMultilingualRetrieval', 'VisionCentricQA', 'ImageClustering', 'ImageClassification', 'DocumentUnderstanding', 'VisualSTS(eng)', 'VisualSTS(multi)', 'ZeroShotClassification', 'Compositionality', 'AudioClustering', 'AudioMultilabelClassification', 'AudioReranking', 'AudioZeroshotClassification', 'AudioClassification', 'AudioPairClassification', 'VideoClassification', 'VideoClustering', 'VideoMultilabelClassification', 'VideoPairClassification', 'VideoZeroshotClassification', 'VideoCentricQA')], prompt types [['query', 'document']], and task names\n"}
,{"stream_name":"stderr","time":890.980612663,"data":"Task name SentenceSimilarity is not valid. Valid keys are task types [('BitextMining', 'Classification', 'MultilabelClassification', 'Clustering', 'PairClassification', 'Regression', 'Reranking', 'Retrieval', 'STS', 'Summarization', 'InstructionRetrieval', 'InstructionReranking', 'Any2AnyReranking', 'Any2AnyRetrieval', 'Any2AnyMultilingualRetrieval', 'VisionCentricQA', 'ImageClustering', 'ImageClassification', 'DocumentUnderstanding', 'VisualSTS(eng)', 'VisualSTS(multi)', 'ZeroShotClassification', 'Compositionality', 'AudioClustering', 'AudioMultilabelClassification', 'AudioReranking', 'AudioZeroshotClassification', 'AudioClassification', 'AudioPairClassification', 'VideoClassification', 'VideoClustering', 'VideoMultilabelClassification', 'VideoPairClassification', 'VideoZeroshotClassification', 'VideoCentricQA')], prompt types [['query', 'document']], and task names\n"}
,{"stream_name":"stderr","time":890.980616299,"data":"Task name QuestionAnswering is not valid. Valid keys are task types [('BitextMining', 'Classification', 'MultilabelClassification', 'Clustering', 'PairClassification', 'Regression', 'Reranking', 'Retrieval', 'STS', 'Summarization', 'InstructionRetrieval', 'InstructionReranking', 'Any2AnyReranking', 'Any2AnyRetrieval', 'Any2AnyMultilingualRetrieval', 'VisionCentricQA', 'ImageClustering', 'ImageClassification', 'DocumentUnderstanding', 'VisualSTS(eng)', 'VisualSTS(multi)', 'ZeroShotClassification', 'Compositionality', 'AudioClustering', 'AudioMultilabelClassification', 'AudioReranking', 'AudioZeroshotClassification', 'AudioClassification', 'AudioPairClassification', 'VideoClassification', 'VideoClustering', 'VideoMultilabelClassification', 'VideoPairClassification', 'VideoZeroshotClassification', 'VideoCentricQA')], prompt types [['query', 'document']], and task names\n"}
,{"stream_name":"stderr","time":890.98061982,"data":"Task name SearchQuery is not valid. Valid keys are task types [('BitextMining', 'Classification', 'MultilabelClassification', 'Clustering', 'PairClassification', 'Regression', 'Reranking', 'Retrieval', 'STS', 'Summarization', 'InstructionRetrieval', 'InstructionReranking', 'Any2AnyReranking', 'Any2AnyRetrieval', 'Any2AnyMultilingualRetrieval', 'VisionCentricQA', 'ImageClustering', 'ImageClassification', 'DocumentUnderstanding', 'VisualSTS(eng)', 'VisualSTS(multi)', 'ZeroShotClassification', 'Compositionality', 'AudioClustering', 'AudioMultilabelClassification', 'AudioReranking', 'AudioZeroshotClassification', 'AudioClassification', 'AudioPairClassification', 'VideoClassification', 'VideoClustering', 'VideoMultilabelClassification', 'VideoPairClassification', 'VideoZeroshotClassification', 'VideoCentricQA')], prompt types [['query', 'document']], and task names\n"}
,{"stream_name":"stderr","time":890.980625645,"data":"Task name Document is not valid. Valid keys are task types [('BitextMining', 'Classification', 'MultilabelClassification', 'Clustering', 'PairClassification', 'Regression', 'Reranking', 'Retrieval', 'STS', 'Summarization', 'InstructionRetrieval', 'InstructionReranking', 'Any2AnyReranking', 'Any2AnyRetrieval', 'Any2AnyMultilingualRetrieval', 'VisionCentricQA', 'ImageClustering', 'ImageClassification', 'DocumentUnderstanding', 'VisualSTS(eng)', 'VisualSTS(multi)', 'ZeroShotClassification', 'Compositionality', 'AudioClustering', 'AudioMultilabelClassification', 'AudioReranking', 'AudioZeroshotClassification', 'AudioClassification', 'AudioPairClassification', 'VideoClassification', 'VideoClustering', 'VideoMultilabelClassification', 'VideoPairClassification', 'VideoZeroshotClassification', 'VideoCentricQA')], prompt types [['query', 'document']], and task names\n"}
,{"stream_name":"stderr","time":890.996888643,"data":"/usr/local/lib/python3.13/dist-packages/mteb/models/sentence_transformer_wrapper.py:430: UserWarning: Some prompts are not in the expected format and will be ignored. Problems:\n"}
,{"stream_name":"stderr","time":890.996905471,"data":"\n"}
,{"stream_name":"stderr","time":890.996909992,"data":"Task name CodeRetrieval is not valid. Valid keys are task types [('BitextMining', 'Classification', 'MultilabelClassification', 'Clustering', 'PairClassification', 'Regression', 'Reranking', 'Retrieval', 'STS', 'Summarization', 'InstructionRetrieval', 'InstructionReranking', 'Any2AnyReranking', 'Any2AnyRetrieval', 'Any2AnyMultilingualRetrieval', 'VisionCentricQA', 'ImageClustering', 'ImageClassification', 'DocumentUnderstanding', 'VisualSTS(eng)', 'VisualSTS(multi)', 'ZeroShotClassification', 'Compositionality', 'AudioClustering', 'AudioMultilabelClassification', 'AudioReranking', 'AudioZeroshotClassification', 'AudioClassification', 'AudioPairClassification', 'VideoClassification', 'VideoClustering', 'VideoMultilabelClassification', 'VideoPairClassification', 'VideoZeroshotClassification', 'VideoCentricQA')], prompt types [['query', 'document']], and task names\n"}
,{"stream_name":"stderr","time":890.996915781,"data":"Task name FactChecking is not valid. Valid keys are task types [('BitextMining', 'Classification', 'MultilabelClassification', 'Clustering', 'PairClassification', 'Regression', 'Reranking', 'Retrieval', 'STS', 'Summarization', 'InstructionRetrieval', 'InstructionReranking', 'Any2AnyReranking', 'Any2AnyRetrieval', 'Any2AnyMultilingualRetrieval', 'VisionCentricQA', 'ImageClustering', 'ImageClassification', 'DocumentUnderstanding', 'VisualSTS(eng)', 'VisualSTS(multi)', 'ZeroShotClassification', 'Compositionality', 'AudioClustering', 'AudioMultilabelClassification', 'AudioReranking', 'AudioZeroshotClassification', 'AudioClassification', 'AudioPairClassification', 'VideoClassification', 'VideoClustering', 'VideoMultilabelClassification', 'VideoPairClassification', 'VideoZeroshotClassification', 'VideoCentricQA')], prompt types [['query', 'document']], and task names\n"}
,{"stream_name":"stderr","time":890.996922151,"data":"Task name SentenceSimilarity is not valid. Valid keys are task types [('BitextMining', 'Classification', 'MultilabelClassification', 'Clustering', 'PairClassification', 'Regression', 'Reranking', 'Retrieval', 'STS', 'Summarization', 'InstructionRetrieval', 'InstructionReranking', 'Any2AnyReranking', 'Any2AnyRetrieval', 'Any2AnyMultilingualRetrieval', 'VisionCentricQA', 'ImageClustering', 'ImageClassification', 'DocumentUnderstanding', 'VisualSTS(eng)', 'VisualSTS(multi)', 'ZeroShotClassification', 'Compositionality', 'AudioClustering', 'AudioMultilabelClassification', 'AudioReranking', 'AudioZeroshotClassification', 'AudioClassification', 'AudioPairClassification', 'VideoClassification', 'VideoClustering', 'VideoMultilabelClassification', 'VideoPairClassification', 'VideoZeroshotClassification', 'VideoCentricQA')], prompt types [['query', 'document']], and task names\n"}
,{"stream_name":"stderr","time":890.996936434,"data":"Task name QuestionAnswering is not valid. Valid keys are task types [('BitextMining', 'Classification', 'MultilabelClassification', 'Clustering', 'PairClassification', 'Regression', 'Reranking', 'Retrieval', 'STS', 'Summarization', 'InstructionRetrieval', 'InstructionReranking', 'Any2AnyReranking', 'Any2AnyRetrieval', 'Any2AnyMultilingualRetrieval', 'VisionCentricQA', 'ImageClustering', 'ImageClassification', 'DocumentUnderstanding', 'VisualSTS(eng)', 'VisualSTS(multi)', 'ZeroShotClassification', 'Compositionality', 'AudioClustering', 'AudioMultilabelClassification', 'AudioReranking', 'AudioZeroshotClassification', 'AudioClassification', 'AudioPairClassification', 'VideoClassification', 'VideoClustering', 'VideoMultilabelClassification', 'VideoPairClassification', 'VideoZeroshotClassification', 'VideoCentricQA')], prompt types [['query', 'document']], and task names\n"}
,{"stream_name":"stderr","time":890.996943794,"data":"Task name SearchQuery is not valid. Valid keys are task types [('BitextMining', 'Classification', 'MultilabelClassification', 'Clustering', 'PairClassification', 'Regression', 'Reranking', 'Retrieval', 'STS', 'Summarization', 'InstructionRetrieval', 'InstructionReranking', 'Any2AnyReranking', 'Any2AnyRetrieval', 'Any2AnyMultilingualRetrieval', 'VisionCentricQA', 'ImageClustering', 'ImageClassification', 'DocumentUnderstanding', 'VisualSTS(eng)', 'VisualSTS(multi)', 'ZeroShotClassification', 'Compositionality', 'AudioClustering', 'AudioMultilabelClassification', 'AudioReranking', 'AudioZeroshotClassification', 'AudioClassification', 'AudioPairClassification', 'VideoClassification', 'VideoClustering', 'VideoMultilabelClassification', 'VideoPairClassification', 'VideoZeroshotClassification', 'VideoCentricQA')], prompt types [['query', 'document']], and task names\n"}
,{"stream_name":"stderr","time":890.996950072,"data":"Task name Document is not valid. Valid keys are task types [('BitextMining', 'Classification', 'MultilabelClassification', 'Clustering', 'PairClassification', 'Regression', 'Reranking', 'Retrieval', 'STS', 'Summarization', 'InstructionRetrieval', 'InstructionReranking', 'Any2AnyReranking', 'Any2AnyRetrieval', 'Any2AnyMultilingualRetrieval', 'VisionCentricQA', 'ImageClustering', 'ImageClassification', 'DocumentUnderstanding', 'VisualSTS(eng)', 'VisualSTS(multi)', 'ZeroShotClassification', 'Compositionality', 'AudioClustering', 'AudioMultilabelClassification', 'AudioReranking', 'AudioZeroshotClassification', 'AudioClassification', 'AudioPairClassification', 'VideoClassification', 'VideoClustering', 'VideoMultilabelClassification', 'VideoPairClassification', 'VideoZeroshotClassification', 'VideoCentricQA')], prompt types [['query', 'document']], and task names\n"}
,{"stream_name":"stderr","time":890.996956028,"data":"  self.model_prompts = _resolve_model_prompts(self.model, model_prompts)\n"}
,{"stream_name":"stderr","time":890.996959674,"data":"\n"}
,{"stream_name":"stderr","time":890.996963446,"data":"/usr/local/lib/python3.13/dist-packages/mteb/models/sentence_transformer_wrapper.py:430: UserWarning: Some prompts are not in the expected format and will be ignored. Problems:\n"}
,{"stream_name":"stderr","time":890.996971037,"data":"\n"}
,{"stream_name":"stderr","time":890.996974964,"data":"Task name CodeRetrieval is not valid. Valid keys are task types [('BitextMining', 'Classification', 'MultilabelClassification', 'Clustering', 'PairClassification', 'Regression', 'Reranking', 'Retrieval', 'STS', 'Summarization', 'InstructionRetrieval', 'InstructionReranking', 'Any2AnyReranking', 'Any2AnyRetrieval', 'Any2AnyMultilingualRetrieval', 'VisionCentricQA', 'ImageClustering', 'ImageClassification', 'DocumentUnderstanding', 'VisualSTS(eng)', 'VisualSTS(multi)', 'ZeroShotClassification', 'Compositionality', 'AudioClustering', 'AudioMultilabelClassification', 'AudioReranking', 'AudioZeroshotClassification', 'AudioClassification', 'AudioPairClassification', 'VideoClassification', 'VideoClustering', 'VideoMultilabelClassification', 'VideoPairClassification', 'VideoZeroshotClassification', 'VideoCentricQA')], prompt types [['query', 'document']], and task names\n"}
,{"stream_name":"stderr","time":890.996981048,"data":"Task name FactChecking is not valid. Valid keys are task types [('BitextMining', 'Classification', 'MultilabelClassification', 'Clustering', 'PairClassification', 'Regression', 'Reranking', 'Retrieval', 'STS', 'Summarization', 'InstructionRetrieval', 'InstructionReranking', 'Any2AnyReranking', 'Any2AnyRetrieval', 'Any2AnyMultilingualRetrieval', 'VisionCentricQA', 'ImageClustering', 'ImageClassification', 'DocumentUnderstanding', 'VisualSTS(eng)', 'VisualSTS(multi)', 'ZeroShotClassification', 'Compositionality', 'AudioClustering', 'AudioMultilabelClassification', 'AudioReranking', 'AudioZeroshotClassification', 'AudioClassification', 'AudioPairClassification', 'VideoClassification', 'VideoClustering', 'VideoMultilabelClassification', 'VideoPairClassification', 'VideoZeroshotClassification', 'VideoCentricQA')], prompt types [['query', 'document']], and task names\n"}
,{"stream_name":"stderr","time":890.996987217,"data":"Task name SentenceSimilarity is not valid. Valid keys are task types [('BitextMining', 'Classification', 'MultilabelClassification', 'Clustering', 'PairClassification', 'Regression', 'Reranking', 'Retrieval', 'STS', 'Summarization', 'InstructionRetrieval', 'InstructionReranking', 'Any2AnyReranking', 'Any2AnyRetrieval', 'Any2AnyMultilingualRetrieval', 'VisionCentricQA', 'ImageClustering', 'ImageClassification', 'DocumentUnderstanding', 'VisualSTS(eng)', 'VisualSTS(multi)', 'ZeroShotClassification', 'Compositionality', 'AudioClustering', 'AudioMultilabelClassification', 'AudioReranking', 'AudioZeroshotClassification', 'AudioClassification', 'AudioPairClassification', 'VideoClassification', 'VideoClustering', 'VideoMultilabelClassification', 'VideoPairClassification', 'VideoZeroshotClassification', 'VideoCentricQA')], prompt types [['query', 'document']], and task names\n"}
,{"stream_name":"stderr","time":890.996993193,"data":"Task name QuestionAnswering is not valid. Valid keys are task types [('BitextMining', 'Classification', 'MultilabelClassification', 'Clustering', 'PairClassification', 'Regression', 'Reranking', 'Retrieval', 'STS', 'Summarization', 'InstructionRetrieval', 'InstructionReranking', 'Any2AnyReranking', 'Any2AnyRetrieval', 'Any2AnyMultilingualRetrieval', 'VisionCentricQA', 'ImageClustering', 'ImageClassification', 'DocumentUnderstanding', 'VisualSTS(eng)', 'VisualSTS(multi)', 'ZeroShotClassification', 'Compositionality', 'AudioClustering', 'AudioMultilabelClassification', 'AudioReranking', 'AudioZeroshotClassification', 'AudioClassification', 'AudioPairClassification', 'VideoClassification', 'VideoClustering', 'VideoMultilabelClassification', 'VideoPairClassification', 'VideoZeroshotClassification', 'VideoCentricQA')], prompt types [['query', 'document']], and task names\n"}
,{"stream_name":"stderr","time":890.996999787,"data":"Task name SearchQuery is not valid. Valid keys are task types [('BitextMining', 'Classification', 'MultilabelClassification', 'Clustering', 'PairClassification', 'Regression', 'Reranking', 'Retrieval', 'STS', 'Summarization', 'InstructionRetrieval', 'InstructionReranking', 'Any2AnyReranking', 'Any2AnyRetrieval', 'Any2AnyMultilingualRetrieval', 'VisionCentricQA', 'ImageClustering', 'ImageClassification', 'DocumentUnderstanding', 'VisualSTS(eng)', 'VisualSTS(multi)', 'ZeroShotClassification', 'Compositionality', 'AudioClustering', 'AudioMultilabelClassification', 'AudioReranking', 'AudioZeroshotClassification', 'AudioClassification', 'AudioPairClassification', 'VideoClassification', 'VideoClustering', 'VideoMultilabelClassification', 'VideoPairClassification', 'VideoZeroshotClassification', 'VideoCentricQA')], prompt types [['query', 'document']], and task names\n"}
,{"stream_name":"stderr","time":890.997010139,"data":"Task name Document is not valid. Valid keys are task types [('BitextMining', 'Classification', 'MultilabelClassification', 'Clustering', 'PairClassification', 'Regression', 'Reranking', 'Retrieval', 'STS', 'Summarization', 'InstructionRetrieval', 'InstructionReranking', 'Any2AnyReranking', 'Any2AnyRetrieval', 'Any2AnyMultilingualRetrieval', 'VisionCentricQA', 'ImageClustering', 'ImageClassification', 'DocumentUnderstanding', 'VisualSTS(eng)', 'VisualSTS(multi)', 'ZeroShotClassification', 'Compositionality', 'AudioClustering', 'AudioMultilabelClassification', 'AudioReranking', 'AudioZeroshotClassification', 'AudioClassification', 'AudioPairClassification', 'VideoClassification', 'VideoClustering', 'VideoMultilabelClassification', 'VideoPairClassification', 'VideoZeroshotClassification', 'VideoCentricQA')], prompt types [['query', 'document']], and task names\n"}
,{"stream_name":"stderr","time":890.997016456,"data":"  self.model_prompts = _resolve_model_prompts(self.model, model_prompts)\n"}
,{"stream_name":"stderr","time":890.999573241,"data":"The task 'EmotionClassification' is superseded by 'EmotionClassification.v2'. We recommend using the newer version of the task unless you are running a specific benchmark. See `get_task('EmotionClassification.v2').metadata.description` to get a description of the task and changes.\n"}
,{"stream_name":"stderr","time":890.999591465,"data":"\n"}
,{"stream_name":"stderr","time":890.999596264,"data":"The task 'EmotionClassification' is superseded by 'EmotionClassification.v2'. We recommend using the newer version of the task unless you are running a specific benchmark. See `get_task('EmotionClassification.v2').metadata.description` to get a description of the task and changes.\n"}
,{"stream_name":"stderr","time":891.131047359,"data":"/usr/local/lib/python3.13/dist-packages/mteb/evaluate.py:262: UserWarning: The task 'EmotionClassification' is superseded by 'EmotionClassification.v2'. We recommend using the newer version of the task unless you are running a specific benchmark. See `get_task('EmotionClassification.v2').metadata.description` to get a description of the task and changes.\n"}
,{"stream_name":"stderr","time":891.13106604,"data":"  task.check_if_dataset_is_superseded()\n"}
,{"stream_name":"stderr","time":891.131073753,"data":"\n"}
,{"stream_name":"stderr","time":891.13107611,"data":"/usr/local/lib/python3.13/dist-packages/mteb/evaluate.py:262: UserWarning: The task 'EmotionClassification' is superseded by 'EmotionClassification.v2'. We recommend using the newer version of the task unless you are running a specific benchmark. See `get_task('EmotionClassification.v2').metadata.description` to get a description of the task and changes.\n"}
,{"stream_name":"stderr","time":891.131079075,"data":"  task.check_if_dataset_is_superseded()\n"}
,{"stream_name":"stderr","time":892.543079325,"data":"Repo card metadata block was not found. Setting CardData to empty.\n"}
,{"stream_name":"stderr","time":892.543113265,"data":"\n"}
,{"stream_name":"stderr","time":892.543120071,"data":"Repo card metadata block was not found. Setting CardData to empty.\n"}
,{"stream_name":"stdout","time":945.547907545,"data":"EmotionClassification          main_score=0.5735 rev=4f58c6b2\n"}
,{"stream_name":"stderr","time":945.548857832,"data":"/usr/local/lib/python3.13/dist-packages/mteb/models/model_meta.py:969: FutureWarning: The `get_sentence_embedding_dimension` method has been renamed to `get_embedding_dimension`.\n"}
,{"stream_name":"stderr","time":945.548873875,"data":"  embedding_dimensions = model.get_sentence_embedding_dimension()\n"}
,{"stream_name":"stderr","time":945.548879153,"data":"/usr/local/lib/python3.13/dist-packages/mteb/models/model_meta.py:929: FutureWarning: The `get_sentence_embedding_dimension` method has been renamed to `get_embedding_dimension`.\n"}
,{"stream_name":"stderr","time":945.548884354,"data":"  embed_dim=model.get_sentence_embedding_dimension(),\n"}
,{"stream_name":"stderr","time":945.548889212,"data":"Task name CodeRetrieval is not valid. Valid keys are task types [('BitextMining', 'Classification', 'MultilabelClassification', 'Clustering', 'PairClassification', 'Regression', 'Reranking', 'Retrieval', 'STS', 'Summarization', 'InstructionRetrieval', 'InstructionReranking', 'Any2AnyReranking', 'Any2AnyRetrieval', 'Any2AnyMultilingualRetrieval', 'VisionCentricQA', 'ImageClustering', 'ImageClassification', 'DocumentUnderstanding', 'VisualSTS(eng)', 'VisualSTS(multi)', 'ZeroShotClassification', 'Compositionality', 'AudioClustering', 'AudioMultilabelClassification', 'AudioReranking', 'AudioZeroshotClassification', 'AudioClassification', 'AudioPairClassification', 'VideoClassification', 'VideoClustering', 'VideoMultilabelClassification', 'VideoPairClassification', 'VideoZeroshotClassification', 'VideoCentricQA')], prompt types [['query', 'document']], and task names\n"}
,{"stream_name":"stderr","time":945.54890687,"data":"\n"}
,{"stream_name":"stderr","time":945.548911423,"data":"/usr/local/lib/python3.13/dist-packages/mteb/models/model_meta.py:969: FutureWarning: The `get_sentence_embedding_dimension` method has been renamed to `get_embedding_dimension`.\n"}
,{"stream_name":"stderr","time":945.548916522,"data":"  embedding_dimensions = model.get_sentence_embedding_dimension()\n"}
,{"stream_name":"stderr","time":945.548921103,"data":"/usr/local/lib/python3.13/dist-packages/mteb/models/model_meta.py:929: FutureWarning: The `get_sentence_embedding_dimension` method has been renamed to `get_embedding_dimension`.\n"}
,{"stream_name":"stderr","time":945.548926181,"data":"  embed_dim=model.get_sentence_embedding_dimension(),\n"}
,{"stream_name":"stderr","time":945.548931384,"data":"Task name CodeRetrieval is not valid. Valid keys are task types [('BitextMining', 'Classification', 'MultilabelClassification', 'Clustering', 'PairClassification', 'Regression', 'Reranking', 'Retrieval', 'STS', 'Summarization', 'InstructionRetrieval', 'InstructionReranking', 'Any2AnyReranking', 'Any2AnyRetrieval', 'Any2AnyMultilingualRetrieval', 'VisionCentricQA', 'ImageClustering', 'ImageClassification', 'DocumentUnderstanding', 'VisualSTS(eng)', 'VisualSTS(multi)', 'ZeroShotClassification', 'Compositionality', 'AudioClustering', 'AudioMultilabelClassification', 'AudioReranking', 'AudioZeroshotClassification', 'AudioClassification', 'AudioPairClassification', 'VideoClassification', 'VideoClustering', 'VideoMultilabelClassification', 'VideoPairClassification', 'VideoZeroshotClassification', 'VideoCentricQA')], prompt types [['query', 'document']], and task names\n"}
,{"stream_name":"stderr","time":945.549720936,"data":"/usr/local/lib/python3.13/dist-packages/mteb/models/sentence_transformer_wrapper.py:150: UserWarning: Task name CodeRetrieval is not valid. Valid keys are task types [('BitextMining', 'Classification', 'MultilabelClassification', 'Clustering', 'PairClassification', 'Regression', 'Reranking', 'Retrieval', 'STS', 'Summarization', 'InstructionRetrieval', 'InstructionReranking', 'Any2AnyReranking', 'Any2AnyRetrieval', 'Any2AnyMultilingualRetrieval', 'VisionCentricQA', 'ImageClustering', 'ImageClassification', 'DocumentUnderstanding', 'VisualSTS(eng)', 'VisualSTS(multi)', 'ZeroShotClassification', 'Compositionality', 'AudioClustering', 'AudioMultilabelClassification', 'AudioReranking', 'AudioZeroshotClassification', 'AudioClassification', 'AudioPairClassification', 'VideoClassification', 'VideoClustering', 'VideoMultilabelClassification', 'VideoPairClassification', 'VideoZeroshotClassification', 'VideoCentricQA')], prompt types [['query', 'document']], and task names\n"}
,{"stream_name":"stderr","time":945.549749264,"data":"  resolved_prompts, invalid_prompts = AbsEncoder.validate_task_to_prompt_name(\n"}
,{"stream_name":"stderr","time":945.549753792,"data":"Task name Document is not valid. Valid keys are task types [('BitextMining', 'Classification', 'MultilabelClassification', 'Clustering', 'PairClassification', 'Regression', 'Reranking', 'Retrieval', 'STS', 'Summarization', 'InstructionRetrieval', 'InstructionReranking', 'Any2AnyReranking', 'Any2AnyRetrieval', 'Any2AnyMultilingualRetrieval', 'VisionCentricQA', 'ImageClustering', 'ImageClassification', 'DocumentUnderstanding', 'VisualSTS(eng)', 'VisualSTS(multi)', 'ZeroShotClassification', 'Compositionality', 'AudioClustering', 'AudioMultilabelClassification', 'AudioReranking', 'AudioZeroshotClassification', 'AudioClassification', 'AudioPairClassification', 'VideoClassification', 'VideoClustering', 'VideoMultilabelClassification', 'VideoPairClassification', 'VideoZeroshotClassification', 'VideoCentricQA')], prompt types [['query', 'document']], and task names\n"}
,{"stream_name":"stderr","time":945.549760013,"data":"\n"}
,{"stream_name":"stderr","time":945.549764016,"data":"/usr/local/lib/python3.13/dist-packages/mteb/models/sentence_transformer_wrapper.py:150: UserWarning: Task name CodeRetrieval is not valid. Valid keys are task types [('BitextMining', 'Classification', 'MultilabelClassification', 'Clustering', 'PairClassification', 'Regression', 'Reranking', 'Retrieval', 'STS', 'Summarization', 'InstructionRetrieval', 'InstructionReranking', 'Any2AnyReranking', 'Any2AnyRetrieval', 'Any2AnyMultilingualRetrieval', 'VisionCentricQA', 'ImageClustering', 'ImageClassification', 'DocumentUnderstanding', 'VisualSTS(eng)', 'VisualSTS(multi)', 'ZeroShotClassification', 'Compositionality', 'AudioClustering', 'AudioMultilabelClassification', 'AudioReranking', 'AudioZeroshotClassification', 'AudioClassification', 'AudioPairClassification', 'VideoClassification', 'VideoClustering', 'VideoMultilabelClassification', 'VideoPairClassification', 'VideoZeroshotClassification', 'VideoCentricQA')], prompt types [['query', 'document']], and task names\n"}
,{"stream_name":"stderr","time":945.54977052,"data":"  resolved_prompts, invalid_prompts = AbsEncoder.validate_task_to_prompt_name(\n"}
,{"stream_name":"stderr","time":945.549774251,"data":"Task name Document is not valid. Valid keys are task types [('BitextMining', 'Classification', 'MultilabelClassification', 'Clustering', 'PairClassification', 'Regression', 'Reranking', 'Retrieval', 'STS', 'Summarization', 'InstructionRetrieval', 'InstructionReranking', 'Any2AnyReranking', 'Any2AnyRetrieval', 'Any2AnyMultilingualRetrieval', 'VisionCentricQA', 'ImageClustering', 'ImageClassification', 'DocumentUnderstanding', 'VisualSTS(eng)', 'VisualSTS(multi)', 'ZeroShotClassification', 'Compositionality', 'AudioClustering', 'AudioMultilabelClassification', 'AudioReranking', 'AudioZeroshotClassification', 'AudioClassification', 'AudioPairClassification', 'VideoClassification', 'VideoClustering', 'VideoMultilabelClassification', 'VideoPairClassification', 'VideoZeroshotClassification', 'VideoCentricQA')], prompt types [['query', 'document']], and task names\n"}
,{"stream_name":"stderr","time":945.56581031,"data":"/usr/local/lib/python3.13/dist-packages/mteb/models/sentence_transformer_wrapper.py:150: UserWarning: Task name Document is not valid. Valid keys are task types [('BitextMining', 'Classification', 'MultilabelClassification', 'Clustering', 'PairClassification', 'Regression', 'Reranking', 'Retrieval', 'STS', 'Summarization', 'InstructionRetrieval', 'InstructionReranking', 'Any2AnyReranking', 'Any2AnyRetrieval', 'Any2AnyMultilingualRetrieval', 'VisionCentricQA', 'ImageClustering', 'ImageClassification', 'DocumentUnderstanding', 'VisualSTS(eng)', 'VisualSTS(multi)', 'ZeroShotClassification', 'Compositionality', 'AudioClustering', 'AudioMultilabelClassification', 'AudioReranking', 'AudioZeroshotClassification', 'AudioClassification', 'AudioPairClassification', 'VideoClassification', 'VideoClustering', 'VideoMultilabelClassification', 'VideoPairClassification', 'VideoZeroshotClassification', 'VideoCentricQA')], prompt types [['query', 'document']], and task names\n"}
,{"stream_name":"stderr","time":945.565841706,"data":"  resolved_prompts, invalid_prompts = AbsEncoder.validate_task_to_prompt_name(\n"}
,{"stream_name":"stderr","time":945.565846817,"data":"Task name FactChecking is not valid. Valid keys are task types [('BitextMining', 'Classification', 'MultilabelClassification', 'Clustering', 'PairClassification', 'Regression', 'Reranking', 'Retrieval', 'STS', 'Summarization', 'InstructionRetrieval', 'InstructionReranking', 'Any2AnyReranking', 'Any2AnyRetrieval', 'Any2AnyMultilingualRetrieval', 'VisionCentricQA', 'ImageClustering', 'ImageClassification', 'DocumentUnderstanding', 'VisualSTS(eng)', 'VisualSTS(multi)', 'ZeroShotClassification', 'Compositionality', 'AudioClustering', 'AudioMultilabelClassification', 'AudioReranking', 'AudioZeroshotClassification', 'AudioClassification', 'AudioPairClassification', 'VideoClassification', 'VideoClustering', 'VideoMultilabelClassification', 'VideoPairClassification', 'VideoZeroshotClassification', 'VideoCentricQA')], prompt types [['query', 'document']], and task names\n"}
,{"stream_name":"stderr","time":945.565853788,"data":"\n"}
,{"stream_name":"stderr","time":945.565858217,"data":"/usr/local/lib/python3.13/dist-packages/mteb/models/sentence_transformer_wrapper.py:150: UserWarning: Task name Document is not valid. Valid keys are task types [('BitextMining', 'Classification', 'MultilabelClassification', 'Clustering', 'PairClassification', 'Regression', 'Reranking', 'Retrieval', 'STS', 'Summarization', 'InstructionRetrieval', 'InstructionReranking', 'Any2AnyReranking', 'Any2AnyRetrieval', 'Any2AnyMultilingualRetrieval', 'VisionCentricQA', 'ImageClustering', 'ImageClassification', 'DocumentUnderstanding', 'VisualSTS(eng)', 'VisualSTS(multi)', 'ZeroShotClassification', 'Compositionality', 'AudioClustering', 'AudioMultilabelClassification', 'AudioReranking', 'AudioZeroshotClassification', 'AudioClassification', 'AudioPairClassification', 'VideoClassification', 'VideoClustering', 'VideoMultilabelClassification', 'VideoPairClassification', 'VideoZeroshotClassification', 'VideoCentricQA')], prompt types [['query', 'document']], and task names\n"}
,{"stream_name":"stderr","time":945.565865696,"data":"  resolved_prompts, invalid_prompts = AbsEncoder.validate_task_to_prompt_name(\n"}
,{"stream_name":"stderr","time":945.565869834,"data":"Task name FactChecking is not valid. Valid keys are task types [('BitextMining', 'Classification', 'MultilabelClassification', 'Clustering', 'PairClassification', 'Regression', 'Reranking', 'Retrieval', 'STS', 'Summarization', 'InstructionRetrieval', 'InstructionReranking', 'Any2AnyReranking', 'Any2AnyRetrieval', 'Any2AnyMultilingualRetrieval', 'VisionCentricQA', 'ImageClustering', 'ImageClassification', 'DocumentUnderstanding', 'VisualSTS(eng)', 'VisualSTS(multi)', 'ZeroShotClassification', 'Compositionality', 'AudioClustering', 'AudioMultilabelClassification', 'AudioReranking', 'AudioZeroshotClassification', 'AudioClassification', 'AudioPairClassification', 'VideoClassification', 'VideoClustering', 'VideoMultilabelClassification', 'VideoPairClassification', 'VideoZeroshotClassification', 'VideoCentricQA')], prompt types [['query', 'document']], and task names\n"}
,{"stream_name":"stderr","time":945.57229512,"data":"/usr/local/lib/python3.13/dist-packages/mteb/models/sentence_transformer_wrapper.py:150: UserWarning: Task name FactChecking is not valid. Valid keys are task types [('BitextMining', 'Classification', 'MultilabelClassification', 'Clustering', 'PairClassification', 'Regression', 'Reranking', 'Retrieval', 'STS', 'Summarization', 'InstructionRetrieval', 'InstructionReranking', 'Any2AnyReranking', 'Any2AnyRetrieval', 'Any2AnyMultilingualRetrieval', 'VisionCentricQA', 'ImageClustering', 'ImageClassification', 'DocumentUnderstanding', 'VisualSTS(eng)', 'VisualSTS(multi)', 'ZeroShotClassification', 'Compositionality', 'AudioClustering', 'AudioMultilabelClassification', 'AudioReranking', 'AudioZeroshotClassification', 'AudioClassification', 'AudioPairClassification', 'VideoClassification', 'VideoClustering', 'VideoMultilabelClassification', 'VideoPairClassification', 'VideoZeroshotClassification', 'VideoCentricQA')], prompt types [['query', 'document']], and task names\n"}
,{"stream_name":"stderr","time":945.572314216,"data":"  resolved_prompts, invalid_prompts = AbsEncoder.validate_task_to_prompt_name(\n"}
,{"stream_name":"stderr","time":945.572318715,"data":"Task name QuestionAnswering is not valid. Valid keys are task types [('BitextMining', 'Classification', 'MultilabelClassification', 'Clustering', 'PairClassification', 'Regression', 'Reranking', 'Retrieval', 'STS', 'Summarization', 'InstructionRetrieval', 'InstructionReranking', 'Any2AnyReranking', 'Any2AnyRetrieval', 'Any2AnyMultilingualRetrieval', 'VisionCentricQA', 'ImageClustering', 'ImageClassification', 'DocumentUnderstanding', 'VisualSTS(eng)', 'VisualSTS(multi)', 'ZeroShotClassification', 'Compositionality', 'AudioClustering', 'AudioMultilabelClassification', 'AudioReranking', 'AudioZeroshotClassification', 'AudioClassification', 'AudioPairClassification', 'VideoClassification', 'VideoClustering', 'VideoMultilabelClassification', 'VideoPairClassification', 'VideoZeroshotClassification', 'VideoCentricQA')], prompt types [['query', 'document']], and task names\n"}
,{"stream_name":"stderr","time":945.572325219,"data":"\n"}
,{"stream_name":"stderr","time":945.572329314,"data":"/usr/local/lib/python3.13/dist-packages/mteb/models/sentence_transformer_wrapper.py:150: UserWarning: Task name FactChecking is not valid. Valid keys are task types [('BitextMining', 'Classification', 'MultilabelClassification', 'Clustering', 'PairClassification', 'Regression', 'Reranking', 'Retrieval', 'STS', 'Summarization', 'InstructionRetrieval', 'InstructionReranking', 'Any2AnyReranking', 'Any2AnyRetrieval', 'Any2AnyMultilingualRetrieval', 'VisionCentricQA', 'ImageClustering', 'ImageClassification', 'DocumentUnderstanding', 'VisualSTS(eng)', 'VisualSTS(multi)', 'ZeroShotClassification', 'Compositionality', 'AudioClustering', 'AudioMultilabelClassification', 'AudioReranking', 'AudioZeroshotClassification', 'AudioClassification', 'AudioPairClassification', 'VideoClassification', 'VideoClustering', 'VideoMultilabelClassification', 'VideoPairClassification', 'VideoZeroshotClassification', 'VideoCentricQA')], prompt types [['query', 'document']], and task names\n"}
,{"stream_name":"stderr","time":945.572335856,"data":"  resolved_prompts, invalid_prompts = AbsEncoder.validate_task_to_prompt_name(\n"}
,{"stream_name":"stderr","time":945.572339566,"data":"Task name QuestionAnswering is not valid. Valid keys are task types [('BitextMining', 'Classification', 'MultilabelClassification', 'Clustering', 'PairClassification', 'Regression', 'Reranking', 'Retrieval', 'STS', 'Summarization', 'InstructionRetrieval', 'InstructionReranking', 'Any2AnyReranking', 'Any2AnyRetrieval', 'Any2AnyMultilingualRetrieval', 'VisionCentricQA', 'ImageClustering', 'ImageClassification', 'DocumentUnderstanding', 'VisualSTS(eng)', 'VisualSTS(multi)', 'ZeroShotClassification', 'Compositionality', 'AudioClustering', 'AudioMultilabelClassification', 'AudioReranking', 'AudioZeroshotClassification', 'AudioClassification', 'AudioPairClassification', 'VideoClassification', 'VideoClustering', 'VideoMultilabelClassification', 'VideoPairClassification', 'VideoZeroshotClassification', 'VideoCentricQA')], prompt types [['query', 'document']], and task names\n"}
,{"stream_name":"stderr","time":945.586589536,"data":"/usr/local/lib/python3.13/dist-packages/mteb/models/sentence_transformer_wrapper.py:150: UserWarning: Task name QuestionAnswering is not valid. Valid keys are task types [('BitextMining', 'Classification', 'MultilabelClassification', 'Clustering', 'PairClassification', 'Regression', 'Reranking', 'Retrieval', 'STS', 'Summarization', 'InstructionRetrieval', 'InstructionReranking', 'Any2AnyReranking', 'Any2AnyRetrieval', 'Any2AnyMultilingualRetrieval', 'VisionCentricQA', 'ImageClustering', 'ImageClassification', 'DocumentUnderstanding', 'VisualSTS(eng)', 'VisualSTS(multi)', 'ZeroShotClassification', 'Compositionality', 'AudioClustering', 'AudioMultilabelClassification', 'AudioReranking', 'AudioZeroshotClassification', 'AudioClassification', 'AudioPairClassification', 'VideoClassification', 'VideoClustering', 'VideoMultilabelClassification', 'VideoPairClassification', 'VideoZeroshotClassification', 'VideoCentricQA')], prompt types [['query', 'document']], and task names\n"}
,{"stream_name":"stderr","time":945.586606141,"data":"  resolved_prompts, invalid_prompts = AbsEncoder.validate_task_to_prompt_name(\n"}
,{"stream_name":"stderr","time":945.586610217,"data":"Task name SearchQuery is not valid. Valid keys are task types [('BitextMining', 'Classification', 'MultilabelClassification', 'Clustering', 'PairClassification', 'Regression', 'Reranking', 'Retrieval', 'STS', 'Summarization', 'InstructionRetrieval', 'InstructionReranking', 'Any2AnyReranking', 'Any2AnyRetrieval', 'Any2AnyMultilingualRetrieval', 'VisionCentricQA', 'ImageClustering', 'ImageClassification', 'DocumentUnderstanding', 'VisualSTS(eng)', 'VisualSTS(multi)', 'ZeroShotClassification', 'Compositionality', 'AudioClustering', 'AudioMultilabelClassification', 'AudioReranking', 'AudioZeroshotClassification', 'AudioClassification', 'AudioPairClassification', 'VideoClassification', 'VideoClustering', 'VideoMultilabelClassification', 'VideoPairClassification', 'VideoZeroshotClassification', 'VideoCentricQA')], prompt types [['query', 'document']], and task names\n"}
,{"stream_name":"stderr","time":945.586615866,"data":"\n"}
,{"stream_name":"stderr","time":945.586619607,"data":"/usr/local/lib/python3.13/dist-packages/mteb/models/sentence_transformer_wrapper.py:150: UserWarning: Task name QuestionAnswering is not valid. Valid keys are task types [('BitextMining', 'Classification', 'MultilabelClassification', 'Clustering', 'PairClassification', 'Regression', 'Reranking', 'Retrieval', 'STS', 'Summarization', 'InstructionRetrieval', 'InstructionReranking', 'Any2AnyReranking', 'Any2AnyRetrieval', 'Any2AnyMultilingualRetrieval', 'VisionCentricQA', 'ImageClustering', 'ImageClassification', 'DocumentUnderstanding', 'VisualSTS(eng)', 'VisualSTS(multi)', 'ZeroShotClassification', 'Compositionality', 'AudioClustering', 'AudioMultilabelClassification', 'AudioReranking', 'AudioZeroshotClassification', 'AudioClassification', 'AudioPairClassification', 'VideoClassification', 'VideoClustering', 'VideoMultilabelClassification', 'VideoPairClassification', 'VideoZeroshotClassification', 'VideoCentricQA')], prompt types [['query', 'document']], and task names\n"}
,{"stream_name":"stderr","time":945.5866253,"data":"  resolved_prompts, invalid_prompts = AbsEncoder.validate_task_to_prompt_name(\n"}
,{"stream_name":"stderr","time":945.586628927,"data":"Task name SearchQuery is not valid. Valid keys are task types [('BitextMining', 'Classification', 'MultilabelClassification', 'Clustering', 'PairClassification', 'Regression', 'Reranking', 'Retrieval', 'STS', 'Summarization', 'InstructionRetrieval', 'InstructionReranking', 'Any2AnyReranking', 'Any2AnyRetrieval', 'Any2AnyMultilingualRetrieval', 'VisionCentricQA', 'ImageClustering', 'ImageClassification', 'DocumentUnderstanding', 'VisualSTS(eng)', 'VisualSTS(multi)', 'ZeroShotClassification', 'Compositionality', 'AudioClustering', 'AudioMultilabelClassification', 'AudioReranking', 'AudioZeroshotClassification', 'AudioClassification', 'AudioPairClassification', 'VideoClassification', 'VideoClustering', 'VideoMultilabelClassification', 'VideoPairClassification', 'VideoZeroshotClassification', 'VideoCentricQA')], prompt types [['query', 'document']], and task names\n"}
,{"stream_name":"stderr","time":945.58743141,"data":"/usr/local/lib/python3.13/dist-packages/mteb/models/sentence_transformer_wrapper.py:150: UserWarning: Task name SearchQuery is not valid. Valid keys are task types [('BitextMining', 'Classification', 'MultilabelClassification', 'Clustering', 'PairClassification', 'Regression', 'Reranking', 'Retrieval', 'STS', 'Summarization', 'InstructionRetrieval', 'InstructionReranking', 'Any2AnyReranking', 'Any2AnyRetrieval', 'Any2AnyMultilingualRetrieval', 'VisionCentricQA', 'ImageClustering', 'ImageClassification', 'DocumentUnderstanding', 'VisualSTS(eng)', 'VisualSTS(multi)', 'ZeroShotClassification', 'Compositionality', 'AudioClustering', 'AudioMultilabelClassification', 'AudioReranking', 'AudioZeroshotClassification', 'AudioClassification', 'AudioPairClassification', 'VideoClassification', 'VideoClustering', 'VideoMultilabelClassification', 'VideoPairClassification', 'VideoZeroshotClassification', 'VideoCentricQA')], prompt types [['query', 'document']], and task names\n"}
,{"stream_name":"stderr","time":945.58744643,"data":"  resolved_prompts, invalid_prompts = AbsEncoder.validate_task_to_prompt_name(\n"}
,{"stream_name":"stderr","time":945.587450247,"data":"Task name SentenceSimilarity is not valid. Valid keys are task types [('BitextMining', 'Classification', 'MultilabelClassification', 'Clustering', 'PairClassification', 'Regression', 'Reranking', 'Retrieval', 'STS', 'Summarization', 'InstructionRetrieval', 'InstructionReranking', 'Any2AnyReranking', 'Any2AnyRetrieval', 'Any2AnyMultilingualRetrieval', 'VisionCentricQA', 'ImageClustering', 'ImageClassification', 'DocumentUnderstanding', 'VisualSTS(eng)', 'VisualSTS(multi)', 'ZeroShotClassification', 'Compositionality', 'AudioClustering', 'AudioMultilabelClassification', 'AudioReranking', 'AudioZeroshotClassification', 'AudioClassification', 'AudioPairClassification', 'VideoClassification', 'VideoClustering', 'VideoMultilabelClassification', 'VideoPairClassification', 'VideoZeroshotClassification', 'VideoCentricQA')], prompt types [['query', 'document']], and task names\n"}
,{"stream_name":"stderr","time":945.587456155,"data":"\n"}
,{"stream_name":"stderr","time":945.587459864,"data":"/usr/local/lib/python3.13/dist-packages/mteb/models/sentence_transformer_wrapper.py:150: UserWarning: Task name SearchQuery is not valid. Valid keys are task types [('BitextMining', 'Classification', 'MultilabelClassification', 'Clustering', 'PairClassification', 'Regression', 'Reranking', 'Retrieval', 'STS', 'Summarization', 'InstructionRetrieval', 'InstructionReranking', 'Any2AnyReranking', 'Any2AnyRetrieval', 'Any2AnyMultilingualRetrieval', 'VisionCentricQA', 'ImageClustering', 'ImageClassification', 'DocumentUnderstanding', 'VisualSTS(eng)', 'VisualSTS(multi)', 'ZeroShotClassification', 'Compositionality', 'AudioClustering', 'AudioMultilabelClassification', 'AudioReranking', 'AudioZeroshotClassification', 'AudioClassification', 'AudioPairClassification', 'VideoClassification', 'VideoClustering', 'VideoMultilabelClassification', 'VideoPairClassification', 'VideoZeroshotClassification', 'VideoCentricQA')], prompt types [['query', 'document']], and task names\n"}
,{"stream_name":"stderr","time":945.58746583,"data":"  resolved_prompts, invalid_prompts = AbsEncoder.validate_task_to_prompt_name(\n"}
,{"stream_name":"stderr","time":945.587469156,"data":"Task name SentenceSimilarity is not valid. Valid keys are task types [('BitextMining', 'Classification', 'MultilabelClassification', 'Clustering', 'PairClassification', 'Regression', 'Reranking', 'Retrieval', 'STS', 'Summarization', 'InstructionRetrieval', 'InstructionReranking', 'Any2AnyReranking', 'Any2AnyRetrieval', 'Any2AnyMultilingualRetrieval', 'VisionCentricQA', 'ImageClustering', 'ImageClassification', 'DocumentUnderstanding', 'VisualSTS(eng)', 'VisualSTS(multi)', 'ZeroShotClassification', 'Compositionality', 'AudioClustering', 'AudioMultilabelClassification', 'AudioReranking', 'AudioZeroshotClassification', 'AudioClassification', 'AudioPairClassification', 'VideoClassification', 'VideoClustering', 'VideoMultilabelClassification', 'VideoPairClassification', 'VideoZeroshotClassification', 'VideoCentricQA')], prompt types [['query', 'document']], and task names\n"}
,{"stream_name":"stderr","time":945.596313184,"data":"/usr/local/lib/python3.13/dist-packages/mteb/models/sentence_transformer_wrapper.py:150: UserWarning: Task name SentenceSimilarity is not valid. Valid keys are task types [('BitextMining', 'Classification', 'MultilabelClassification', 'Clustering', 'PairClassification', 'Regression', 'Reranking', 'Retrieval', 'STS', 'Summarization', 'InstructionRetrieval', 'InstructionReranking', 'Any2AnyReranking', 'Any2AnyRetrieval', 'Any2AnyMultilingualRetrieval', 'VisionCentricQA', 'ImageClustering', 'ImageClassification', 'DocumentUnderstanding', 'VisualSTS(eng)', 'VisualSTS(multi)', 'ZeroShotClassification', 'Compositionality', 'AudioClustering', 'AudioMultilabelClassification', 'AudioReranking', 'AudioZeroshotClassification', 'AudioClassification', 'AudioPairClassification', 'VideoClassification', 'VideoClustering', 'VideoMultilabelClassification', 'VideoPairClassification', 'VideoZeroshotClassification', 'VideoCentricQA')], prompt types [['query', 'document']], and task names\n"}
,{"stream_name":"stderr","time":945.59633228,"data":"  resolved_prompts, invalid_prompts = AbsEncoder.validate_task_to_prompt_name(\n"}
,{"stream_name":"stderr","time":945.596337269,"data":"Some prompts are not in the expected format and will be ignored. Problems:\n"}
,{"stream_name":"stderr","time":945.596341284,"data":"\n"}
,{"stream_name":"stderr","time":945.596345359,"data":"Task name CodeRetrieval is not valid. Valid keys are task types [('BitextMining', 'Classification', 'MultilabelClassification', 'Clustering', 'PairClassification', 'Regression', 'Reranking', 'Retrieval', 'STS', 'Summarization', 'InstructionRetrieval', 'InstructionReranking', 'Any2AnyReranking', 'Any2AnyRetrieval', 'Any2AnyMultilingualRetrieval', 'VisionCentricQA', 'ImageClustering', 'ImageClassification', 'DocumentUnderstanding', 'VisualSTS(eng)', 'VisualSTS(multi)', 'ZeroShotClassification', 'Compositionality', 'AudioClustering', 'AudioMultilabelClassification', 'AudioReranking', 'AudioZeroshotClassification', 'AudioClassification', 'AudioPairClassification', 'VideoClassification', 'VideoClustering', 'VideoMultilabelClassification', 'VideoPairClassification', 'VideoZeroshotClassification', 'VideoCentricQA')], prompt types [['query', 'document']], and task names\n"}
,{"stream_name":"stderr","time":945.596352301,"data":"Task name FactChecking is not valid. Valid keys are task types [('BitextMining', 'Classification', 'MultilabelClassification', 'Clustering', 'PairClassification', 'Regression', 'Reranking', 'Retrieval', 'STS', 'Summarization', 'InstructionRetrieval', 'InstructionReranking', 'Any2AnyReranking', 'Any2AnyRetrieval', 'Any2AnyMultilingualRetrieval', 'VisionCentricQA', 'ImageClustering', 'ImageClassification', 'DocumentUnderstanding', 'VisualSTS(eng)', 'VisualSTS(multi)', 'ZeroShotClassification', 'Compositionality', 'AudioClustering', 'AudioMultilabelClassification', 'AudioReranking', 'AudioZeroshotClassification', 'AudioClassification', 'AudioPairClassification', 'VideoClassification', 'VideoClustering', 'VideoMultilabelClassification', 'VideoPairClassification', 'VideoZeroshotClassification', 'VideoCentricQA')], prompt types [['query', 'document']], and task names\n"}
,{"stream_name":"stderr","time":945.596366023,"data":"Task name SentenceSimilarity is not valid. Valid keys are task types [('BitextMining', 'Classification', 'MultilabelClassification', 'Clustering', 'PairClassification', 'Regression', 'Reranking', 'Retrieval', 'STS', 'Summarization', 'InstructionRetrieval', 'InstructionReranking', 'Any2AnyReranking', 'Any2AnyRetrieval', 'Any2AnyMultilingualRetrieval', 'VisionCentricQA', 'ImageClustering', 'ImageClassification', 'DocumentUnderstanding', 'VisualSTS(eng)', 'VisualSTS(multi)', 'ZeroShotClassification', 'Compositionality', 'AudioClustering', 'AudioMultilabelClassification', 'AudioReranking', 'AudioZeroshotClassification', 'AudioClassification', 'AudioPairClassification', 'VideoClassification', 'VideoClustering', 'VideoMultilabelClassification', 'VideoPairClassification', 'VideoZeroshotClassification', 'VideoCentricQA')], prompt types [['query', 'document']], and task names\n"}
,{"stream_name":"stderr","time":945.596373719,"data":"Task name QuestionAnswering is not valid. Valid keys are task types [('BitextMining', 'Classification', 'MultilabelClassification', 'Clustering', 'PairClassification', 'Regression', 'Reranking', 'Retrieval', 'STS', 'Summarization', 'InstructionRetrieval', 'InstructionReranking', 'Any2AnyReranking', 'Any2AnyRetrieval', 'Any2AnyMultilingualRetrieval', 'VisionCentricQA', 'ImageClustering', 'ImageClassification', 'DocumentUnderstanding', 'VisualSTS(eng)', 'VisualSTS(multi)', 'ZeroShotClassification', 'Compositionality', 'AudioClustering', 'AudioMultilabelClassification', 'AudioReranking', 'AudioZeroshotClassification', 'AudioClassification', 'AudioPairClassification', 'VideoClassification', 'VideoClustering', 'VideoMultilabelClassification', 'VideoPairClassification', 'VideoZeroshotClassification', 'VideoCentricQA')], prompt types [['query', 'document']], and task names\n"}
,{"stream_name":"stderr","time":945.596379869,"data":"Task name SearchQuery is not valid. Valid keys are task types [('BitextMining', 'Classification', 'MultilabelClassification', 'Clustering', 'PairClassification', 'Regression', 'Reranking', 'Retrieval', 'STS', 'Summarization', 'InstructionRetrieval', 'InstructionReranking', 'Any2AnyReranking', 'Any2AnyRetrieval', 'Any2AnyMultilingualRetrieval', 'VisionCentricQA', 'ImageClustering', 'ImageClassification', 'DocumentUnderstanding', 'VisualSTS(eng)', 'VisualSTS(multi)', 'ZeroShotClassification', 'Compositionality', 'AudioClustering', 'AudioMultilabelClassification', 'AudioReranking', 'AudioZeroshotClassification', 'AudioClassification', 'AudioPairClassification', 'VideoClassification', 'VideoClustering', 'VideoMultilabelClassification', 'VideoPairClassification', 'VideoZeroshotClassification', 'VideoCentricQA')], prompt types [['query', 'document']], and task names\n"}
,{"stream_name":"stderr","time":945.596386153,"data":"Task name Document is not valid. Valid keys are task types [('BitextMining', 'Classification', 'MultilabelClassification', 'Clustering', 'PairClassification', 'Regression', 'Reranking', 'Retrieval', 'STS', 'Summarization', 'InstructionRetrieval', 'InstructionReranking', 'Any2AnyReranking', 'Any2AnyRetrieval', 'Any2AnyMultilingualRetrieval', 'VisionCentricQA', 'ImageClustering', 'ImageClassification', 'DocumentUnderstanding', 'VisualSTS(eng)', 'VisualSTS(multi)', 'ZeroShotClassification', 'Compositionality', 'AudioClustering', 'AudioMultilabelClassification', 'AudioReranking', 'AudioZeroshotClassification', 'AudioClassification', 'AudioPairClassification', 'VideoClassification', 'VideoClustering', 'VideoMultilabelClassification', 'VideoPairClassification', 'VideoZeroshotClassification', 'VideoCentricQA')], prompt types [['query', 'document']], and task names\n"}
,{"stream_name":"stderr","time":945.596391985,"data":"\n"}
,{"stream_name":"stderr","time":945.596395191,"data":"/usr/local/lib/python3.13/dist-packages/mteb/models/sentence_transformer_wrapper.py:150: UserWarning: Task name SentenceSimilarity is not valid. Valid keys are task types [('BitextMining', 'Classification', 'MultilabelClassification', 'Clustering', 'PairClassification', 'Regression', 'Reranking', 'Retrieval', 'STS', 'Summarization', 'InstructionRetrieval', 'InstructionReranking', 'Any2AnyReranking', 'Any2AnyRetrieval', 'Any2AnyMultilingualRetrieval', 'VisionCentricQA', 'ImageClustering', 'ImageClassification', 'DocumentUnderstanding', 'VisualSTS(eng)', 'VisualSTS(multi)', 'ZeroShotClassification', 'Compositionality', 'AudioClustering', 'AudioMultilabelClassification', 'AudioReranking', 'AudioZeroshotClassification', 'AudioClassification', 'AudioPairClassification', 'VideoClassification', 'VideoClustering', 'VideoMultilabelClassification', 'VideoPairClassification', 'VideoZeroshotClassification', 'VideoCentricQA')], prompt types [['query', 'document']], and task names\n"}
,{"stream_name":"stderr","time":945.596404145,"data":"  resolved_prompts, invalid_prompts = AbsEncoder.validate_task_to_prompt_name(\n"}
,{"stream_name":"stderr","time":945.596408233,"data":"Some prompts are not in the expected format and will be ignored. Problems:\n"}
,{"stream_name":"stderr","time":945.596412744,"data":"\n"}
,{"stream_name":"stderr","time":945.596416835,"data":"Task name CodeRetrieval is not valid. Valid keys are task types [('BitextMining', 'Classification', 'MultilabelClassification', 'Clustering', 'PairClassification', 'Regression', 'Reranking', 'Retrieval', 'STS', 'Summarization', 'InstructionRetrieval', 'InstructionReranking', 'Any2AnyReranking', 'Any2AnyRetrieval', 'Any2AnyMultilingualRetrieval', 'VisionCentricQA', 'ImageClustering', 'ImageClassification', 'DocumentUnderstanding', 'VisualSTS(eng)', 'VisualSTS(multi)', 'ZeroShotClassification', 'Compositionality', 'AudioClustering', 'AudioMultilabelClassification', 'AudioReranking', 'AudioZeroshotClassification', 'AudioClassification', 'AudioPairClassification', 'VideoClassification', 'VideoClustering', 'VideoMultilabelClassification', 'VideoPairClassification', 'VideoZeroshotClassification', 'VideoCentricQA')], prompt types [['query', 'document']], and task names\n"}
,{"stream_name":"stderr","time":945.596422888,"data":"Task name FactChecking is not valid. Valid keys are task types [('BitextMining', 'Classification', 'MultilabelClassification', 'Clustering', 'PairClassification', 'Regression', 'Reranking', 'Retrieval', 'STS', 'Summarization', 'InstructionRetrieval', 'InstructionReranking', 'Any2AnyReranking', 'Any2AnyRetrieval', 'Any2AnyMultilingualRetrieval', 'VisionCentricQA', 'ImageClustering', 'ImageClassification', 'DocumentUnderstanding', 'VisualSTS(eng)', 'VisualSTS(multi)', 'ZeroShotClassification', 'Compositionality', 'AudioClustering', 'AudioMultilabelClassification', 'AudioReranking', 'AudioZeroshotClassification', 'AudioClassification', 'AudioPairClassification', 'VideoClassification', 'VideoClustering', 'VideoMultilabelClassification', 'VideoPairClassification', 'VideoZeroshotClassification', 'VideoCentricQA')], prompt types [['query', 'document']], and task names\n"}
,{"stream_name":"stderr","time":945.596429346,"data":"Task name SentenceSimilarity is not valid. Valid keys are task types [('BitextMining', 'Classification', 'MultilabelClassification', 'Clustering', 'PairClassification', 'Regression', 'Reranking', 'Retrieval', 'STS', 'Summarization', 'InstructionRetrieval', 'InstructionReranking', 'Any2AnyReranking', 'Any2AnyRetrieval', 'Any2AnyMultilingualRetrieval', 'VisionCentricQA', 'ImageClustering', 'ImageClassification', 'DocumentUnderstanding', 'VisualSTS(eng)', 'VisualSTS(multi)', 'ZeroShotClassification', 'Compositionality', 'AudioClustering', 'AudioMultilabelClassification', 'AudioReranking', 'AudioZeroshotClassification', 'AudioClassification', 'AudioPairClassification', 'VideoClassification', 'VideoClustering', 'VideoMultilabelClassification', 'VideoPairClassification', 'VideoZeroshotClassification', 'VideoCentricQA')], prompt types [['query', 'document']], and task names\n"}
,{"stream_name":"stderr","time":945.596436796,"data":"Task name QuestionAnswering is not valid. Valid keys are task types [('BitextMining', 'Classification', 'MultilabelClassification', 'Clustering', 'PairClassification', 'Regression', 'Reranking', 'Retrieval', 'STS', 'Summarization', 'InstructionRetrieval', 'InstructionReranking', 'Any2AnyReranking', 'Any2AnyRetrieval', 'Any2AnyMultilingualRetrieval', 'VisionCentricQA', 'ImageClustering', 'ImageClassification', 'DocumentUnderstanding', 'VisualSTS(eng)', 'VisualSTS(multi)', 'ZeroShotClassification', 'Compositionality', 'AudioClustering', 'AudioMultilabelClassification', 'AudioReranking', 'AudioZeroshotClassification', 'AudioClassification', 'AudioPairClassification', 'VideoClassification', 'VideoClustering', 'VideoMultilabelClassification', 'VideoPairClassification', 'VideoZeroshotClassification', 'VideoCentricQA')], prompt types [['query', 'document']], and task names\n"}
,{"stream_name":"stderr","time":945.596445295,"data":"Task name SearchQuery is not valid. Valid keys are task types [('BitextMining', 'Classification', 'MultilabelClassification', 'Clustering', 'PairClassification', 'Regression', 'Reranking', 'Retrieval', 'STS', 'Summarization', 'InstructionRetrieval', 'InstructionReranking', 'Any2AnyReranking', 'Any2AnyRetrieval', 'Any2AnyMultilingualRetrieval', 'VisionCentricQA', 'ImageClustering', 'ImageClassification', 'DocumentUnderstanding', 'VisualSTS(eng)', 'VisualSTS(multi)', 'ZeroShotClassification', 'Compositionality', 'AudioClustering', 'AudioMultilabelClassification', 'AudioReranking', 'AudioZeroshotClassification', 'AudioClassification', 'AudioPairClassification', 'VideoClassification', 'VideoClustering', 'VideoMultilabelClassification', 'VideoPairClassification', 'VideoZeroshotClassification', 'VideoCentricQA')], prompt types [['query', 'document']], and task names\n"}
,{"stream_name":"stderr","time":945.596451501,"data":"Task name Document is not valid. Valid keys are task types [('BitextMining', 'Classification', 'MultilabelClassification', 'Clustering', 'PairClassification', 'Regression', 'Reranking', 'Retrieval', 'STS', 'Summarization', 'InstructionRetrieval', 'InstructionReranking', 'Any2AnyReranking', 'Any2AnyRetrieval', 'Any2AnyMultilingualRetrieval', 'VisionCentricQA', 'ImageClustering', 'ImageClassification', 'DocumentUnderstanding', 'VisualSTS(eng)', 'VisualSTS(multi)', 'ZeroShotClassification', 'Compositionality', 'AudioClustering', 'AudioMultilabelClassification', 'AudioReranking', 'AudioZeroshotClassification', 'AudioClassification', 'AudioPairClassification', 'VideoClassification', 'VideoClustering', 'VideoMultilabelClassification', 'VideoPairClassification', 'VideoZeroshotClassification', 'VideoCentricQA')], prompt types [['query', 'document']], and task names\n"}
,{"stream_name":"stderr","time":945.603587556,"data":"/usr/local/lib/python3.13/dist-packages/mteb/models/sentence_transformer_wrapper.py:430: UserWarning: Some prompts are not in the expected format and will be ignored. Problems:\n"}
,{"stream_name":"stderr","time":945.603605989,"data":"\n"}
,{"stream_name":"stderr","time":945.603610341,"data":"Task name CodeRetrieval is not valid. Valid keys are task types [('BitextMining', 'Classification', 'MultilabelClassification', 'Clustering', 'PairClassification', 'Regression', 'Reranking', 'Retrieval', 'STS', 'Summarization', 'InstructionRetrieval', 'InstructionReranking', 'Any2AnyReranking', 'Any2AnyRetrieval', 'Any2AnyMultilingualRetrieval', 'VisionCentricQA', 'ImageClustering', 'ImageClassification', 'DocumentUnderstanding', 'VisualSTS(eng)', 'VisualSTS(multi)', 'ZeroShotClassification', 'Compositionality', 'AudioClustering', 'AudioMultilabelClassification', 'AudioReranking', 'AudioZeroshotClassification', 'AudioClassification', 'AudioPairClassification', 'VideoClassification', 'VideoClustering', 'VideoMultilabelClassification', 'VideoPairClassification', 'VideoZeroshotClassification', 'VideoCentricQA')], prompt types [['query', 'document']], and task names\n"}
,{"stream_name":"stderr","time":945.603617223,"data":"Task name FactChecking is not valid. Valid keys are task types [('BitextMining', 'Classification', 'MultilabelClassification', 'Clustering', 'PairClassification', 'Regression', 'Reranking', 'Retrieval', 'STS', 'Summarization', 'InstructionRetrieval', 'InstructionReranking', 'Any2AnyReranking', 'Any2AnyRetrieval', 'Any2AnyMultilingualRetrieval', 'VisionCentricQA', 'ImageClustering', 'ImageClassification', 'DocumentUnderstanding', 'VisualSTS(eng)', 'VisualSTS(multi)', 'ZeroShotClassification', 'Compositionality', 'AudioClustering', 'AudioMultilabelClassification', 'AudioReranking', 'AudioZeroshotClassification', 'AudioClassification', 'AudioPairClassification', 'VideoClassification', 'VideoClustering', 'VideoMultilabelClassification', 'VideoPairClassification', 'VideoZeroshotClassification', 'VideoCentricQA')], prompt types [['query', 'document']], and task names\n"}
,{"stream_name":"stderr","time":945.603632385,"data":"Task name SentenceSimilarity is not valid. Valid keys are task types [('BitextMining', 'Classification', 'MultilabelClassification', 'Clustering', 'PairClassification', 'Regression', 'Reranking', 'Retrieval', 'STS', 'Summarization', 'InstructionRetrieval', 'InstructionReranking', 'Any2AnyReranking', 'Any2AnyRetrieval', 'Any2AnyMultilingualRetrieval', 'VisionCentricQA', 'ImageClustering', 'ImageClassification', 'DocumentUnderstanding', 'VisualSTS(eng)', 'VisualSTS(multi)', 'ZeroShotClassification', 'Compositionality', 'AudioClustering', 'AudioMultilabelClassification', 'AudioReranking', 'AudioZeroshotClassification', 'AudioClassification', 'AudioPairClassification', 'VideoClassification', 'VideoClustering', 'VideoMultilabelClassification', 'VideoPairClassification', 'VideoZeroshotClassification', 'VideoCentricQA')], prompt types [['query', 'document']], and task names\n"}
,{"stream_name":"stderr","time":945.603639219,"data":"Task name QuestionAnswering is not valid. Valid keys are task types [('BitextMining', 'Classification', 'MultilabelClassification', 'Clustering', 'PairClassification', 'Regression', 'Reranking', 'Retrieval', 'STS', 'Summarization', 'InstructionRetrieval', 'InstructionReranking', 'Any2AnyReranking', 'Any2AnyRetrieval', 'Any2AnyMultilingualRetrieval', 'VisionCentricQA', 'ImageClustering', 'ImageClassification', 'DocumentUnderstanding', 'VisualSTS(eng)', 'VisualSTS(multi)', 'ZeroShotClassification', 'Compositionality', 'AudioClustering', 'AudioMultilabelClassification', 'AudioReranking', 'AudioZeroshotClassification', 'AudioClassification', 'AudioPairClassification', 'VideoClassification', 'VideoClustering', 'VideoMultilabelClassification', 'VideoPairClassification', 'VideoZeroshotClassification', 'VideoCentricQA')], prompt types [['query', 'document']], and task names\n"}
,{"stream_name":"stderr","time":945.603646476,"data":"Task name SearchQuery is not valid. Valid keys are task types [('BitextMining', 'Classification', 'MultilabelClassification', 'Clustering', 'PairClassification', 'Regression', 'Reranking', 'Retrieval', 'STS', 'Summarization', 'InstructionRetrieval', 'InstructionReranking', 'Any2AnyReranking', 'Any2AnyRetrieval', 'Any2AnyMultilingualRetrieval', 'VisionCentricQA', 'ImageClustering', 'ImageClassification', 'DocumentUnderstanding', 'VisualSTS(eng)', 'VisualSTS(multi)', 'ZeroShotClassification', 'Compositionality', 'AudioClustering', 'AudioMultilabelClassification', 'AudioReranking', 'AudioZeroshotClassification', 'AudioClassification', 'AudioPairClassification', 'VideoClassification', 'VideoClustering', 'VideoMultilabelClassification', 'VideoPairClassification', 'VideoZeroshotClassification', 'VideoCentricQA')], prompt types [['query', 'document']], and task names\n"}
,{"stream_name":"stderr","time":945.603652739,"data":"Task name Document is not valid. Valid keys are task types [('BitextMining', 'Classification', 'MultilabelClassification', 'Clustering', 'PairClassification', 'Regression', 'Reranking', 'Retrieval', 'STS', 'Summarization', 'InstructionRetrieval', 'InstructionReranking', 'Any2AnyReranking', 'Any2AnyRetrieval', 'Any2AnyMultilingualRetrieval', 'VisionCentricQA', 'ImageClustering', 'ImageClassification', 'DocumentUnderstanding', 'VisualSTS(eng)', 'VisualSTS(multi)', 'ZeroShotClassification', 'Compositionality', 'AudioClustering', 'AudioMultilabelClassification', 'AudioReranking', 'AudioZeroshotClassification', 'AudioClassification', 'AudioPairClassification', 'VideoClassification', 'VideoClustering', 'VideoMultilabelClassification', 'VideoPairClassification', 'VideoZeroshotClassification', 'VideoCentricQA')], prompt types [['query', 'document']], and task names\n"}
,{"stream_name":"stderr","time":945.603662769,"data":"  self.model_prompts = _resolve_model_prompts(self.model, model_prompts)\n"}
,{"stream_name":"stderr","time":945.603666718,"data":"\n"}
,{"stream_name":"stderr","time":945.603670067,"data":"/usr/local/lib/python3.13/dist-packages/mteb/models/sentence_transformer_wrapper.py:430: UserWarning: Some prompts are not in the expected format and will be ignored. Problems:\n"}
,{"stream_name":"stderr","time":945.603673941,"data":"\n"}
,{"stream_name":"stderr","time":945.603677774,"data":"Task name CodeRetrieval is not valid. Valid keys are task types [('BitextMining', 'Classification', 'MultilabelClassification', 'Clustering', 'PairClassification', 'Regression', 'Reranking', 'Retrieval', 'STS', 'Summarization', 'InstructionRetrieval', 'InstructionReranking', 'Any2AnyReranking', 'Any2AnyRetrieval', 'Any2AnyMultilingualRetrieval', 'VisionCentricQA', 'ImageClustering', 'ImageClassification', 'DocumentUnderstanding', 'VisualSTS(eng)', 'VisualSTS(multi)', 'ZeroShotClassification', 'Compositionality', 'AudioClustering', 'AudioMultilabelClassification', 'AudioReranking', 'AudioZeroshotClassification', 'AudioClassification', 'AudioPairClassification', 'VideoClassification', 'VideoClustering', 'VideoMultilabelClassification', 'VideoPairClassification', 'VideoZeroshotClassification', 'VideoCentricQA')], prompt types [['query', 'document']], and task names\n"}
,{"stream_name":"stderr","time":945.60368409,"data":"Task name FactChecking is not valid. Valid keys are task types [('BitextMining', 'Classification', 'MultilabelClassification', 'Clustering', 'PairClassification', 'Regression', 'Reranking', 'Retrieval', 'STS', 'Summarization', 'InstructionRetrieval', 'InstructionReranking', 'Any2AnyReranking', 'Any2AnyRetrieval', 'Any2AnyMultilingualRetrieval', 'VisionCentricQA', 'ImageClustering', 'ImageClassification', 'DocumentUnderstanding', 'VisualSTS(eng)', 'VisualSTS(multi)', 'ZeroShotClassification', 'Compositionality', 'AudioClustering', 'AudioMultilabelClassification', 'AudioReranking', 'AudioZeroshotClassification', 'AudioClassification', 'AudioPairClassification', 'VideoClassification', 'VideoClustering', 'VideoMultilabelClassification', 'VideoPairClassification', 'VideoZeroshotClassification', 'VideoCentricQA')], prompt types [['query', 'document']], and task names\n"}
,{"stream_name":"stderr","time":945.603690398,"data":"Task name SentenceSimilarity is not valid. Valid keys are task types [('BitextMining', 'Classification', 'MultilabelClassification', 'Clustering', 'PairClassification', 'Regression', 'Reranking', 'Retrieval', 'STS', 'Summarization', 'InstructionRetrieval', 'InstructionReranking', 'Any2AnyReranking', 'Any2AnyRetrieval', 'Any2AnyMultilingualRetrieval', 'VisionCentricQA', 'ImageClustering', 'ImageClassification', 'DocumentUnderstanding', 'VisualSTS(eng)', 'VisualSTS(multi)', 'ZeroShotClassification', 'Compositionality', 'AudioClustering', 'AudioMultilabelClassification', 'AudioReranking', 'AudioZeroshotClassification', 'AudioClassification', 'AudioPairClassification', 'VideoClassification', 'VideoClustering', 'VideoMultilabelClassification', 'VideoPairClassification', 'VideoZeroshotClassification', 'VideoCentricQA')], prompt types [['query', 'document']], and task names\n"}
,{"stream_name":"stderr","time":945.603695883,"data":"Task name QuestionAnswering is not valid. Valid keys are task types [('BitextMining', 'Classification', 'MultilabelClassification', 'Clustering', 'PairClassification', 'Regression', 'Reranking', 'Retrieval', 'STS', 'Summarization', 'InstructionRetrieval', 'InstructionReranking', 'Any2AnyReranking', 'Any2AnyRetrieval', 'Any2AnyMultilingualRetrieval', 'VisionCentricQA', 'ImageClustering', 'ImageClassification', 'DocumentUnderstanding', 'VisualSTS(eng)', 'VisualSTS(multi)', 'ZeroShotClassification', 'Compositionality', 'AudioClustering', 'AudioMultilabelClassification', 'AudioReranking', 'AudioZeroshotClassification', 'AudioClassification', 'AudioPairClassification', 'VideoClassification', 'VideoClustering', 'VideoMultilabelClassification', 'VideoPairClassification', 'VideoZeroshotClassification', 'VideoCentricQA')], prompt types [['query', 'document']], and task names\n"}
,{"stream_name":"stderr","time":945.603704726,"data":"Task name SearchQuery is not valid. Valid keys are task types [('BitextMining', 'Classification', 'MultilabelClassification', 'Clustering', 'PairClassification', 'Regression', 'Reranking', 'Retrieval', 'STS', 'Summarization', 'InstructionRetrieval', 'InstructionReranking', 'Any2AnyReranking', 'Any2AnyRetrieval', 'Any2AnyMultilingualRetrieval', 'VisionCentricQA', 'ImageClustering', 'ImageClassification', 'DocumentUnderstanding', 'VisualSTS(eng)', 'VisualSTS(multi)', 'ZeroShotClassification', 'Compositionality', 'AudioClustering', 'AudioMultilabelClassification', 'AudioReranking', 'AudioZeroshotClassification', 'AudioClassification', 'AudioPairClassification', 'VideoClassification', 'VideoClustering', 'VideoMultilabelClassification', 'VideoPairClassification', 'VideoZeroshotClassification', 'VideoCentricQA')], prompt types [['query', 'document']], and task names\n"}
,{"stream_name":"stderr","time":945.603710935,"data":"Task name Document is not valid. Valid keys are task types [('BitextMining', 'Classification', 'MultilabelClassification', 'Clustering', 'PairClassification', 'Regression', 'Reranking', 'Retrieval', 'STS', 'Summarization', 'InstructionRetrieval', 'InstructionReranking', 'Any2AnyReranking', 'Any2AnyRetrieval', 'Any2AnyMultilingualRetrieval', 'VisionCentricQA', 'ImageClustering', 'ImageClassification', 'DocumentUnderstanding', 'VisualSTS(eng)', 'VisualSTS(multi)', 'ZeroShotClassification', 'Compositionality', 'AudioClustering', 'AudioMultilabelClassification', 'AudioReranking', 'AudioZeroshotClassification', 'AudioClassification', 'AudioPairClassification', 'VideoClassification', 'VideoClustering', 'VideoMultilabelClassification', 'VideoPairClassification', 'VideoZeroshotClassification', 'VideoCentricQA')], prompt types [['query', 'document']], and task names\n"}
,{"stream_name":"stderr","time":945.603716893,"data":"  self.model_prompts = _resolve_model_prompts(self.model, model_prompts)\n"}
,{"stream_name":"stderr","time":1003.57154969,"data":"/usr/local/lib/python3.13/dist-packages/sklearn/metrics/_classification.py:1565: UndefinedMetricWarning: Precision is ill-defined and being set to 0.0 in labels with no predicted samples. Use `zero_division` parameter to control this behavior.\n"}
,{"stream_name":"stderr","time":1003.571585194,"data":"  _warn_prf(average, modifier, f\"{metric.capitalize()} is\", len(result))\n"}
,{"stream_name":"stderr","time":1003.571591208,"data":"/usr/local/lib/python3.13/dist-packages/sklearn/metrics/_classification.py:1565: UndefinedMetricWarning: Precision is ill-defined and being set to 0.0 in labels with no predicted samples. Use `zero_division` parameter to control this behavior.\n"}
,{"stream_name":"stderr","time":1003.571596559,"data":"  _warn_prf(average, modifier, f\"{metric.capitalize()} is\", len(result))\n"}
,{"stream_name":"stderr","time":1003.57160184,"data":"\n"}
,{"stream_name":"stderr","time":1003.571606789,"data":"/usr/local/lib/python3.13/dist-packages/sklearn/metrics/_classification.py:1565: UndefinedMetricWarning: Precision is ill-defined and being set to 0.0 in labels with no predicted samples. Use `zero_division` parameter to control this behavior.\n"}
,{"stream_name":"stderr","time":1003.571621063,"data":"  _warn_prf(average, modifier, f\"{metric.capitalize()} is\", len(result))\n"}
,{"stream_name":"stderr","time":1003.57162613,"data":"/usr/local/lib/python3.13/dist-packages/sklearn/metrics/_classification.py:1565: UndefinedMetricWarning: Precision is ill-defined and being set to 0.0 in labels with no predicted samples. Use `zero_division` parameter to control this behavior.\n"}
,{"stream_name":"stderr","time":1003.571634784,"data":"  _warn_prf(average, modifier, f\"{metric.capitalize()} is\", len(result))\n"}
,{"stream_name":"stderr","time":1005.355331475,"data":"/usr/local/lib/python3.13/dist-packages/sklearn/metrics/_classification.py:1565: UndefinedMetricWarning: Precision is ill-defined and being set to 0.0 in labels with no predicted samples. Use `zero_division` parameter to control this behavior.\n"}
,{"stream_name":"stderr","time":1005.35536212,"data":"  _warn_prf(average, modifier, f\"{metric.capitalize()} is\", len(result))\n"}
,{"stream_name":"stderr","time":1005.355367779,"data":"/usr/local/lib/python3.13/dist-packages/sklearn/metrics/_classification.py:1565: UndefinedMetricWarning: Precision is ill-defined and being set to 0.0 in labels with no predicted samples. Use `zero_division` parameter to control this behavior.\n"}
,{"stream_name":"stderr","time":1005.355372878,"data":"  _warn_prf(average, modifier, f\"{metric.capitalize()} is\", len(result))\n"}
,{"stream_name":"stderr","time":1005.355377825,"data":"\n"}
,{"stream_name":"stderr","time":1005.355382129,"data":"/usr/local/lib/python3.13/dist-packages/sklearn/metrics/_classification.py:1565: UndefinedMetricWarning: Precision is ill-defined and being set to 0.0 in labels with no predicted samples. Use `zero_division` parameter to control this behavior.\n"}
,{"stream_name":"stderr","time":1005.355387589,"data":"  _warn_prf(average, modifier, f\"{metric.capitalize()} is\", len(result))\n"}
,{"stream_name":"stderr","time":1005.355392805,"data":"/usr/local/lib/python3.13/dist-packages/sklearn/metrics/_classification.py:1565: UndefinedMetricWarning: Precision is ill-defined and being set to 0.0 in labels with no predicted samples. Use `zero_division` parameter to control this behavior.\n"}
,{"stream_name":"stderr","time":1005.355398064,"data":"  _warn_prf(average, modifier, f\"{metric.capitalize()} is\", len(result))\n"}
,{"stream_name":"stderr","time":1007.217740968,"data":"/usr/local/lib/python3.13/dist-packages/sklearn/metrics/_classification.py:1565: UndefinedMetricWarning: Precision is ill-defined and being set to 0.0 in labels with no predicted samples. Use `zero_division` parameter to control this behavior.\n"}
,{"stream_name":"stderr","time":1007.217766249,"data":"  _warn_prf(average, modifier, f\"{metric.capitalize()} is\", len(result))\n"}
,{"stream_name":"stderr","time":1007.217771813,"data":"/usr/local/lib/python3.13/dist-packages/sklearn/metrics/_classification.py:1565: UndefinedMetricWarning: Precision is ill-defined and being set to 0.0 in labels with no predicted samples. Use `zero_division` parameter to control this behavior.\n"}
,{"stream_name":"stderr","time":1007.217776853,"data":"  _warn_prf(average, modifier, f\"{metric.capitalize()} is\", len(result))\n"}
,{"stream_name":"stderr","time":1007.217780505,"data":"\n"}
,{"stream_name":"stderr","time":1007.217783795,"data":"/usr/local/lib/python3.13/dist-packages/sklearn/metrics/_classification.py:1565: UndefinedMetricWarning: Precision is ill-defined and being set to 0.0 in labels with no predicted samples. Use `zero_division` parameter to control this behavior.\n"}
,{"stream_name":"stderr","time":1007.217787913,"data":"  _warn_prf(average, modifier, f\"{metric.capitalize()} is\", len(result))\n"}
,{"stream_name":"stderr","time":1007.217793001,"data":"/usr/local/lib/python3.13/dist-packages/sklearn/metrics/_classification.py:1565: UndefinedMetricWarning: Precision is ill-defined and being set to 0.0 in labels with no predicted samples. Use `zero_division` parameter to control this behavior.\n"}
,{"stream_name":"stderr","time":1007.217812059,"data":"  _warn_prf(average, modifier, f\"{metric.capitalize()} is\", len(result))\n"}
,{"stream_name":"stderr","time":1008.797871972,"data":"/usr/local/lib/python3.13/dist-packages/sklearn/metrics/_classification.py:1565: UndefinedMetricWarning: Precision is ill-defined and being set to 0.0 in labels with no predicted samples. Use `zero_division` parameter to control this behavior.\n"}
,{"stream_name":"stderr","time":1008.797896886,"data":"  _warn_prf(average, modifier, f\"{metric.capitalize()} is\", len(result))\n"}
,{"stream_name":"stderr","time":1008.797901796,"data":"/usr/local/lib/python3.13/dist-packages/sklearn/metrics/_classification.py:1565: UndefinedMetricWarning: Precision is ill-defined and being set to 0.0 in labels with no predicted samples. Use `zero_division` parameter to control this behavior.\n"}
,{"stream_name":"stderr","time":1008.797906229,"data":"  _warn_prf(average, modifier, f\"{metric.capitalize()} is\", len(result))\n"}
,{"stream_name":"stderr","time":1008.797909984,"data":"\n"}
,{"stream_name":"stderr","time":1008.797913422,"data":"/usr/local/lib/python3.13/dist-packages/sklearn/metrics/_classification.py:1565: UndefinedMetricWarning: Precision is ill-defined and being set to 0.0 in labels with no predicted samples. Use `zero_division` parameter to control this behavior.\n"}
,{"stream_name":"stderr","time":1008.797917732,"data":"  _warn_prf(average, modifier, f\"{metric.capitalize()} is\", len(result))\n"}
,{"stream_name":"stderr","time":1008.797923394,"data":"/usr/local/lib/python3.13/dist-packages/sklearn/metrics/_classification.py:1565: UndefinedMetricWarning: Precision is ill-defined and being set to 0.0 in labels with no predicted samples. Use `zero_division` parameter to control this behavior.\n"}
,{"stream_name":"stderr","time":1008.797927702,"data":"  _warn_prf(average, modifier, f\"{metric.capitalize()} is\", len(result))\n"}
,{"stream_name":"stderr","time":1010.448602494,"data":"/usr/local/lib/python3.13/dist-packages/sklearn/metrics/_classification.py:1565: UndefinedMetricWarning: Precision is ill-defined and being set to 0.0 in labels with no predicted samples. Use `zero_division` parameter to control this behavior.\n"}
,{"stream_name":"stderr","time":1010.448632522,"data":"  _warn_prf(average, modifier, f\"{metric.capitalize()} is\", len(result))\n"}
,{"stream_name":"stderr","time":1010.448637487,"data":"/usr/local/lib/python3.13/dist-packages/sklearn/metrics/_classification.py:1565: UndefinedMetricWarning: Precision is ill-defined and being set to 0.0 in labels with no predicted samples. Use `zero_division` parameter to control this behavior.\n"}
,{"stream_name":"stderr","time":1010.448641761,"data":"  _warn_prf(average, modifier, f\"{metric.capitalize()} is\", len(result))\n"}
,{"stream_name":"stderr","time":1010.448645454,"data":"\n"}
,{"stream_name":"stderr","time":1010.448648556,"data":"/usr/local/lib/python3.13/dist-packages/sklearn/metrics/_classification.py:1565: UndefinedMetricWarning: Precision is ill-defined and being set to 0.0 in labels with no predicted samples. Use `zero_division` parameter to control this behavior.\n"}
,{"stream_name":"stderr","time":1010.448652456,"data":"  _warn_prf(average, modifier, f\"{metric.capitalize()} is\", len(result))\n"}
,{"stream_name":"stderr","time":1010.448656046,"data":"/usr/local/lib/python3.13/dist-packages/sklearn/metrics/_classification.py:1565: UndefinedMetricWarning: Precision is ill-defined and being set to 0.0 in labels with no predicted samples. Use `zero_division` parameter to control this behavior.\n"}
,{"stream_name":"stderr","time":1010.448660044,"data":"  _warn_prf(average, modifier, f\"{metric.capitalize()} is\", len(result))\n"}
,{"stream_name":"stderr","time":1010.747554951,"data":"/usr/local/lib/python3.13/dist-packages/sklearn/metrics/_classification.py:1565: UndefinedMetricWarning: Recall is ill-defined and being set to 0.0 in labels with no true samples. Use `zero_division` parameter to control this behavior.\n"}
,{"stream_name":"stderr","time":1010.74758658,"data":"  _warn_prf(average, modifier, f\"{metric.capitalize()} is\", len(result))\n"}
,{"stream_name":"stderr","time":1010.747591265,"data":"/usr/local/lib/python3.13/dist-packages/sklearn/metrics/_classification.py:1565: UndefinedMetricWarning: Recall is ill-defined and being set to 0.0 in labels with no true samples. Use `zero_division` parameter to control this behavior.\n"}
,{"stream_name":"stderr","time":1010.74759588,"data":"  _warn_prf(average, modifier, f\"{metric.capitalize()} is\", len(result))\n"}
,{"stream_name":"stderr","time":1010.747600023,"data":"\n"}
,{"stream_name":"stderr","time":1010.747603535,"data":"/usr/local/lib/python3.13/dist-packages/sklearn/metrics/_classification.py:1565: UndefinedMetricWarning: Recall is ill-defined and being set to 0.0 in labels with no true samples. Use `zero_division` parameter to control this behavior.\n"}
,{"stream_name":"stderr","time":1010.747607958,"data":"  _warn_prf(average, modifier, f\"{metric.capitalize()} is\", len(result))\n"}
,{"stream_name":"stderr","time":1010.747611802,"data":"/usr/local/lib/python3.13/dist-packages/sklearn/metrics/_classification.py:1565: UndefinedMetricWarning: Recall is ill-defined and being set to 0.0 in labels with no true samples. Use `zero_division` parameter to control this behavior.\n"}
,{"stream_name":"stderr","time":1010.747616178,"data":"  _warn_prf(average, modifier, f\"{metric.capitalize()} is\", len(result))\n"}
,{"stream_name":"stderr","time":1012.119460006,"data":"/usr/local/lib/python3.13/dist-packages/sklearn/metrics/_classification.py:1565: UndefinedMetricWarning: Precision is ill-defined and being set to 0.0 in labels with no predicted samples. Use `zero_division` parameter to control this behavior.\n"}
,{"stream_name":"stderr","time":1012.119487051,"data":"  _warn_prf(average, modifier, f\"{metric.capitalize()} is\", len(result))\n"}
,{"stream_name":"stderr","time":1012.119492027,"data":"/usr/local/lib/python3.13/dist-packages/sklearn/metrics/_classification.py:1565: UndefinedMetricWarning: Precision is ill-defined and being set to 0.0 in labels with no predicted samples. Use `zero_division` parameter to control this behavior.\n"}
,{"stream_name":"stderr","time":1012.119496764,"data":"  _warn_prf(average, modifier, f\"{metric.capitalize()} is\", len(result))\n"}
,{"stream_name":"stderr","time":1012.119500609,"data":"\n"}
,{"stream_name":"stderr","time":1012.119504073,"data":"/usr/local/lib/python3.13/dist-packages/sklearn/metrics/_classification.py:1565: UndefinedMetricWarning: Precision is ill-defined and being set to 0.0 in labels with no predicted samples. Use `zero_division` parameter to control this behavior.\n"}
,{"stream_name":"stderr","time":1012.11950788,"data":"  _warn_prf(average, modifier, f\"{metric.capitalize()} is\", len(result))\n"}
,{"stream_name":"stderr","time":1012.11951134,"data":"/usr/local/lib/python3.13/dist-packages/sklearn/metrics/_classification.py:1565: UndefinedMetricWarning: Precision is ill-defined and being set to 0.0 in labels with no predicted samples. Use `zero_division` parameter to control this behavior.\n"}
,{"stream_name":"stderr","time":1012.119515246,"data":"  _warn_prf(average, modifier, f\"{metric.capitalize()} is\", len(result))\n"}
,{"stream_name":"stderr","time":1014.372600479,"data":"/usr/local/lib/python3.13/dist-packages/sklearn/metrics/_classification.py:1565: UndefinedMetricWarning: Precision is ill-defined and being set to 0.0 in labels with no predicted samples. Use `zero_division` parameter to control this behavior.\n"}
,{"stream_name":"stderr","time":1014.372653175,"data":"  _warn_prf(average, modifier, f\"{metric.capitalize()} is\", len(result))\n"}
,{"stream_name":"stderr","time":1014.372659526,"data":"/usr/local/lib/python3.13/dist-packages/sklearn/metrics/_classification.py:1565: UndefinedMetricWarning: Precision is ill-defined and being set to 0.0 in labels with no predicted samples. Use `zero_division` parameter to control this behavior.\n"}
,{"stream_name":"stderr","time":1014.372663848,"data":"  _warn_prf(average, modifier, f\"{metric.capitalize()} is\", len(result))\n"}
,{"stream_name":"stderr","time":1014.372667483,"data":"\n"}
,{"stream_name":"stderr","time":1014.372670677,"data":"/usr/local/lib/python3.13/dist-packages/sklearn/metrics/_classification.py:1565: UndefinedMetricWarning: Precision is ill-defined and being set to 0.0 in labels with no predicted samples. Use `zero_division` parameter to control this behavior.\n"}
,{"stream_name":"stderr","time":1014.372674645,"data":"  _warn_prf(average, modifier, f\"{metric.capitalize()} is\", len(result))\n"}
,{"stream_name":"stderr","time":1014.372678253,"data":"/usr/local/lib/python3.13/dist-packages/sklearn/metrics/_classification.py:1565: UndefinedMetricWarning: Precision is ill-defined and being set to 0.0 in labels with no predicted samples. Use `zero_division` parameter to control this behavior.\n"}
,{"stream_name":"stderr","time":1014.372682193,"data":"  _warn_prf(average, modifier, f\"{metric.capitalize()} is\", len(result))\n"}
,{"stream_name":"stderr","time":1016.773612465,"data":"/usr/local/lib/python3.13/dist-packages/sklearn/metrics/_classification.py:1565: UndefinedMetricWarning: Precision is ill-defined and being set to 0.0 in labels with no predicted samples. Use `zero_division` parameter to control this behavior.\n"}
,{"stream_name":"stderr","time":1016.773645683,"data":"  _warn_prf(average, modifier, f\"{metric.capitalize()} is\", len(result))\n"}
,{"stream_name":"stderr","time":1016.773651073,"data":"/usr/local/lib/python3.13/dist-packages/sklearn/metrics/_classification.py:1565: UndefinedMetricWarning: Precision is ill-defined and being set to 0.0 in labels with no predicted samples. Use `zero_division` parameter to control this behavior.\n"}
,{"stream_name":"stderr","time":1016.773655458,"data":"  _warn_prf(average, modifier, f\"{metric.capitalize()} is\", len(result))\n"}
,{"stream_name":"stderr","time":1016.773659471,"data":"\n"}
,{"stream_name":"stderr","time":1016.773662768,"data":"/usr/local/lib/python3.13/dist-packages/sklearn/metrics/_classification.py:1565: UndefinedMetricWarning: Precision is ill-defined and being set to 0.0 in labels with no predicted samples. Use `zero_division` parameter to control this behavior.\n"}
,{"stream_name":"stderr","time":1016.773666976,"data":"  _warn_prf(average, modifier, f\"{metric.capitalize()} is\", len(result))\n"}
,{"stream_name":"stderr","time":1016.77367078,"data":"/usr/local/lib/python3.13/dist-packages/sklearn/metrics/_classification.py:1565: UndefinedMetricWarning: Precision is ill-defined and being set to 0.0 in labels with no predicted samples. Use `zero_division` parameter to control this behavior.\n"}
,{"stream_name":"stderr","time":1016.773678276,"data":"  _warn_prf(average, modifier, f\"{metric.capitalize()} is\", len(result))\n"}
,{"stream_name":"stderr","time":1017.069910181,"data":"/usr/local/lib/python3.13/dist-packages/sklearn/metrics/_classification.py:1565: UndefinedMetricWarning: Recall is ill-defined and being set to 0.0 in labels with no true samples. Use `zero_division` parameter to control this behavior.\n"}
,{"stream_name":"stderr","time":1017.069937899,"data":"  _warn_prf(average, modifier, f\"{metric.capitalize()} is\", len(result))\n"}
,{"stream_name":"stderr","time":1017.069942768,"data":"/usr/local/lib/python3.13/dist-packages/sklearn/metrics/_classification.py:1565: UndefinedMetricWarning: Recall is ill-defined and being set to 0.0 in labels with no true samples. Use `zero_division` parameter to control this behavior.\n"}
,{"stream_name":"stderr","time":1017.069959971,"data":"  _warn_prf(average, modifier, f\"{metric.capitalize()} is\", len(result))\n"}
,{"stream_name":"stderr","time":1017.069963993,"data":"\n"}
,{"stream_name":"stderr","time":1017.069967455,"data":"/usr/local/lib/python3.13/dist-packages/sklearn/metrics/_classification.py:1565: UndefinedMetricWarning: Recall is ill-defined and being set to 0.0 in labels with no true samples. Use `zero_division` parameter to control this behavior.\n"}
,{"stream_name":"stderr","time":1017.069972053,"data":"  _warn_prf(average, modifier, f\"{metric.capitalize()} is\", len(result))\n"}
,{"stream_name":"stderr","time":1017.069975753,"data":"/usr/local/lib/python3.13/dist-packages/sklearn/metrics/_classification.py:1565: UndefinedMetricWarning: Recall is ill-defined and being set to 0.0 in labels with no true samples. Use `zero_division` parameter to control this behavior.\n"}
,{"stream_name":"stderr","time":1017.069979835,"data":"  _warn_prf(average, modifier, f\"{metric.capitalize()} is\", len(result))\n"}
,{"stream_name":"stderr","time":1019.154283089,"data":"/usr/local/lib/python3.13/dist-packages/sklearn/metrics/_classification.py:1565: UndefinedMetricWarning: Precision is ill-defined and being set to 0.0 in labels with no predicted samples. Use `zero_division` parameter to control this behavior.\n"}
,{"stream_name":"stderr","time":1019.154312727,"data":"  _warn_prf(average, modifier, f\"{metric.capitalize()} is\", len(result))\n"}
,{"stream_name":"stderr","time":1019.154317914,"data":"/usr/local/lib/python3.13/dist-packages/sklearn/metrics/_classification.py:1565: UndefinedMetricWarning: Precision is ill-defined and being set to 0.0 in labels with no predicted samples. Use `zero_division` parameter to control this behavior.\n"}
,{"stream_name":"stderr","time":1019.154322311,"data":"  _warn_prf(average, modifier, f\"{metric.capitalize()} is\", len(result))\n"}
,{"stream_name":"stderr","time":1019.154326009,"data":"\n"}
,{"stream_name":"stderr","time":1019.154329228,"data":"/usr/local/lib/python3.13/dist-packages/sklearn/metrics/_classification.py:1565: UndefinedMetricWarning: Precision is ill-defined and being set to 0.0 in labels with no predicted samples. Use `zero_division` parameter to control this behavior.\n"}
,{"stream_name":"stderr","time":1019.154333393,"data":"  _warn_prf(average, modifier, f\"{metric.capitalize()} is\", len(result))\n"}
,{"stream_name":"stderr","time":1019.15433712,"data":"/usr/local/lib/python3.13/dist-packages/sklearn/metrics/_classification.py:1565: UndefinedMetricWarning: Precision is ill-defined and being set to 0.0 in labels with no predicted samples. Use `zero_division` parameter to control this behavior.\n"}
,{"stream_name":"stderr","time":1019.154341274,"data":"  _warn_prf(average, modifier, f\"{metric.capitalize()} is\", len(result))\n"}
,{"stream_name":"stderr","time":1020.886071934,"data":"/usr/local/lib/python3.13/dist-packages/sklearn/metrics/_classification.py:1565: UndefinedMetricWarning: Precision is ill-defined and being set to 0.0 in labels with no predicted samples. Use `zero_division` parameter to control this behavior.\n"}
,{"stream_name":"stderr","time":1020.886148328,"data":"  _warn_prf(average, modifier, f\"{metric.capitalize()} is\", len(result))\n"}
,{"stream_name":"stderr","time":1020.886157759,"data":"/usr/local/lib/python3.13/dist-packages/sklearn/metrics/_classification.py:1565: UndefinedMetricWarning: Precision is ill-defined and being set to 0.0 in labels with no predicted samples. Use `zero_division` parameter to control this behavior.\n"}
,{"stream_name":"stderr","time":1020.886162898,"data":"  _warn_prf(average, modifier, f\"{metric.capitalize()} is\", len(result))\n"}
,{"stream_name":"stderr","time":1020.886181297,"data":"\n"}
,{"stream_name":"stderr","time":1020.886185519,"data":"/usr/local/lib/python3.13/dist-packages/sklearn/metrics/_classification.py:1565: UndefinedMetricWarning: Precision is ill-defined and being set to 0.0 in labels with no predicted samples. Use `zero_division` parameter to control this behavior.\n"}
,{"stream_name":"stderr","time":1020.886189848,"data":"  _warn_prf(average, modifier, f\"{metric.capitalize()} is\", len(result))\n"}
,{"stream_name":"stderr","time":1020.886193929,"data":"/usr/local/lib/python3.13/dist-packages/sklearn/metrics/_classification.py:1565: UndefinedMetricWarning: Precision is ill-defined and being set to 0.0 in labels with no predicted samples. Use `zero_division` parameter to control this behavior.\n"}
,{"stream_name":"stderr","time":1020.886198319,"data":"  _warn_prf(average, modifier, f\"{metric.capitalize()} is\", len(result))\n"}
,{"stream_name":"stderr","time":1073.827290546,"data":"/usr/local/lib/python3.13/dist-packages/mteb/models/model_meta.py:969: FutureWarning: The `get_sentence_embedding_dimension` method has been renamed to `get_embedding_dimension`.\n"}
,{"stream_name":"stderr","time":1073.827337363,"data":"  embedding_dimensions = model.get_sentence_embedding_dimension()\n"}
,{"stream_name":"stderr","time":1073.82734165,"data":"/usr/local/lib/python3.13/dist-packages/mteb/models/model_meta.py:929: FutureWarning: The `get_sentence_embedding_dimension` method has been renamed to `get_embedding_dimension`.\n"}
,{"stream_name":"stderr","time":1073.827345075,"data":"  embed_dim=model.get_sentence_embedding_dimension(),\n"}
,{"stream_name":"stderr","time":1073.827350115,"data":"Task name CodeRetrieval is not valid. Valid keys are task types [('BitextMining', 'Classification', 'MultilabelClassification', 'Clustering', 'PairClassification', 'Regression', 'Reranking', 'Retrieval', 'STS', 'Summarization', 'InstructionRetrieval', 'InstructionReranking', 'Any2AnyReranking', 'Any2AnyRetrieval', 'Any2AnyMultilingualRetrieval', 'VisionCentricQA', 'ImageClustering', 'ImageClassification', 'DocumentUnderstanding', 'VisualSTS(eng)', 'VisualSTS(multi)', 'ZeroShotClassification', 'Compositionality', 'AudioClustering', 'AudioMultilabelClassification', 'AudioReranking', 'AudioZeroshotClassification', 'AudioClassification', 'AudioPairClassification', 'VideoClassification', 'VideoClustering', 'VideoMultilabelClassification', 'VideoPairClassification', 'VideoZeroshotClassification', 'VideoCentricQA')], prompt types [['query', 'document']], and task names\n"}
,{"stream_name":"stderr","time":1073.827358348,"data":"\n"}
,{"stream_name":"stderr","time":1073.827361312,"data":"/usr/local/lib/python3.13/dist-packages/mteb/models/model_meta.py:969: FutureWarning: The `get_sentence_embedding_dimension` method has been renamed to `get_embedding_dimension`.\n"}
,{"stream_name":"stderr","time":1073.827364517,"data":"  embedding_dimensions = model.get_sentence_embedding_dimension()\n"}
,{"stream_name":"stderr","time":1073.827367693,"data":"/usr/local/lib/python3.13/dist-packages/mteb/models/model_meta.py:929: FutureWarning: The `get_sentence_embedding_dimension` method has been renamed to `get_embedding_dimension`.\n"}
,{"stream_name":"stderr","time":1073.827370932,"data":"  embed_dim=model.get_sentence_embedding_dimension(),\n"}
,{"stream_name":"stderr","time":1073.827375001,"data":"Task name CodeRetrieval is not valid. Valid keys are task types [('BitextMining', 'Classification', 'MultilabelClassification', 'Clustering', 'PairClassification', 'Regression', 'Reranking', 'Retrieval', 'STS', 'Summarization', 'InstructionRetrieval', 'InstructionReranking', 'Any2AnyReranking', 'Any2AnyRetrieval', 'Any2AnyMultilingualRetrieval', 'VisionCentricQA', 'ImageClustering', 'ImageClassification', 'DocumentUnderstanding', 'VisualSTS(eng)', 'VisualSTS(multi)', 'ZeroShotClassification', 'Compositionality', 'AudioClustering', 'AudioMultilabelClassification', 'AudioReranking', 'AudioZeroshotClassification', 'AudioClassification', 'AudioPairClassification', 'VideoClassification', 'VideoClustering', 'VideoMultilabelClassification', 'VideoPairClassification', 'VideoZeroshotClassification', 'VideoCentricQA')], prompt types [['query', 'document']], and task names\n"}
,{"stream_name":"stderr","time":1073.836190279,"data":"/usr/local/lib/python3.13/dist-packages/mteb/models/sentence_transformer_wrapper.py:150: UserWarning: Task name CodeRetrieval is not valid. Valid keys are task types [('BitextMining', 'Classification', 'MultilabelClassification', 'Clustering', 'PairClassification', 'Regression', 'Reranking', 'Retrieval', 'STS', 'Summarization', 'InstructionRetrieval', 'InstructionReranking', 'Any2AnyReranking', 'Any2AnyRetrieval', 'Any2AnyMultilingualRetrieval', 'VisionCentricQA', 'ImageClustering', 'ImageClassification', 'DocumentUnderstanding', 'VisualSTS(eng)', 'VisualSTS(multi)', 'ZeroShotClassification', 'Compositionality', 'AudioClustering', 'AudioMultilabelClassification', 'AudioReranking', 'AudioZeroshotClassification', 'AudioClassification', 'AudioPairClassification', 'VideoClassification', 'VideoClustering', 'VideoMultilabelClassification', 'VideoPairClassification', 'VideoZeroshotClassification', 'VideoCentricQA')], prompt types [['query', 'document']], and task names\n"}
,{"stream_name":"stderr","time":1073.836209568,"data":"  resolved_prompts, invalid_prompts = AbsEncoder.validate_task_to_prompt_name(\n"}
,{"stream_name":"stderr","time":1073.836213917,"data":"Task name Document is not valid. Valid keys are task types [('BitextMining', 'Classification', 'MultilabelClassification', 'Clustering', 'PairClassification', 'Regression', 'Reranking', 'Retrieval', 'STS', 'Summarization', 'InstructionRetrieval', 'InstructionReranking', 'Any2AnyReranking', 'Any2AnyRetrieval', 'Any2AnyMultilingualRetrieval', 'VisionCentricQA', 'ImageClustering', 'ImageClassification', 'DocumentUnderstanding', 'VisualSTS(eng)', 'VisualSTS(multi)', 'ZeroShotClassification', 'Compositionality', 'AudioClustering', 'AudioMultilabelClassification', 'AudioReranking', 'AudioZeroshotClassification', 'AudioClassification', 'AudioPairClassification', 'VideoClassification', 'VideoClustering', 'VideoMultilabelClassification', 'VideoPairClassification', 'VideoZeroshotClassification', 'VideoCentricQA')], prompt types [['query', 'document']], and task names\n"}
,{"stream_name":"stderr","time":1073.836220072,"data":"\n"}
,{"stream_name":"stderr","time":1073.836224528,"data":"/usr/local/lib/python3.13/dist-packages/mteb/models/sentence_transformer_wrapper.py:150: UserWarning: Task name CodeRetrieval is not valid. Valid keys are task types [('BitextMining', 'Classification', 'MultilabelClassification', 'Clustering', 'PairClassification', 'Regression', 'Reranking', 'Retrieval', 'STS', 'Summarization', 'InstructionRetrieval', 'InstructionReranking', 'Any2AnyReranking', 'Any2AnyRetrieval', 'Any2AnyMultilingualRetrieval', 'VisionCentricQA', 'ImageClustering', 'ImageClassification', 'DocumentUnderstanding', 'VisualSTS(eng)', 'VisualSTS(multi)', 'ZeroShotClassification', 'Compositionality', 'AudioClustering', 'AudioMultilabelClassification', 'AudioReranking', 'AudioZeroshotClassification', 'AudioClassification', 'AudioPairClassification', 'VideoClassification', 'VideoClustering', 'VideoMultilabelClassification', 'VideoPairClassification', 'VideoZeroshotClassification', 'VideoCentricQA')], prompt types [['query', 'document']], and task names\n"}
,{"stream_name":"stderr","time":1073.836230374,"data":"  resolved_prompts, invalid_prompts = AbsEncoder.validate_task_to_prompt_name(\n"}
,{"stream_name":"stderr","time":1073.836235414,"data":"Task name Document is not valid. Valid keys are task types [('BitextMining', 'Classification', 'MultilabelClassification', 'Clustering', 'PairClassification', 'Regression', 'Reranking', 'Retrieval', 'STS', 'Summarization', 'InstructionRetrieval', 'InstructionReranking', 'Any2AnyReranking', 'Any2AnyRetrieval', 'Any2AnyMultilingualRetrieval', 'VisionCentricQA', 'ImageClustering', 'ImageClassification', 'DocumentUnderstanding', 'VisualSTS(eng)', 'VisualSTS(multi)', 'ZeroShotClassification', 'Compositionality', 'AudioClustering', 'AudioMultilabelClassification', 'AudioReranking', 'AudioZeroshotClassification', 'AudioClassification', 'AudioPairClassification', 'VideoClassification', 'VideoClustering', 'VideoMultilabelClassification', 'VideoPairClassification', 'VideoZeroshotClassification', 'VideoCentricQA')], prompt types [['query', 'document']], and task names\n"}
,{"stream_name":"stderr","time":1073.837772591,"data":"/usr/local/lib/python3.13/dist-packages/mteb/models/sentence_transformer_wrapper.py:150: UserWarning: Task name Document is not valid. Valid keys are task types [('BitextMining', 'Classification', 'MultilabelClassification', 'Clustering', 'PairClassification', 'Regression', 'Reranking', 'Retrieval', 'STS', 'Summarization', 'InstructionRetrieval', 'InstructionReranking', 'Any2AnyReranking', 'Any2AnyRetrieval', 'Any2AnyMultilingualRetrieval', 'VisionCentricQA', 'ImageClustering', 'ImageClassification', 'DocumentUnderstanding', 'VisualSTS(eng)', 'VisualSTS(multi)', 'ZeroShotClassification', 'Compositionality', 'AudioClustering', 'AudioMultilabelClassification', 'AudioReranking', 'AudioZeroshotClassification', 'AudioClassification', 'AudioPairClassification', 'VideoClassification', 'VideoClustering', 'VideoMultilabelClassification', 'VideoPairClassification', 'VideoZeroshotClassification', 'VideoCentricQA')], prompt types [['query', 'document']], and task names\n"}
,{"stream_name":"stderr","time":1073.837793067,"data":"  resolved_prompts, invalid_prompts = AbsEncoder.validate_task_to_prompt_name(\n"}
,{"stream_name":"stderr","time":1073.837797481,"data":"Task name FactChecking is not valid. Valid keys are task types [('BitextMining', 'Classification', 'MultilabelClassification', 'Clustering', 'PairClassification', 'Regression', 'Reranking', 'Retrieval', 'STS', 'Summarization', 'InstructionRetrieval', 'InstructionReranking', 'Any2AnyReranking', 'Any2AnyRetrieval', 'Any2AnyMultilingualRetrieval', 'VisionCentricQA', 'ImageClustering', 'ImageClassification', 'DocumentUnderstanding', 'VisualSTS(eng)', 'VisualSTS(multi)', 'ZeroShotClassification', 'Compositionality', 'AudioClustering', 'AudioMultilabelClassification', 'AudioReranking', 'AudioZeroshotClassification', 'AudioClassification', 'AudioPairClassification', 'VideoClassification', 'VideoClustering', 'VideoMultilabelClassification', 'VideoPairClassification', 'VideoZeroshotClassification', 'VideoCentricQA')], prompt types [['query', 'document']], and task names\n"}
,{"stream_name":"stderr","time":1073.837811555,"data":"\n"}
,{"stream_name":"stderr","time":1073.837816236,"data":"/usr/local/lib/python3.13/dist-packages/mteb/models/sentence_transformer_wrapper.py:150: UserWarning: Task name Document is not valid. Valid keys are task types [('BitextMining', 'Classification', 'MultilabelClassification', 'Clustering', 'PairClassification', 'Regression', 'Reranking', 'Retrieval', 'STS', 'Summarization', 'InstructionRetrieval', 'InstructionReranking', 'Any2AnyReranking', 'Any2AnyRetrieval', 'Any2AnyMultilingualRetrieval', 'VisionCentricQA', 'ImageClustering', 'ImageClassification', 'DocumentUnderstanding', 'VisualSTS(eng)', 'VisualSTS(multi)', 'ZeroShotClassification', 'Compositionality', 'AudioClustering', 'AudioMultilabelClassification', 'AudioReranking', 'AudioZeroshotClassification', 'AudioClassification', 'AudioPairClassification', 'VideoClassification', 'VideoClustering', 'VideoMultilabelClassification', 'VideoPairClassification', 'VideoZeroshotClassification', 'VideoCentricQA')], prompt types [['query', 'document']], and task names\n"}
,{"stream_name":"stderr","time":1073.83782257,"data":"  resolved_prompts, invalid_prompts = AbsEncoder.validate_task_to_prompt_name(\n"}
,{"stream_name":"stderr","time":1073.837839384,"data":"Task name FactChecking is not valid. Valid keys are task types [('BitextMining', 'Classification', 'MultilabelClassification', 'Clustering', 'PairClassification', 'Regression', 'Reranking', 'Retrieval', 'STS', 'Summarization', 'InstructionRetrieval', 'InstructionReranking', 'Any2AnyReranking', 'Any2AnyRetrieval', 'Any2AnyMultilingualRetrieval', 'VisionCentricQA', 'ImageClustering', 'ImageClassification', 'DocumentUnderstanding', 'VisualSTS(eng)', 'VisualSTS(multi)', 'ZeroShotClassification', 'Compositionality', 'AudioClustering', 'AudioMultilabelClassification', 'AudioReranking', 'AudioZeroshotClassification', 'AudioClassification', 'AudioPairClassification', 'VideoClassification', 'VideoClustering', 'VideoMultilabelClassification', 'VideoPairClassification', 'VideoZeroshotClassification', 'VideoCentricQA')], prompt types [['query', 'document']], and task names\n"}
,{"stream_name":"stderr","time":1073.854014627,"data":"/usr/local/lib/python3.13/dist-packages/mteb/models/sentence_transformer_wrapper.py:150: UserWarning: Task name FactChecking is not valid. Valid keys are task types [('BitextMining', 'Classification', 'MultilabelClassification', 'Clustering', 'PairClassification', 'Regression', 'Reranking', 'Retrieval', 'STS', 'Summarization', 'InstructionRetrieval', 'InstructionReranking', 'Any2AnyReranking', 'Any2AnyRetrieval', 'Any2AnyMultilingualRetrieval', 'VisionCentricQA', 'ImageClustering', 'ImageClassification', 'DocumentUnderstanding', 'VisualSTS(eng)', 'VisualSTS(multi)', 'ZeroShotClassification', 'Compositionality', 'AudioClustering', 'AudioMultilabelClassification', 'AudioReranking', 'AudioZeroshotClassification', 'AudioClassification', 'AudioPairClassification', 'VideoClassification', 'VideoClustering', 'VideoMultilabelClassification', 'VideoPairClassification', 'VideoZeroshotClassification', 'VideoCentricQA')], prompt types [['query', 'document']], and task names\n"}
,{"stream_name":"stderr","time":1073.854032803,"data":"  resolved_prompts, invalid_prompts = AbsEncoder.validate_task_to_prompt_name(\n"}
,{"stream_name":"stderr","time":1073.854037306,"data":"Task name QuestionAnswering is not valid. Valid keys are task types [('BitextMining', 'Classification', 'MultilabelClassification', 'Clustering', 'PairClassification', 'Regression', 'Reranking', 'Retrieval', 'STS', 'Summarization', 'InstructionRetrieval', 'InstructionReranking', 'Any2AnyReranking', 'Any2AnyRetrieval', 'Any2AnyMultilingualRetrieval', 'VisionCentricQA', 'ImageClustering', 'ImageClassification', 'DocumentUnderstanding', 'VisualSTS(eng)', 'VisualSTS(multi)', 'ZeroShotClassification', 'Compositionality', 'AudioClustering', 'AudioMultilabelClassification', 'AudioReranking', 'AudioZeroshotClassification', 'AudioClassification', 'AudioPairClassification', 'VideoClassification', 'VideoClustering', 'VideoMultilabelClassification', 'VideoPairClassification', 'VideoZeroshotClassification', 'VideoCentricQA')], prompt types [['query', 'document']], and task names\n"}
,{"stream_name":"stderr","time":1073.854046153,"data":"\n"}
,{"stream_name":"stderr","time":1073.854050191,"data":"/usr/local/lib/python3.13/dist-packages/mteb/models/sentence_transformer_wrapper.py:150: UserWarning: Task name FactChecking is not valid. Valid keys are task types [('BitextMining', 'Classification', 'MultilabelClassification', 'Clustering', 'PairClassification', 'Regression', 'Reranking', 'Retrieval', 'STS', 'Summarization', 'InstructionRetrieval', 'InstructionReranking', 'Any2AnyReranking', 'Any2AnyRetrieval', 'Any2AnyMultilingualRetrieval', 'VisionCentricQA', 'ImageClustering', 'ImageClassification', 'DocumentUnderstanding', 'VisualSTS(eng)', 'VisualSTS(multi)', 'ZeroShotClassification', 'Compositionality', 'AudioClustering', 'AudioMultilabelClassification', 'AudioReranking', 'AudioZeroshotClassification', 'AudioClassification', 'AudioPairClassification', 'VideoClassification', 'VideoClustering', 'VideoMultilabelClassification', 'VideoPairClassification', 'VideoZeroshotClassification', 'VideoCentricQA')], prompt types [['query', 'document']], and task names\n"}
,{"stream_name":"stderr","time":1073.85406489,"data":"  resolved_prompts, invalid_prompts = AbsEncoder.validate_task_to_prompt_name(\n"}
,{"stream_name":"stderr","time":1073.854068954,"data":"Task name QuestionAnswering is not valid. Valid keys are task types [('BitextMining', 'Classification', 'MultilabelClassification', 'Clustering', 'PairClassification', 'Regression', 'Reranking', 'Retrieval', 'STS', 'Summarization', 'InstructionRetrieval', 'InstructionReranking', 'Any2AnyReranking', 'Any2AnyRetrieval', 'Any2AnyMultilingualRetrieval', 'VisionCentricQA', 'ImageClustering', 'ImageClassification', 'DocumentUnderstanding', 'VisualSTS(eng)', 'VisualSTS(multi)', 'ZeroShotClassification', 'Compositionality', 'AudioClustering', 'AudioMultilabelClassification', 'AudioReranking', 'AudioZeroshotClassification', 'AudioClassification', 'AudioPairClassification', 'VideoClassification', 'VideoClustering', 'VideoMultilabelClassification', 'VideoPairClassification', 'VideoZeroshotClassification', 'VideoCentricQA')], prompt types [['query', 'document']], and task names\n"}
,{"stream_name":"stderr","time":1073.854808703,"data":"/usr/local/lib/python3.13/dist-packages/mteb/models/sentence_transformer_wrapper.py:150: UserWarning: Task name QuestionAnswering is not valid. Valid keys are task types [('BitextMining', 'Classification', 'MultilabelClassification', 'Clustering', 'PairClassification', 'Regression', 'Reranking', 'Retrieval', 'STS', 'Summarization', 'InstructionRetrieval', 'InstructionReranking', 'Any2AnyReranking', 'Any2AnyRetrieval', 'Any2AnyMultilingualRetrieval', 'VisionCentricQA', 'ImageClustering', 'ImageClassification', 'DocumentUnderstanding', 'VisualSTS(eng)', 'VisualSTS(multi)', 'ZeroShotClassification', 'Compositionality', 'AudioClustering', 'AudioMultilabelClassification', 'AudioReranking', 'AudioZeroshotClassification', 'AudioClassification', 'AudioPairClassification', 'VideoClassification', 'VideoClustering', 'VideoMultilabelClassification', 'VideoPairClassification', 'VideoZeroshotClassification', 'VideoCentricQA')], prompt types [['query', 'document']], and task names\n"}
,{"stream_name":"stderr","time":1073.854826417,"data":"  resolved_prompts, invalid_prompts = AbsEncoder.validate_task_to_prompt_name(\n"}
,{"stream_name":"stderr","time":1073.854830938,"data":"Task name SearchQuery is not valid. Valid keys are task types [('BitextMining', 'Classification', 'MultilabelClassification', 'Clustering', 'PairClassification', 'Regression', 'Reranking', 'Retrieval', 'STS', 'Summarization', 'InstructionRetrieval', 'InstructionReranking', 'Any2AnyReranking', 'Any2AnyRetrieval', 'Any2AnyMultilingualRetrieval', 'VisionCentricQA', 'ImageClustering', 'ImageClassification', 'DocumentUnderstanding', 'VisualSTS(eng)', 'VisualSTS(multi)', 'ZeroShotClassification', 'Compositionality', 'AudioClustering', 'AudioMultilabelClassification', 'AudioReranking', 'AudioZeroshotClassification', 'AudioClassification', 'AudioPairClassification', 'VideoClassification', 'VideoClustering', 'VideoMultilabelClassification', 'VideoPairClassification', 'VideoZeroshotClassification', 'VideoCentricQA')], prompt types [['query', 'document']], and task names\n"}
,{"stream_name":"stderr","time":1073.854836532,"data":"\n"}
,{"stream_name":"stderr","time":1073.8548404,"data":"/usr/local/lib/python3.13/dist-packages/mteb/models/sentence_transformer_wrapper.py:150: UserWarning: Task name QuestionAnswering is not valid. Valid keys are task types [('BitextMining', 'Classification', 'MultilabelClassification', 'Clustering', 'PairClassification', 'Regression', 'Reranking', 'Retrieval', 'STS', 'Summarization', 'InstructionRetrieval', 'InstructionReranking', 'Any2AnyReranking', 'Any2AnyRetrieval', 'Any2AnyMultilingualRetrieval', 'VisionCentricQA', 'ImageClustering', 'ImageClassification', 'DocumentUnderstanding', 'VisualSTS(eng)', 'VisualSTS(multi)', 'ZeroShotClassification', 'Compositionality', 'AudioClustering', 'AudioMultilabelClassification', 'AudioReranking', 'AudioZeroshotClassification', 'AudioClassification', 'AudioPairClassification', 'VideoClassification', 'VideoClustering', 'VideoMultilabelClassification', 'VideoPairClassification', 'VideoZeroshotClassification', 'VideoCentricQA')], prompt types [['query', 'document']], and task names\n"}
,{"stream_name":"stderr","time":1073.854853839,"data":"  resolved_prompts, invalid_prompts = AbsEncoder.validate_task_to_prompt_name(\n"}
,{"stream_name":"stderr","time":1073.854857921,"data":"Task name SearchQuery is not valid. Valid keys are task types [('BitextMining', 'Classification', 'MultilabelClassification', 'Clustering', 'PairClassification', 'Regression', 'Reranking', 'Retrieval', 'STS', 'Summarization', 'InstructionRetrieval', 'InstructionReranking', 'Any2AnyReranking', 'Any2AnyRetrieval', 'Any2AnyMultilingualRetrieval', 'VisionCentricQA', 'ImageClustering', 'ImageClassification', 'DocumentUnderstanding', 'VisualSTS(eng)', 'VisualSTS(multi)', 'ZeroShotClassification', 'Compositionality', 'AudioClustering', 'AudioMultilabelClassification', 'AudioReranking', 'AudioZeroshotClassification', 'AudioClassification', 'AudioPairClassification', 'VideoClassification', 'VideoClustering', 'VideoMultilabelClassification', 'VideoPairClassification', 'VideoZeroshotClassification', 'VideoCentricQA')], prompt types [['query', 'document']], and task names\n"}
,{"stream_name":"stderr","time":1073.868483566,"data":"/usr/local/lib/python3.13/dist-packages/mteb/models/sentence_transformer_wrapper.py:150: UserWarning: Task name SearchQuery is not valid. Valid keys are task types [('BitextMining', 'Classification', 'MultilabelClassification', 'Clustering', 'PairClassification', 'Regression', 'Reranking', 'Retrieval', 'STS', 'Summarization', 'InstructionRetrieval', 'InstructionReranking', 'Any2AnyReranking', 'Any2AnyRetrieval', 'Any2AnyMultilingualRetrieval', 'VisionCentricQA', 'ImageClustering', 'ImageClassification', 'DocumentUnderstanding', 'VisualSTS(eng)', 'VisualSTS(multi)', 'ZeroShotClassification', 'Compositionality', 'AudioClustering', 'AudioMultilabelClassification', 'AudioReranking', 'AudioZeroshotClassification', 'AudioClassification', 'AudioPairClassification', 'VideoClassification', 'VideoClustering', 'VideoMultilabelClassification', 'VideoPairClassification', 'VideoZeroshotClassification', 'VideoCentricQA')], prompt types [['query', 'document']], and task names\n"}
,{"stream_name":"stderr","time":1073.868501887,"data":"  resolved_prompts, invalid_prompts = AbsEncoder.validate_task_to_prompt_name(\n"}
,{"stream_name":"stderr","time":1073.868506409,"data":"Task name SentenceSimilarity is not valid. Valid keys are task types [('BitextMining', 'Classification', 'MultilabelClassification', 'Clustering', 'PairClassification', 'Regression', 'Reranking', 'Retrieval', 'STS', 'Summarization', 'InstructionRetrieval', 'InstructionReranking', 'Any2AnyReranking', 'Any2AnyRetrieval', 'Any2AnyMultilingualRetrieval', 'VisionCentricQA', 'ImageClustering', 'ImageClassification', 'DocumentUnderstanding', 'VisualSTS(eng)', 'VisualSTS(multi)', 'ZeroShotClassification', 'Compositionality', 'AudioClustering', 'AudioMultilabelClassification', 'AudioReranking', 'AudioZeroshotClassification', 'AudioClassification', 'AudioPairClassification', 'VideoClassification', 'VideoClustering', 'VideoMultilabelClassification', 'VideoPairClassification', 'VideoZeroshotClassification', 'VideoCentricQA')], prompt types [['query', 'document']], and task names\n"}
,{"stream_name":"stderr","time":1073.868511857,"data":"\n"}
,{"stream_name":"stderr","time":1073.868516229,"data":"/usr/local/lib/python3.13/dist-packages/mteb/models/sentence_transformer_wrapper.py:150: UserWarning: Task name SearchQuery is not valid. Valid keys are task types [('BitextMining', 'Classification', 'MultilabelClassification', 'Clustering', 'PairClassification', 'Regression', 'Reranking', 'Retrieval', 'STS', 'Summarization', 'InstructionRetrieval', 'InstructionReranking', 'Any2AnyReranking', 'Any2AnyRetrieval', 'Any2AnyMultilingualRetrieval', 'VisionCentricQA', 'ImageClustering', 'ImageClassification', 'DocumentUnderstanding', 'VisualSTS(eng)', 'VisualSTS(multi)', 'ZeroShotClassification', 'Compositionality', 'AudioClustering', 'AudioMultilabelClassification', 'AudioReranking', 'AudioZeroshotClassification', 'AudioClassification', 'AudioPairClassification', 'VideoClassification', 'VideoClustering', 'VideoMultilabelClassification', 'VideoPairClassification', 'VideoZeroshotClassification', 'VideoCentricQA')], prompt types [['query', 'document']], and task names\n"}
,{"stream_name":"stderr","time":1073.868529539,"data":"  resolved_prompts, invalid_prompts = AbsEncoder.validate_task_to_prompt_name(\n"}
,{"stream_name":"stderr","time":1073.868533978,"data":"Task name SentenceSimilarity is not valid. Valid keys are task types [('BitextMining', 'Classification', 'MultilabelClassification', 'Clustering', 'PairClassification', 'Regression', 'Reranking', 'Retrieval', 'STS', 'Summarization', 'InstructionRetrieval', 'InstructionReranking', 'Any2AnyReranking', 'Any2AnyRetrieval', 'Any2AnyMultilingualRetrieval', 'VisionCentricQA', 'ImageClustering', 'ImageClassification', 'DocumentUnderstanding', 'VisualSTS(eng)', 'VisualSTS(multi)', 'ZeroShotClassification', 'Compositionality', 'AudioClustering', 'AudioMultilabelClassification', 'AudioReranking', 'AudioZeroshotClassification', 'AudioClassification', 'AudioPairClassification', 'VideoClassification', 'VideoClustering', 'VideoMultilabelClassification', 'VideoPairClassification', 'VideoZeroshotClassification', 'VideoCentricQA')], prompt types [['query', 'document']], and task names\n"}
,{"stream_name":"stderr","time":1073.869482543,"data":"/usr/local/lib/python3.13/dist-packages/mteb/models/sentence_transformer_wrapper.py:150: UserWarning: Task name SentenceSimilarity is not valid. Valid keys are task types [('BitextMining', 'Classification', 'MultilabelClassification', 'Clustering', 'PairClassification', 'Regression', 'Reranking', 'Retrieval', 'STS', 'Summarization', 'InstructionRetrieval', 'InstructionReranking', 'Any2AnyReranking', 'Any2AnyRetrieval', 'Any2AnyMultilingualRetrieval', 'VisionCentricQA', 'ImageClustering', 'ImageClassification', 'DocumentUnderstanding', 'VisualSTS(eng)', 'VisualSTS(multi)', 'ZeroShotClassification', 'Compositionality', 'AudioClustering', 'AudioMultilabelClassification', 'AudioReranking', 'AudioZeroshotClassification', 'AudioClassification', 'AudioPairClassification', 'VideoClassification', 'VideoClustering', 'VideoMultilabelClassification', 'VideoPairClassification', 'VideoZeroshotClassification', 'VideoCentricQA')], prompt types [['query', 'document']], and task names\n"}
,{"stream_name":"stderr","time":1073.869499528,"data":"  resolved_prompts, invalid_prompts = AbsEncoder.validate_task_to_prompt_name(\n"}
,{"stream_name":"stderr","time":1073.869504063,"data":"Some prompts are not in the expected format and will be ignored. Problems:\n"}
,{"stream_name":"stderr","time":1073.869508091,"data":"\n"}
,{"stream_name":"stderr","time":1073.869512119,"data":"Task name CodeRetrieval is not valid. Valid keys are task types [('BitextMining', 'Classification', 'MultilabelClassification', 'Clustering', 'PairClassification', 'Regression', 'Reranking', 'Retrieval', 'STS', 'Summarization', 'InstructionRetrieval', 'InstructionReranking', 'Any2AnyReranking', 'Any2AnyRetrieval', 'Any2AnyMultilingualRetrieval', 'VisionCentricQA', 'ImageClustering', 'ImageClassification', 'DocumentUnderstanding', 'VisualSTS(eng)', 'VisualSTS(multi)', 'ZeroShotClassification', 'Compositionality', 'AudioClustering', 'AudioMultilabelClassification', 'AudioReranking', 'AudioZeroshotClassification', 'AudioClassification', 'AudioPairClassification', 'VideoClassification', 'VideoClustering', 'VideoMultilabelClassification', 'VideoPairClassification', 'VideoZeroshotClassification', 'VideoCentricQA')], prompt types [['query', 'document']], and task names\n"}
,{"stream_name":"stderr","time":1073.869524968,"data":"Task name FactChecking is not valid. Valid keys are task types [('BitextMining', 'Classification', 'MultilabelClassification', 'Clustering', 'PairClassification', 'Regression', 'Reranking', 'Retrieval', 'STS', 'Summarization', 'InstructionRetrieval', 'InstructionReranking', 'Any2AnyReranking', 'Any2AnyRetrieval', 'Any2AnyMultilingualRetrieval', 'VisionCentricQA', 'ImageClustering', 'ImageClassification', 'DocumentUnderstanding', 'VisualSTS(eng)', 'VisualSTS(multi)', 'ZeroShotClassification', 'Compositionality', 'AudioClustering', 'AudioMultilabelClassification', 'AudioReranking', 'AudioZeroshotClassification', 'AudioClassification', 'AudioPairClassification', 'VideoClassification', 'VideoClustering', 'VideoMultilabelClassification', 'VideoPairClassification', 'VideoZeroshotClassification', 'VideoCentricQA')], prompt types [['query', 'document']], and task names\n"}
,{"stream_name":"stderr","time":1073.869531061,"data":"Task name SentenceSimilarity is not valid. Valid keys are task types [('BitextMining', 'Classification', 'MultilabelClassification', 'Clustering', 'PairClassification', 'Regression', 'Reranking', 'Retrieval', 'STS', 'Summarization', 'InstructionRetrieval', 'InstructionReranking', 'Any2AnyReranking', 'Any2AnyRetrieval', 'Any2AnyMultilingualRetrieval', 'VisionCentricQA', 'ImageClustering', 'ImageClassification', 'DocumentUnderstanding', 'VisualSTS(eng)', 'VisualSTS(multi)', 'ZeroShotClassification', 'Compositionality', 'AudioClustering', 'AudioMultilabelClassification', 'AudioReranking', 'AudioZeroshotClassification', 'AudioClassification', 'AudioPairClassification', 'VideoClassification', 'VideoClustering', 'VideoMultilabelClassification', 'VideoPairClassification', 'VideoZeroshotClassification', 'VideoCentricQA')], prompt types [['query', 'document']], and task names\n"}
,{"stream_name":"stderr","time":1073.869537224,"data":"Task name QuestionAnswering is not valid. Valid keys are task types [('BitextMining', 'Classification', 'MultilabelClassification', 'Clustering', 'PairClassification', 'Regression', 'Reranking', 'Retrieval', 'STS', 'Summarization', 'InstructionRetrieval', 'InstructionReranking', 'Any2AnyReranking', 'Any2AnyRetrieval', 'Any2AnyMultilingualRetrieval', 'VisionCentricQA', 'ImageClustering', 'ImageClassification', 'DocumentUnderstanding', 'VisualSTS(eng)', 'VisualSTS(multi)', 'ZeroShotClassification', 'Compositionality', 'AudioClustering', 'AudioMultilabelClassification', 'AudioReranking', 'AudioZeroshotClassification', 'AudioClassification', 'AudioPairClassification', 'VideoClassification', 'VideoClustering', 'VideoMultilabelClassification', 'VideoPairClassification', 'VideoZeroshotClassification', 'VideoCentricQA')], prompt types [['query', 'document']], and task names\n"}
,{"stream_name":"stderr","time":1073.869544063,"data":"Task name SearchQuery is not valid. Valid keys are task types [('BitextMining', 'Classification', 'MultilabelClassification', 'Clustering', 'PairClassification', 'Regression', 'Reranking', 'Retrieval', 'STS', 'Summarization', 'InstructionRetrieval', 'InstructionReranking', 'Any2AnyReranking', 'Any2AnyRetrieval', 'Any2AnyMultilingualRetrieval', 'VisionCentricQA', 'ImageClustering', 'ImageClassification', 'DocumentUnderstanding', 'VisualSTS(eng)', 'VisualSTS(multi)', 'ZeroShotClassification', 'Compositionality', 'AudioClustering', 'AudioMultilabelClassification', 'AudioReranking', 'AudioZeroshotClassification', 'AudioClassification', 'AudioPairClassification', 'VideoClassification', 'VideoClustering', 'VideoMultilabelClassification', 'VideoPairClassification', 'VideoZeroshotClassification', 'VideoCentricQA')], prompt types [['query', 'document']], and task names\n"}
,{"stream_name":"stderr","time":1073.86955352,"data":"Task name Document is not valid. Valid keys are task types [('BitextMining', 'Classification', 'MultilabelClassification', 'Clustering', 'PairClassification', 'Regression', 'Reranking', 'Retrieval', 'STS', 'Summarization', 'InstructionRetrieval', 'InstructionReranking', 'Any2AnyReranking', 'Any2AnyRetrieval', 'Any2AnyMultilingualRetrieval', 'VisionCentricQA', 'ImageClustering', 'ImageClassification', 'DocumentUnderstanding', 'VisualSTS(eng)', 'VisualSTS(multi)', 'ZeroShotClassification', 'Compositionality', 'AudioClustering', 'AudioMultilabelClassification', 'AudioReranking', 'AudioZeroshotClassification', 'AudioClassification', 'AudioPairClassification', 'VideoClassification', 'VideoClustering', 'VideoMultilabelClassification', 'VideoPairClassification', 'VideoZeroshotClassification', 'VideoCentricQA')], prompt types [['query', 'document']], and task names\n"}
,{"stream_name":"stderr","time":1073.869559617,"data":"\n"}
,{"stream_name":"stderr","time":1073.86956213,"data":"/usr/local/lib/python3.13/dist-packages/mteb/models/sentence_transformer_wrapper.py:150: UserWarning: Task name SentenceSimilarity is not valid. Valid keys are task types [('BitextMining', 'Classification', 'MultilabelClassification', 'Clustering', 'PairClassification', 'Regression', 'Reranking', 'Retrieval', 'STS', 'Summarization', 'InstructionRetrieval', 'InstructionReranking', 'Any2AnyReranking', 'Any2AnyRetrieval', 'Any2AnyMultilingualRetrieval', 'VisionCentricQA', 'ImageClustering', 'ImageClassification', 'DocumentUnderstanding', 'VisualSTS(eng)', 'VisualSTS(multi)', 'ZeroShotClassification', 'Compositionality', 'AudioClustering', 'AudioMultilabelClassification', 'AudioReranking', 'AudioZeroshotClassification', 'AudioClassification', 'AudioPairClassification', 'VideoClassification', 'VideoClustering', 'VideoMultilabelClassification', 'VideoPairClassification', 'VideoZeroshotClassification', 'VideoCentricQA')], prompt types [['query', 'document']], and task names\n"}
,{"stream_name":"stderr","time":1073.869565979,"data":"  resolved_prompts, invalid_prompts = AbsEncoder.validate_task_to_prompt_name(\n"}
,{"stream_name":"stderr","time":1073.869568207,"data":"Some prompts are not in the expected format and will be ignored. Problems:\n"}
,{"stream_name":"stderr","time":1073.869570498,"data":"\n"}
,{"stream_name":"stderr","time":1073.869572869,"data":"Task name CodeRetrieval is not valid. Valid keys are task types [('BitextMining', 'Classification', 'MultilabelClassification', 'Clustering', 'PairClassification', 'Regression', 'Reranking', 'Retrieval', 'STS', 'Summarization', 'InstructionRetrieval', 'InstructionReranking', 'Any2AnyReranking', 'Any2AnyRetrieval', 'Any2AnyMultilingualRetrieval', 'VisionCentricQA', 'ImageClustering', 'ImageClassification', 'DocumentUnderstanding', 'VisualSTS(eng)', 'VisualSTS(multi)', 'ZeroShotClassification', 'Compositionality', 'AudioClustering', 'AudioMultilabelClassification', 'AudioReranking', 'AudioZeroshotClassification', 'AudioClassification', 'AudioPairClassification', 'VideoClassification', 'VideoClustering', 'VideoMultilabelClassification', 'VideoPairClassification', 'VideoZeroshotClassification', 'VideoCentricQA')], prompt types [['query', 'document']], and task names\n"}
,{"stream_name":"stderr","time":1073.869576453,"data":"Task name FactChecking is not valid. Valid keys are task types [('BitextMining', 'Classification', 'MultilabelClassification', 'Clustering', 'PairClassification', 'Regression', 'Reranking', 'Retrieval', 'STS', 'Summarization', 'InstructionRetrieval', 'InstructionReranking', 'Any2AnyReranking', 'Any2AnyRetrieval', 'Any2AnyMultilingualRetrieval', 'VisionCentricQA', 'ImageClustering', 'ImageClassification', 'DocumentUnderstanding', 'VisualSTS(eng)', 'VisualSTS(multi)', 'ZeroShotClassification', 'Compositionality', 'AudioClustering', 'AudioMultilabelClassification', 'AudioReranking', 'AudioZeroshotClassification', 'AudioClassification', 'AudioPairClassification', 'VideoClassification', 'VideoClustering', 'VideoMultilabelClassification', 'VideoPairClassification', 'VideoZeroshotClassification', 'VideoCentricQA')], prompt types [['query', 'document']], and task names\n"}
,{"stream_name":"stderr","time":1073.869579957,"data":"Task name SentenceSimilarity is not valid. Valid keys are task types [('BitextMining', 'Classification', 'MultilabelClassification', 'Clustering', 'PairClassification', 'Regression', 'Reranking', 'Retrieval', 'STS', 'Summarization', 'InstructionRetrieval', 'InstructionReranking', 'Any2AnyReranking', 'Any2AnyRetrieval', 'Any2AnyMultilingualRetrieval', 'VisionCentricQA', 'ImageClustering', 'ImageClassification', 'DocumentUnderstanding', 'VisualSTS(eng)', 'VisualSTS(multi)', 'ZeroShotClassification', 'Compositionality', 'AudioClustering', 'AudioMultilabelClassification', 'AudioReranking', 'AudioZeroshotClassification', 'AudioClassification', 'AudioPairClassification', 'VideoClassification', 'VideoClustering', 'VideoMultilabelClassification', 'VideoPairClassification', 'VideoZeroshotClassification', 'VideoCentricQA')], prompt types [['query', 'document']], and task names\n"}
,{"stream_name":"stderr","time":1073.869586119,"data":"Task name QuestionAnswering is not valid. Valid keys are task types [('BitextMining', 'Classification', 'MultilabelClassification', 'Clustering', 'PairClassification', 'Regression', 'Reranking', 'Retrieval', 'STS', 'Summarization', 'InstructionRetrieval', 'InstructionReranking', 'Any2AnyReranking', 'Any2AnyRetrieval', 'Any2AnyMultilingualRetrieval', 'VisionCentricQA', 'ImageClustering', 'ImageClassification', 'DocumentUnderstanding', 'VisualSTS(eng)', 'VisualSTS(multi)', 'ZeroShotClassification', 'Compositionality', 'AudioClustering', 'AudioMultilabelClassification', 'AudioReranking', 'AudioZeroshotClassification', 'AudioClassification', 'AudioPairClassification', 'VideoClassification', 'VideoClustering', 'VideoMultilabelClassification', 'VideoPairClassification', 'VideoZeroshotClassification', 'VideoCentricQA')], prompt types [['query', 'document']], and task names\n"}
,{"stream_name":"stderr","time":1073.869589711,"data":"Task name SearchQuery is not valid. Valid keys are task types [('BitextMining', 'Classification', 'MultilabelClassification', 'Clustering', 'PairClassification', 'Regression', 'Reranking', 'Retrieval', 'STS', 'Summarization', 'InstructionRetrieval', 'InstructionReranking', 'Any2AnyReranking', 'Any2AnyRetrieval', 'Any2AnyMultilingualRetrieval', 'VisionCentricQA', 'ImageClustering', 'ImageClassification', 'DocumentUnderstanding', 'VisualSTS(eng)', 'VisualSTS(multi)', 'ZeroShotClassification', 'Compositionality', 'AudioClustering', 'AudioMultilabelClassification', 'AudioReranking', 'AudioZeroshotClassification', 'AudioClassification', 'AudioPairClassification', 'VideoClassification', 'VideoClustering', 'VideoMultilabelClassification', 'VideoPairClassification', 'VideoZeroshotClassification', 'VideoCentricQA')], prompt types [['query', 'document']], and task names\n"}
,{"stream_name":"stderr","time":1073.869593521,"data":"Task name Document is not valid. Valid keys are task types [('BitextMining', 'Classification', 'MultilabelClassification', 'Clustering', 'PairClassification', 'Regression', 'Reranking', 'Retrieval', 'STS', 'Summarization', 'InstructionRetrieval', 'InstructionReranking', 'Any2AnyReranking', 'Any2AnyRetrieval', 'Any2AnyMultilingualRetrieval', 'VisionCentricQA', 'ImageClustering', 'ImageClassification', 'DocumentUnderstanding', 'VisualSTS(eng)', 'VisualSTS(multi)', 'ZeroShotClassification', 'Compositionality', 'AudioClustering', 'AudioMultilabelClassification', 'AudioReranking', 'AudioZeroshotClassification', 'AudioClassification', 'AudioPairClassification', 'VideoClassification', 'VideoClustering', 'VideoMultilabelClassification', 'VideoPairClassification', 'VideoZeroshotClassification', 'VideoCentricQA')], prompt types [['query', 'document']], and task names\n"}
,{"stream_name":"stdout","time":1073.885945646,"data":"MassiveIntentClassification    main_score=0.8804 rev=4672e204\n"}
,{"stream_name":"stderr","time":1073.887041349,"data":"/usr/local/lib/python3.13/dist-packages/mteb/models/sentence_transformer_wrapper.py:430: UserWarning: Some prompts are not in the expected format and will be ignored. Problems:\n"}
,{"stream_name":"stderr","time":1073.887057453,"data":"\n"}
,{"stream_name":"stderr","time":1073.887069234,"data":"Task name CodeRetrieval is not valid. Valid keys are task types [('BitextMining', 'Classification', 'MultilabelClassification', 'Clustering', 'PairClassification', 'Regression', 'Reranking', 'Retrieval', 'STS', 'Summarization', 'InstructionRetrieval', 'InstructionReranking', 'Any2AnyReranking', 'Any2AnyRetrieval', 'Any2AnyMultilingualRetrieval', 'VisionCentricQA', 'ImageClustering', 'ImageClassification', 'DocumentUnderstanding', 'VisualSTS(eng)', 'VisualSTS(multi)', 'ZeroShotClassification', 'Compositionality', 'AudioClustering', 'AudioMultilabelClassification', 'AudioReranking', 'AudioZeroshotClassification', 'AudioClassification', 'AudioPairClassification', 'VideoClassification', 'VideoClustering', 'VideoMultilabelClassification', 'VideoPairClassification', 'VideoZeroshotClassification', 'VideoCentricQA')], prompt types [['query', 'document']], and task names\n"}
,{"stream_name":"stderr","time":1073.887075459,"data":"Task name FactChecking is not valid. Valid keys are task types [('BitextMining', 'Classification', 'MultilabelClassification', 'Clustering', 'PairClassification', 'Regression', 'Reranking', 'Retrieval', 'STS', 'Summarization', 'InstructionRetrieval', 'InstructionReranking', 'Any2AnyReranking', 'Any2AnyRetrieval', 'Any2AnyMultilingualRetrieval', 'VisionCentricQA', 'ImageClustering', 'ImageClassification', 'DocumentUnderstanding', 'VisualSTS(eng)', 'VisualSTS(multi)', 'ZeroShotClassification', 'Compositionality', 'AudioClustering', 'AudioMultilabelClassification', 'AudioReranking', 'AudioZeroshotClassification', 'AudioClassification', 'AudioPairClassification', 'VideoClassification', 'VideoClustering', 'VideoMultilabelClassification', 'VideoPairClassification', 'VideoZeroshotClassification', 'VideoCentricQA')], prompt types [['query', 'document']], and task names\n"}
,{"stream_name":"stderr","time":1073.887081898,"data":"Task name SentenceSimilarity is not valid. Valid keys are task types [('BitextMining', 'Classification', 'MultilabelClassification', 'Clustering', 'PairClassification', 'Regression', 'Reranking', 'Retrieval', 'STS', 'Summarization', 'InstructionRetrieval', 'InstructionReranking', 'Any2AnyReranking', 'Any2AnyRetrieval', 'Any2AnyMultilingualRetrieval', 'VisionCentricQA', 'ImageClustering', 'ImageClassification', 'DocumentUnderstanding', 'VisualSTS(eng)', 'VisualSTS(multi)', 'ZeroShotClassification', 'Compositionality', 'AudioClustering', 'AudioMultilabelClassification', 'AudioReranking', 'AudioZeroshotClassification', 'AudioClassification', 'AudioPairClassification', 'VideoClassification', 'VideoClustering', 'VideoMultilabelClassification', 'VideoPairClassification', 'VideoZeroshotClassification', 'VideoCentricQA')], prompt types [['query', 'document']], and task names\n"}
,{"stream_name":"stderr","time":1073.88708775,"data":"Task name QuestionAnswering is not valid. Valid keys are task types [('BitextMining', 'Classification', 'MultilabelClassification', 'Clustering', 'PairClassification', 'Regression', 'Reranking', 'Retrieval', 'STS', 'Summarization', 'InstructionRetrieval', 'InstructionReranking', 'Any2AnyReranking', 'Any2AnyRetrieval', 'Any2AnyMultilingualRetrieval', 'VisionCentricQA', 'ImageClustering', 'ImageClassification', 'DocumentUnderstanding', 'VisualSTS(eng)', 'VisualSTS(multi)', 'ZeroShotClassification', 'Compositionality', 'AudioClustering', 'AudioMultilabelClassification', 'AudioReranking', 'AudioZeroshotClassification', 'AudioClassification', 'AudioPairClassification', 'VideoClassification', 'VideoClustering', 'VideoMultilabelClassification', 'VideoPairClassification', 'VideoZeroshotClassification', 'VideoCentricQA')], prompt types [['query', 'document']], and task names\n"}
,{"stream_name":"stderr","time":1073.887093939,"data":"Task name SearchQuery is not valid. Valid keys are task types [('BitextMining', 'Classification', 'MultilabelClassification', 'Clustering', 'PairClassification', 'Regression', 'Reranking', 'Retrieval', 'STS', 'Summarization', 'InstructionRetrieval', 'InstructionReranking', 'Any2AnyReranking', 'Any2AnyRetrieval', 'Any2AnyMultilingualRetrieval', 'VisionCentricQA', 'ImageClustering', 'ImageClassification', 'DocumentUnderstanding', 'VisualSTS(eng)', 'VisualSTS(multi)', 'ZeroShotClassification', 'Compositionality', 'AudioClustering', 'AudioMultilabelClassification', 'AudioReranking', 'AudioZeroshotClassification', 'AudioClassification', 'AudioPairClassification', 'VideoClassification', 'VideoClustering', 'VideoMultilabelClassification', 'VideoPairClassification', 'VideoZeroshotClassification', 'VideoCentricQA')], prompt types [['query', 'document']], and task names\n"}
,{"stream_name":"stderr","time":1073.887127846,"data":"Task name Document is not valid. Valid keys are task types [('BitextMining', 'Classification', 'MultilabelClassification', 'Clustering', 'PairClassification', 'Regression', 'Reranking', 'Retrieval', 'STS', 'Summarization', 'InstructionRetrieval', 'InstructionReranking', 'Any2AnyReranking', 'Any2AnyRetrieval', 'Any2AnyMultilingualRetrieval', 'VisionCentricQA', 'ImageClustering', 'ImageClassification', 'DocumentUnderstanding', 'VisualSTS(eng)', 'VisualSTS(multi)', 'ZeroShotClassification', 'Compositionality', 'AudioClustering', 'AudioMultilabelClassification', 'AudioReranking', 'AudioZeroshotClassification', 'AudioClassification', 'AudioPairClassification', 'VideoClassification', 'VideoClustering', 'VideoMultilabelClassification', 'VideoPairClassification', 'VideoZeroshotClassification', 'VideoCentricQA')], prompt types [['query', 'document']], and task names\n"}
,{"stream_name":"stderr","time":1073.887134464,"data":"  self.model_prompts = _resolve_model_prompts(self.model, model_prompts)\n"}
,{"stream_name":"stderr","time":1073.887138054,"data":"\n"}
,{"stream_name":"stderr","time":1073.887141534,"data":"/usr/local/lib/python3.13/dist-packages/mteb/models/sentence_transformer_wrapper.py:430: UserWarning: Some prompts are not in the expected format and will be ignored. Problems:\n"}
,{"stream_name":"stderr","time":1073.887145255,"data":"\n"}
,{"stream_name":"stderr","time":1073.887149091,"data":"Task name CodeRetrieval is not valid. Valid keys are task types [('BitextMining', 'Classification', 'MultilabelClassification', 'Clustering', 'PairClassification', 'Regression', 'Reranking', 'Retrieval', 'STS', 'Summarization', 'InstructionRetrieval', 'InstructionReranking', 'Any2AnyReranking', 'Any2AnyRetrieval', 'Any2AnyMultilingualRetrieval', 'VisionCentricQA', 'ImageClustering', 'ImageClassification', 'DocumentUnderstanding', 'VisualSTS(eng)', 'VisualSTS(multi)', 'ZeroShotClassification', 'Compositionality', 'AudioClustering', 'AudioMultilabelClassification', 'AudioReranking', 'AudioZeroshotClassification', 'AudioClassification', 'AudioPairClassification', 'VideoClassification', 'VideoClustering', 'VideoMultilabelClassification', 'VideoPairClassification', 'VideoZeroshotClassification', 'VideoCentricQA')], prompt types [['query', 'document']], and task names\n"}
,{"stream_name":"stderr","time":1073.887154828,"data":"Task name FactChecking is not valid. Valid keys are task types [('BitextMining', 'Classification', 'MultilabelClassification', 'Clustering', 'PairClassification', 'Regression', 'Reranking', 'Retrieval', 'STS', 'Summarization', 'InstructionRetrieval', 'InstructionReranking', 'Any2AnyReranking', 'Any2AnyRetrieval', 'Any2AnyMultilingualRetrieval', 'VisionCentricQA', 'ImageClustering', 'ImageClassification', 'DocumentUnderstanding', 'VisualSTS(eng)', 'VisualSTS(multi)', 'ZeroShotClassification', 'Compositionality', 'AudioClustering', 'AudioMultilabelClassification', 'AudioReranking', 'AudioZeroshotClassification', 'AudioClassification', 'AudioPairClassification', 'VideoClassification', 'VideoClustering', 'VideoMultilabelClassification', 'VideoPairClassification', 'VideoZeroshotClassification', 'VideoCentricQA')], prompt types [['query', 'document']], and task names\n"}
,{"stream_name":"stderr","time":1073.88716146,"data":"Task name SentenceSimilarity is not valid. Valid keys are task types [('BitextMining', 'Classification', 'MultilabelClassification', 'Clustering', 'PairClassification', 'Regression', 'Reranking', 'Retrieval', 'STS', 'Summarization', 'InstructionRetrieval', 'InstructionReranking', 'Any2AnyReranking', 'Any2AnyRetrieval', 'Any2AnyMultilingualRetrieval', 'VisionCentricQA', 'ImageClustering', 'ImageClassification', 'DocumentUnderstanding', 'VisualSTS(eng)', 'VisualSTS(multi)', 'ZeroShotClassification', 'Compositionality', 'AudioClustering', 'AudioMultilabelClassification', 'AudioReranking', 'AudioZeroshotClassification', 'AudioClassification', 'AudioPairClassification', 'VideoClassification', 'VideoClustering', 'VideoMultilabelClassification', 'VideoPairClassification', 'VideoZeroshotClassification', 'VideoCentricQA')], prompt types [['query', 'document']], and task names\n"}
,{"stream_name":"stderr","time":1073.887170875,"data":"Task name QuestionAnswering is not valid. Valid keys are task types [('BitextMining', 'Classification', 'MultilabelClassification', 'Clustering', 'PairClassification', 'Regression', 'Reranking', 'Retrieval', 'STS', 'Summarization', 'InstructionRetrieval', 'InstructionReranking', 'Any2AnyReranking', 'Any2AnyRetrieval', 'Any2AnyMultilingualRetrieval', 'VisionCentricQA', 'ImageClustering', 'ImageClassification', 'DocumentUnderstanding', 'VisualSTS(eng)', 'VisualSTS(multi)', 'ZeroShotClassification', 'Compositionality', 'AudioClustering', 'AudioMultilabelClassification', 'AudioReranking', 'AudioZeroshotClassification', 'AudioClassification', 'AudioPairClassification', 'VideoClassification', 'VideoClustering', 'VideoMultilabelClassification', 'VideoPairClassification', 'VideoZeroshotClassification', 'VideoCentricQA')], prompt types [['query', 'document']], and task names\n"}
,{"stream_name":"stderr","time":1073.887176477,"data":"Task name SearchQuery is not valid. Valid keys are task types [('BitextMining', 'Classification', 'MultilabelClassification', 'Clustering', 'PairClassification', 'Regression', 'Reranking', 'Retrieval', 'STS', 'Summarization', 'InstructionRetrieval', 'InstructionReranking', 'Any2AnyReranking', 'Any2AnyRetrieval', 'Any2AnyMultilingualRetrieval', 'VisionCentricQA', 'ImageClustering', 'ImageClassification', 'DocumentUnderstanding', 'VisualSTS(eng)', 'VisualSTS(multi)', 'ZeroShotClassification', 'Compositionality', 'AudioClustering', 'AudioMultilabelClassification', 'AudioReranking', 'AudioZeroshotClassification', 'AudioClassification', 'AudioPairClassification', 'VideoClassification', 'VideoClustering', 'VideoMultilabelClassification', 'VideoPairClassification', 'VideoZeroshotClassification', 'VideoCentricQA')], prompt types [['query', 'document']], and task names\n"}
,{"stream_name":"stderr","time":1073.88718261,"data":"Task name Document is not valid. Valid keys are task types [('BitextMining', 'Classification', 'MultilabelClassification', 'Clustering', 'PairClassification', 'Regression', 'Reranking', 'Retrieval', 'STS', 'Summarization', 'InstructionRetrieval', 'InstructionReranking', 'Any2AnyReranking', 'Any2AnyRetrieval', 'Any2AnyMultilingualRetrieval', 'VisionCentricQA', 'ImageClustering', 'ImageClassification', 'DocumentUnderstanding', 'VisualSTS(eng)', 'VisualSTS(multi)', 'ZeroShotClassification', 'Compositionality', 'AudioClustering', 'AudioMultilabelClassification', 'AudioReranking', 'AudioZeroshotClassification', 'AudioClassification', 'AudioPairClassification', 'VideoClassification', 'VideoClustering', 'VideoMultilabelClassification', 'VideoPairClassification', 'VideoZeroshotClassification', 'VideoCentricQA')], prompt types [['query', 'document']], and task names\n"}
,{"stream_name":"stderr","time":1073.887188375,"data":"  self.model_prompts = _resolve_model_prompts(self.model, model_prompts)\n"}
,{"stream_name":"stdout","time":1143.242412153,"data":"ImdbClassification             failed: OutOfMemoryError('CUDA out of memory. Tried to allocate 4.14 GiB. GPU 0 has a total capacity of 14.56 GiB of which 850.81 MiB is free. Inclu\n"}
,{"stream_name":"stdout","time":1152.241386428,"data":"en     in-language 0.876 | cosine 0.885\n"}
,{"stream_name":"stdout","time":1161.921678574,"data":"de     in-language 0.796 | en-head transfer 0.772 | cosine 0.777\n"}
,{"stream_name":"stdout","time":1171.710970051,"data":"es     in-language 0.808 | en-head transfer 0.803 | cosine 0.794\n"}
,{"stream_name":"stdout","time":1181.465851109,"data":"fr     in-language 0.819 | en-head transfer 0.812 | cosine 0.803\n"}
,{"stream_name":"stdout","time":1190.091864951,"data":"ru     in-language 0.830 | en-head transfer 0.799 | cosine 0.794\n"}
,{"stream_name":"stdout","time":1197.613416678,"data":"zh-CN  in-language 0.816 | en-head transfer 0.781 | cosine 0.777\n"}
,{"stream_name":"stdout","time":1205.746033291,"data":"ja     in-language 0.830 | en-head transfer 0.792 | cosine 0.781\n"}
,{"stream_name":"stdout","time":1239.73966742,"data":"ScienceQA: 1500 fit / 600 test rows (4-choice, with image)\n"}
,{"stream_name":"stdout","time":2941.211560377,"data":"vision peak allocated GiB: 11.41\n"}
,{"stream_name":"stdout","time":2974.495215015,"data":"full        acc=0.428 [0.388,0.470] log=1.346 cov=1.000 set=4.00\n"}
,{"stream_name":"stdout","time":2974.495254529,"data":"text_only   acc=0.395 [0.362,0.437] log=1.348 cov=1.000 set=4.00\n"}
,{"stream_name":"stdout","time":2974.495258713,"data":"image_only  acc=0.433 [0.398,0.474] log=1.351 cov=1.000 set=4.00\n"}
,{"stream_name":"stdout","time":2974.495261827,"data":"full vs text_only  : -0.0333 [-0.0700, +0.0017] -\u003e indistinguishable\n"}
,{"stream_name":"stdout","time":2974.495265656,"data":"full vs image_only : +0.0050 [-0.0325, +0.0433] -\u003e indistinguishable\n"}
,{"stream_name":"stdout","time":2980.997163793,"data":"static                 esc 0.032-\u003e0.275 unsafe 0.143\n"}
,{"stream_name":"stdout","time":2980.997194274,"data":"glial                  esc 0.080-\u003e0.743 unsafe 0.087\n"}
,{"stream_name":"stdout","time":2980.997199851,"data":"recalibrate(delay=200) esc 0.032-\u003e0.275 unsafe 0.305\n"}
,{"stream_name":"stdout","time":2980.997205031,"data":"recalibrate(delay=0)   esc 0.032-\u003e0.275 unsafe 0.137\n"}
,{"stream_name":"stdout","time":2981.368971076,"data":"'i need to cancel my flight tomorrow'\n"}
,{"stream_name":"stdout","time":2981.368993953,"data":"  -\u003e action=escalate top=0.010 set=['cancel', 'book flight', 'insurance change', 'income']\n"}
,{"stream_name":"stdout","time":2981.369000428,"data":"\n"}
,{"stream_name":"stdout","time":2981.369004755,"data":"'what is the balance on my account'\n"}
,{"stream_name":"stdout","time":2981.369009271,"data":"  -\u003e action=answer top=0.016 set=['balance', 'bill balance', 'rewards balance']\n"}
,{"stream_name":"stdout","time":2981.369013926,"data":"\n"}
,{"stream_name":"stdout","time":2981.369018241,"data":"'tell me something completely unrelated to banking intents xyz'\n"}
,{"stream_name":"stdout","time":2981.369023551,"data":"  -\u003e action=escalate top=0.011 set=['no', 'what can i ask you', 'meaning of life', 'definition']\n"}
,{"stream_name":"stdout","time":2981.369028169,"data":"\n"}
,{"stream_name":"stdout","time":3019.331840466,"data":"prop_in_state: transfer auroc=0.61625 f1@0.5=0.52 f1@t=0.57(t0.50)  restaurant reservation auroc=0.5795833333333333 f1@0.5=0.44 f1@t=0.41(t0.05)  weather auroc=0.70375 f1@0.5=0.51 f1@t=0.57(t0.50)\n"}
,{"stream_name":"stdout","time":3019.331882914,"data":"prop_in_options: transfer auroc=0.9729166666666667 f1@0.5=0.71 f1@t=0.69(t0.50)  restaurant reservation auroc=1.0 f1@0.5=0.91 f1@t=0.93(t0.50)  weather auroc=1.0 f1@0.5=0.87 f1@t=0.90(t0.50)\n"}
,{"stream_name":"stdout","time":3019.331888157,"data":"bundle refuses out-of-schema noul: False\n"}
,{"stream_name":"stdout","time":3035.814350483,"data":"logged 300 real decisions\n"}
,{"stream_name":"stdout","time":3035.814397658,"data":"monitor: alerts=['escalate_rate 0.63 \u003e 0.6', 'top_prob KS=0.247 \u003e 0.15'] escalate=0.63\n"}
,{"stream_name":"stdout","time":3035.814402664,"data":"handlers: {'escalate': 189, 'answer': 109, 'clarify': 2} | escalation queue lines 189\n"}
,{"stream_name":"stdout","time":3035.814406195,"data":"retrain slice 1: 3900 items, 150 classes\n"}
,{"stream_name":"stdout","time":3035.814425612,"data":"retrain slice 2: 4050 items, 150 classes\n"}
,{"stream_name":"stdout","time":3081.638374123,"data":"registry: versions=['v1', 'v2'] v2.parent=v1 promote-\u003ev2 rollback-\u003ev1 now=v1\n"}
,{"stream_name":"stdout","time":3081.638406355,"data":"shadow: n=300 agreement=0.363 failed=0 {'answer-\u003eanswer': 109, 'clarify-\u003eanswer': 2, 'escalate-\u003eanswer': 187, 'escalate-\u003eclarify': 2}\n"}
,{"stream_name":"stdout","time":3081.638413031,"data":"cadence: fired=True via drift (drift: top_prob KS=0.247 \u003e 0.15)\n"}
,{"stream_name":"stdout","time":3081.638417911,"data":"cadence: held=True (drift alert but 120 new labeled samples \u003c 500 floor)\n"}
,{"stream_name":"stdout","time":3114.038456423,"data":"canary: control n=206 unsafe=0.005 | canary n=94 unsafe=0.043 -\u003e rollback (unsafe_rate 0.005 -\u003e 0.043 (+0.038 \u003e 0.02))\n"}
,{"stream_name":"stdout","time":3114.038490824,"data":"causal unsafe: delta=+0.070 [+0.043, +0.100] -\u003e regressed\n"}
,{"stream_name":"stdout","time":3114.038497592,"data":"causal escalate: delta=-0.630 [-0.683, -0.575] -\u003e improved\n"}
,{"stream_name":"stdout","time":3114.210748399,"data":"{\n"}
,{"stream_name":"stdout","time":3114.210773837,"data":"  \"suite_green_on_kaggle\": true,\n"}
,{"stream_name":"stdout","time":3114.210778177,"data":"  \"cosine_resolved_in_band\": true,\n"}
,{"stream_name":"stdout","time":3114.210781447,"data":"  \"head_resolved_in_band\": true,\n"}
,{"stream_name":"stdout","time":3114.2107844,"data":"  \"coverage_in_band\": true,\n"}
,{"stream_name":"stdout","time":3114.210787426,"data":"  \"head_coverage_reported\": 0.9882222222222222,\n"}
,{"stream_name":"stdout","time":3114.210791157,"data":"  \"cosine_sets_small\": true,\n"}
,{"stream_name":"stdout","time":3114.210816161,"data":"  \"head_sets_small\": true,\n"}
,{"stream_name":"stdout","time":3114.210821264,"data":"  \"head_acc_in_band\": true,\n"}
,{"stream_name":"stdout","time":3114.210826331,"data":"  \"bundle_roundtrip_identical\": true,\n"}
,{"stream_name":"stdout","time":3114.210831008,"data":"  \"ordinal_ran\": true,\n"}
,{"stream_name":"stdout","time":3114.210836102,"data":"  \"ordinal_beats_zeroshot\": true,\n"}
,{"stream_name":"stdout","time":3114.210840887,"data":"  \"cli_ran\": true,\n"}
,{"stream_name":"stdout","time":3114.210845176,"data":"  \"cli_inputs\": 12,\n"}
,{"stream_name":"stdout","time":3114.210849454,"data":"  \"cli_adapt_ran\": true,\n"}
,{"stream_name":"stdout","time":3114.210853735,"data":"  \"cli_adapt_roundtrip\": true,\n"}
,{"stream_name":"stdout","time":3114.210857961,"data":"  \"serve_ran\": true,\n"}
,{"stream_name":"stdout","time":3114.210862084,"data":"  \"baselines_ran\": true,\n"}
,{"stream_name":"stdout","time":3114.210867946,"data":"  \"head_beats_tfidf_acc\": true,\n"}
,{"stream_name":"stdout","time":3114.21087519,"data":"  \"rigor_ran\": true,\n"}
,{"stream_name":"stdout","time":3114.210878037,"data":"  \"memorization_ran\": true,\n"}
,{"stream_name":"stdout","time":3114.210880854,"data":"  \"breadth_ran\": true,\n"}
,{"stream_name":"stdout","time":3114.21088362,"data":"  \"breadth_datasets\": 10,\n"}
,{"stream_name":"stdout","time":3114.210886504,"data":"  \"operate_ran\": true,\n"}
,{"stream_name":"stdout","time":3114.21089944,"data":"  \"monitor_ran\": true,\n"}
,{"stream_name":"stdout","time":3114.210901862,"data":"  \"handlers_ran\": true,\n"}
,{"stream_name":"stdout","time":3114.210904411,"data":"  \"escalations_queued\": true,\n"}
,{"stream_name":"stdout","time":3114.210919463,"data":"  \"registry_lineage\": true,\n"}
,{"stream_name":"stdout","time":3114.210923341,"data":"  \"registry_rollback\": true,\n"}
,{"stream_name":"stdout","time":3114.210927317,"data":"  \"shadow_ran\": true,\n"}
,{"stream_name":"stdout","time":3114.210930871,"data":"  \"cadence_ran\": true,\n"}
,{"stream_name":"stdout","time":3114.210935019,"data":"  \"cadence_floored\": true,\n"}
,{"stream_name":"stdout","time":3114.210938821,"data":"  \"canary_ran\": true,\n"}
,{"stream_name":"stdout","time":3114.210942161,"data":"  \"canary_arms_nonempty\": true,\n"}
,{"stream_name":"stdout","time":3114.210945995,"data":"  \"causal_ran\": true,\n"}
,{"stream_name":"stdout","time":3114.21094955,"data":"  \"causal_ci_reported\": true,\n"}
,{"stream_name":"stdout","time":3114.210952814,"data":"  \"cross_task_ran\": true,\n"}
,{"stream_name":"stdout","time":3114.210956073,"data":"  \"cross_task_glial_safer\": true,\n"}
,{"stream_name":"stdout","time":3114.210959326,"data":"  \"multilingual_ran\": true,\n"}
,{"stream_name":"stdout","time":3114.210962772,"data":"  \"multilingual_in_language_holds\": true,\n"}
,{"stream_name":"stdout","time":3114.210966126,"data":"  \"multilingual_en_head_transfers\": true,\n"}
,{"stream_name":"stdout","time":3114.210969752,"data":"  \"multimodal_ran\": true,\n"}
,{"stream_name":"stdout","time":3114.210973002,"data":"  \"multimodal_image_carries_signal\": true,\n"}
,{"stream_name":"stdout","time":3114.210976345,"data":"  \"multimodal_combination_beats_both_singles\": false,\n"}
,{"stream_name":"stdout","time":3114.210979819,"data":"  \"breadth_head_ge_tfidf\": true,\n"}
,{"stream_name":"stdout","time":3114.210985163,"data":"  \"noul_ran\": true,\n"}
,{"stream_name":"stdout","time":3114.210991839,"data":"  \"noul_bundle_refuses_out_of_schema\": false\n"}
,{"stream_name":"stdout","time":3114.210994128,"data":"}\n"}
,{"stream_name":"stdout","time":3149.607199999,"data":"refusal costs: cfp=10.0 cfn=20.0 cr=1.0 -\u003e discard\u003c0.050 assert\u003e0.900\n"}
,{"stream_name":"stdout","time":3149.607232794,"data":"  unsafe answers 0 | over-refusals none | control True\n"}
,{"stream_name":"stdout","time":3149.607238489,"data":"  pass      I1  below the fitted answer bar, the layer must not assert\n"}
,{"stream_name":"stdout","time":3149.607243076,"data":"  pass      I2  below the fitted in-schema boundary, the layer must not \n"}
,{"stream_name":"stdout","time":3149.607247514,"data":"  pass      I4  a gated layer never returns an ungated action\n"}
,{"stream_name":"stdout","time":3149.607251846,"data":"  fail      I5  the action is the Bayes-optimal one for the declared cos\n"}
,{"stream_name":"stdout","time":3149.607256148,"data":"            300 actions off the cost-optimal boundary: ['escalate(p=0.012-\u003ediscard)', 'escalate(p=0.011-\n"}
,{"stream_name":"stdout","time":3149.607260628,"data":"  pass      I3  option order must not change the action\n"}
,{"stream_name":"stdout","time":3149.607264882,"data":"  deferred  I6  raising the bar must not increase assertions\n"}
,{"stream_name":"stdout","time":3149.607269114,"data":"  reasons: no_discriminating_signal=pass, out_of_schema=pass, unsupported_evidence=unverified, no_content=pass, over_length=pass, position_bias=pass, uncalibrated_cost=fail, policy=unverified\n"}
,{"stream_name":"stdout","time":3149.607274718,"data":"\n"}
,{"stream_name":"stdout","time":3149.607278747,"data":"qualification: not_qualified  (bundle 207cef05b2f0a339...)\n"}
,{"stream_name":"stdout","time":3149.607291234,"data":"  must_pass failed : ['D4']\n"}
,{"stream_name":"stdout","time":3149.607294441,"data":"  must_fix open    : ['E4', 'E5']\n"}
,{"stream_name":"stdout","time":3149.607302053,"data":"  deferred         : ['F2']\n"}
,{"stream_name":"stdout","time":3149.607309939,"data":"ML Test Score coverage: 14 covered / 5 partial / 1 missing (82% weighted)\n"}
,{"stream_name":"stdout","time":3149.60731227,"data":"\n"}
,{"stream_name":"stdout","time":3149.607314341,"data":"  data             covered 3/4 (partial 1, missing 0)\n"}
,{"stream_name":"stdout","time":3149.607316582,"data":"  infrastructure   covered 3/4 (partial 1, missing 0)\n"}
,{"stream_name":"stdout","time":3149.607318755,"data":"  model            covered 6/9 (partial 2, missing 1)\n"}
,{"stream_name":"stdout","time":3149.607320899,"data":"  monitoring       covered 2/3 (partial 1, missing 0)\n"}
,{"stream_name":"stdout","time":3149.607323143,"data":"\n"}
,{"stream_name":"stdout","time":3149.607325496,"data":"  gaps:\n"}
,{"stream_name":"stdout","time":3149.607327629,"data":"    [partial] data: the relationship between each feature and the target is understood\n"}
,{"stream_name":"stdout","time":3149.607329983,"data":"    [missing] model: offline proxy metrics correlate with online impact\n"}
,{"stream_name":"stdout","time":3149.607332202,"data":"    [partial] model: hyperparameters are tuned\n"}
,{"stream_name":"stdout","time":3149.607334421,"data":"    [partial] model: quality on important slices is tested\n"}
,{"stream_name":"stdout","time":3149.607336589,"data":"    [partial] infrastructure: training is reproducible\n"}
,{"stream_name":"stdout","time":3149.607338754,"data":"    [partial] monitoring: training/serving skew is detected\n"}
,{"stream_name":"stdout","time":3149.607340948,"data":"model card written: 9 sections, 189 eval metrics in model-index\n"}
,{"stream_name":"stderr","time":3155.506900243,"data":"/usr/local/lib/python3.13/dist-packages/mistune.py:435: SyntaxWarning: invalid escape sequence '\\|'\n"}
,{"stream_name":"stderr","time":3155.506928031,"data":"  cells[i][c] = re.sub('\\\\\\\\\\|', '|', cell)\n"}
,{"stream_name":"stderr","time":3155.657462646,"data":"/usr/local/lib/python3.13/dist-packages/nbconvert/filters/filter_links.py:36: SyntaxWarning: invalid escape sequence '\\_'\n"}
,{"stream_name":"stderr","time":3155.657484555,"data":"  text = re.sub(r'_', '\\_', text) # Escape underscores in display text\n"}
,{"stream_name":"stderr","time":3156.377937058,"data":"[NbConvertApp] Converting notebook __notebook__.ipynb to notebook\n"}
,{"stream_name":"stderr","time":3157.257305423,"data":"[NbConvertApp] Writing 6701536 bytes to __notebook__.ipynb\n"}
,{"stream_name":"stderr","time":3159.710984797,"data":"[NbConvertApp] Converting notebook __notebook__.ipynb to html\n"}
,{"stream_name":"stderr","time":3161.253571379,"data":"[NbConvertApp] Writing 6039589 bytes to __results__.html\n"}
]