[{"stream_name":"stderr","time":6.60097909,"data":"/usr/local/lib/python3.13/dist-packages/nbformat/validator.py:434: MissingIDFieldWarning: Cell is missing an id field, this will become a hard error in future nbformat versions. You may want to use `normalize()` on your notebooks before validations (available since nbformat 5.1.4). Previous versions of nbformat are fixing this issue transparently, and will stop doing so in the future.\n"}
,{"stream_name":"stderr","time":6.601020196,"data":"  _validate(nbdict, ref, version, version_minor, relax_add_props)\n"}
,{"stream_name":"stderr","time":7.574034074,"data":"0.00s - Debugger warning: It seems that frozen modules are being used, which may\n"}
,{"stream_name":"stderr","time":7.574062981,"data":"0.00s - make the debugger miss breakpoints. Please pass -Xfrozen_modules=off\n"}
,{"stream_name":"stderr","time":7.574067962,"data":"0.00s - to python to disable frozen modules.\n"}
,{"stream_name":"stderr","time":7.574071884,"data":"0.00s - Note: Debugging will proceed. Set PYDEVD_DISABLE_FILE_VALIDATION=1 to disable this validation.\n"}
,{"stream_name":"stderr","time":8.191843134,"data":"0.00s - Debugger warning: It seems that frozen modules are being used, which may\n"}
,{"stream_name":"stderr","time":8.191898284,"data":"0.00s - make the debugger miss breakpoints. Please pass -Xfrozen_modules=off\n"}
,{"stream_name":"stderr","time":8.191902002,"data":"0.00s - to python to disable frozen modules.\n"}
,{"stream_name":"stderr","time":8.191904388,"data":"0.00s - Note: Debugging will proceed. Set PYDEVD_DISABLE_FILE_VALIDATION=1 to disable this validation.\n"}
,{"stream_name":"stdout","time":11.835019162,"data":"Tesla T4, 15360 MiB\n"}
,{"stream_name":"stdout","time":11.835050496000001,"data":"Tesla T4, 15360 MiB\n"}
,{"stream_name":"stdout","time":11.835055899,"data":"\n"}
,{"stream_name":"stdout","time":155.035971245,"data":"........................................................................ [ 16%]\n"}
,{"stream_name":"stdout","time":155.036023985,"data":"........................................................................ [ 33%]\n"}
,{"stream_name":"stdout","time":155.036031104,"data":"........................................................................ [ 50%]\n"}
,{"stream_name":"stdout","time":155.036036392,"data":"......ss................................................................ [ 66%]\n"}
,{"stream_name":"stdout","time":155.036041091,"data":"........s............................................................... [ 83%]\n"}
,{"stream_name":"stdout","time":155.036046065,"data":".......................................................................  [100%]\n"}
,{"stream_name":"stdout","time":155.03605058,"data":"=============================== warnings summary ===============================\n"}
,{"stream_name":"stdout","time":155.036054939,"data":"tests/test_decision_evaluate.py::test_tfidf_baseline_column_alignment\n"}
,{"stream_name":"stdout","time":155.036059174,"data":"tests/test_decision_evaluate.py::test_tfidf_baseline_missing_class\n"}
,{"stream_name":"stdout","time":155.036063482,"data":"tests/test_decision_evaluate.py::test_dataset_suite_end_to_end\n"}
,{"stream_name":"stdout","time":155.036068549,"data":"  /usr/local/lib/python3.13/dist-packages/sklearn/linear_model/_logistic.py:451: DeprecationWarning: scipy.optimize: The `disp` and `iprint` options of the L-BFGS-B solver are deprecated and will be removed in SciPy 1.18.0.\n"}
,{"stream_name":"stdout","time":155.036074016,"data":"    opt_res = optimize.minimize(\n"}
,{"stream_name":"stdout","time":155.036078999,"data":"\n"}
,{"stream_name":"stdout","time":155.036083997,"data":"-- Docs: https://docs.pytest.org/en/stable/how-to/capture-warnings.html\n"}
,{"stream_name":"stdout","time":155.036088968,"data":"428 passed, 3 skipped, 3 warnings in 134.75s (0:02:14)\n"}
,{"stream_name":"stdout","time":155.036103855,"data":"\n"}
,{"stream_name":"stdout","time":159.188095038,"data":"   ━━━━━━━━━━━━━━━━━━━━━━━━━━━━━━━━━━━━━━━━ 740.6/740.6 kB 13.5 MB/s eta 0:00:00\n"}
,{"stream_name":"stdout","time":159.328769766,"data":"   ━━━━━━━━━━━━━━━━━━━━━━━━━━━━━━━━━━━━━━━━ 12.6/12.6 MB 97.7 MB/s eta 0:00:00\n"}
,{"stream_name":"stdout","time":159.389973364,"data":"   ━━━━━━━━━━━━━━━━━━━━━━━━━━━━━━━━━━━━━━━━ 740.6/740.6 kB 13.5 MB/s eta 0:00:00\n"}
,{"stream_name":"stdout","time":159.39000519,"data":"   ━━━━━━━━━━━━━━━━━━━━━━━━━━━━━━━━━━━━━━━━ 12.6/12.6 MB 97.7 MB/s eta 0:00:00\n"}
,{"stream_name":"stdout","time":159.408824095,"data":"   ━━━━━━━━━━━━━━━━━━━━━━━━━━━━━━━━━━━━━━━━ 6.7/6.7 MB 105.3 MB/s eta 0:00:00\n"}
,{"stream_name":"stdout","time":159.465080074,"data":"   ━━━━━━━━━━━━━━━━━━━━━━━━━━━━━━━━━━━━━━━━ 846.4/846.4 kB 20.2 MB/s eta 0:00:00\n"}
,{"stream_name":"stdout","time":159.500489375,"data":"   ━━━━━━━━━━━━━━━━━━━━━━━━━━━━━━━━━━━━━━━━ 304.9/304.9 kB 15.1 MB/s eta 0:00:00\n"}
,{"stream_name":"stdout","time":159.610406174,"data":"   ━━━━━━━━━━━━━━━━━━━━━━━━━━━━━━━━━━━━━━━━ 6.7/6.7 MB 105.3 MB/s eta 0:00:00\n"}
,{"stream_name":"stdout","time":159.610433252,"data":"   ━━━━━━━━━━━━━━━━━━━━━━━━━━━━━━━━━━━━━━━━ 846.4/846.4 kB 20.2 MB/s eta 0:00:00\n"}
,{"stream_name":"stdout","time":159.610438732,"data":"   ━━━━━━━━━━━━━━━━━━━━━━━━━━━━━━━━━━━━━━━━ 304.9/304.9 kB 15.1 MB/s eta 0:00:00\n"}
,{"stream_name":"stderr","time":198.99473791,"data":"Warning: You are sending unauthenticated requests to the HF Hub. Please set a HF_TOKEN to enable higher rate limits and faster downloads.\n"}
,{"stream_name":"stderr","time":198.994790516,"data":"\n"}
,{"stream_name":"stderr","time":198.99479753,"data":"Warning: You are sending unauthenticated requests to the HF Hub. Please set a HF_TOKEN to enable higher rate limits and faster downloads.\n"}
,{"stream_name":"stdout","time":217.719219219,"data":"datasets path failed: HfUriError(\"Invalid HF URI 'hf://datasets/clinc_oos@155b9c710419136e17307b80d0a13e68cd46b4ec/.huggingface.yaml'. Repository id must be 'name\n"}
,{"stream_name":"stdout","time":217.908852668,"data":"source: github json | train 15000 | val 3100 | test 5500\n"}
,{"stream_name":"stdout","time":295.377306788,"data":"peak cuda GiB: 0.88\n"}
,{"stream_name":"stdout","time":305.979672662,"data":"cosine calibration: {\n"}
,{"stream_name":"stdout","time":305.979746007,"data":" \"t_prob\": 0.25,\n"}
,{"stream_name":"stdout","time":305.97975418,"data":" \"tau_answer\": 0.015279530048182147,\n"}
,{"stream_name":"stdout","time":305.97975946,"data":" \"qhat\": 0.02393932927923971,\n"}
,{"stream_name":"stdout","time":305.979764377,"data":" \"t_set\": 1.0,\n"}
,{"stream_name":"stdout","time":305.97976869,"data":" \"n_A\": 1497,\n"}
,{"stream_name":"stdout","time":305.979773012,"data":" \"n_B\": 1503,\n"}
,{"stream_name":"stdout","time":305.979777628,"data":" \"tau_in_schema\": 0.6991039514541626\n"}
,{"stream_name":"stdout","time":305.979792673,"data":"}\n"}
,{"stream_name":"stdout","time":306.599081635,"data":"cosine leg: {\"actions\": {\"escalate\": 3648, \"answer\": 1797, \"clarify\": 55}, \"resolved\": 0.482, \"encodes\": 5555, \"cov_hits\": 4113, \"n_in\": 4500, \"encodes_per_item\": 1.01, \"set_coverage_in_scope\": 0.914, \"mean_set_size\": 3.798, \"singleton_rate\": 0.0}\n"}
,{"stream_name":"stdout","time":309.630189573,"data":"head: {'best_val_loss': 0.09621404856443405, 'epochs_run': 27, 'n_train': 13500, 'n_classes': 150}\n"}
,{"stream_name":"stdout","time":309.630244305,"data":"TaskHead in-scope accuracy: 0.969\n"}
,{"stream_name":"stdout","time":309.630250311,"data":"head calibration: {\n"}
,{"stream_name":"stdout","time":309.630256891,"data":" \"t_prob\": 0.8548387096774194,\n"}
,{"stream_name":"stdout","time":309.630267171,"data":" \"tau_answer\": 0.2898013667933294,\n"}
,{"stream_name":"stdout","time":309.630270337,"data":" \"qhat\": 0.011418504446059703,\n"}
,{"stream_name":"stdout","time":309.630273432,"data":" \"t_set\": 32.0,\n"}
,{"stream_name":"stdout","time":309.630276322,"data":" \"n_A\": 1497,\n"}
,{"stream_name":"stdout","time":309.630298795,"data":" \"n_B\": 1503,\n"}
,{"stream_name":"stdout","time":309.630304145,"data":" \"tau_in_schema\": 9.803707122802734\n"}
,{"stream_name":"stdout","time":309.630309238,"data":"}\n"}
,{"stream_name":"stdout","time":310.378372952,"data":"head leg: {\"actions\": {\"answer\": 4381, \"escalate\": 1119}, \"resolved\": 0.931, \"encodes\": 5500, \"cov_hits\": 4447, \"n_in\": 4500, \"encodes_per_item\": 1.0, \"set_coverage_in_scope\": 0.988, \"mean_set_size\": 1.935, \"singleton_rate\": 0.065}\n"}
,{"stream_name":"stdout","time":310.393259768,"data":"head scores saved for offline re-evaluation\n"}
,{"stream_name":"stdout","time":310.678724057,"data":"cosine_leg   cov high=0.986(n1500) low=0.791(n1500) mid=0.965(n1500) | undercovered ['low']\n"}
,{"stream_name":"stdout","time":310.678750893,"data":"             assert=0.9047085201793722 deferred=0.6586892488954345 enrichment=3.581755176297323 actions={'answer': 1784, 'clarify': 55, 'escalate': 2661}\n"}
,{"stream_name":"stdout","time":310.67875649,"data":"taskhead_leg cov high=1.000(n1500) low=0.969(n1500) mid=0.996(n1500) | undercovered none\n"}
,{"stream_name":"stdout","time":310.67876038,"data":"             assert=0.9813606710158435 deferred=0.7211538461538461 enrichment=14.960096153846175 actions={'answer': 4292, 'escalate': 208}\n"}
,{"stream_name":"stdout","time":310.678764927,"data":"memorization: {\"n_options\": 150, \"chance_top_prob\": 0.006666666666666667, \"rotation_consistency\": 1.0, \"withheld_top_prob\": 0.3520362469218582, \"withheld_answered\": 0, \"rotation_invariant\": true, \"withholding_collapses\": true, \"passed\": true}\n"}
,{"stream_name":"stdout","time":310.825296152,"data":"bundle round-trip: 200/200 identical\n"}
,{"stream_name":"stderr","time":311.218070718,"data":"Repo card metadata block was not found. Setting CardData to empty.\n"}
,{"stream_name":"stderr","time":311.218099805,"data":"\n"}
,{"stream_name":"stderr","time":311.218104875,"data":"Repo card metadata block was not found. Setting CardData to empty.\n"}
,{"stream_name":"stdout","time":342.620861147,"data":"ordinal: acc 0.432 mae 0.732 | zeroshot: acc 0.318 mae 0.875\n"}
,{"stream_name":"stdout","time":359.809804754,"data":"'i need to cancel my flight tomorrow'\n"}
,{"stream_name":"stdout","time":359.809833111,"data":"  -\u003e action=escalate top=0.334 set=['cancel reservation', 'pto request']\n"}
,{"stream_name":"stdout","time":359.809839441,"data":"'what is the balance on my account'\n"}
,{"stream_name":"stdout","time":359.809844122,"data":"  -\u003e action=answer top=0.997 set=['balance', 'bill balance']\n"}
,{"stream_name":"stdout","time":359.809859016,"data":"'how do i activate my new card'\n"}
,{"stream_name":"stdout","time":359.809862774,"data":"  -\u003e action=escalate top=0.970 set=['new card', 'redeem rewards']\n"}
,{"stream_name":"stdout","time":359.809866117,"data":"'i lost my wallet on the bus yesterday'\n"}
,{"stream_name":"stdout","time":359.809869239,"data":"  -\u003e action=escalate top=0.217 set=['lost luggage', 'spending history']\n"}
,{"stream_name":"stdout","time":359.809877236,"data":"'when will my paycheck arrive'\n"}
,{"stream_name":"stdout","time":359.809879642,"data":"  -\u003e action=answer top=0.998 set=['payday', 'income']\n"}
,{"stream_name":"stdout","time":359.809882212,"data":"'can you transfer two hundred dollars to my savings'\n"}
,{"stream_name":"stdout","time":359.809884477,"data":"  -\u003e action=answer top=1.000 set=['transfer', 'balance']\n"}
,{"stream_name":"stdout","time":359.809886741,"data":"'why was my card declined at the store'\n"}
,{"stream_name":"stdout","time":359.809889601,"data":"  -\u003e action=answer top=1.000 set=['card declined', 'account blocked']\n"}
,{"stream_name":"stdout","time":359.809893091,"data":"'i want to dispute this charge i never made'\n"}
,{"stream_name":"stdout","time":359.809896597,"data":"  -\u003e action=escalate top=0.774 set=['report fraud', 'cancel']\n"}
,{"stream_name":"stdout","time":359.809898888,"data":"'do you do currency exchange for euros'\n"}
,{"stream_name":"stdout","time":359.80990109,"data":"  -\u003e action=answer top=0.999 set=['exchange rate', 'plug type']\n"}
,{"stream_name":"stdout","time":359.809903402,"data":"'my phone was stolen and i need to freeze everything'\n"}
,{"stream_name":"stdout","time":359.809905604,"data":"  -\u003e action=escalate top=0.461 set=['sync device', 'freeze account']\n"}
,{"stream_name":"stdout","time":359.809907875,"data":"'tell me something completely unrelated to banking intents xyz'\n"}
,{"stream_name":"stdout","time":359.809910103,"data":"  -\u003e action=escalate top=0.364 set=['no', 'what can i ask you']\n"}
,{"stream_name":"stdout","time":359.809913305,"data":"'blorple snizzle wumpus quack'\n"}
,{"stream_name":"stdout","time":359.809929976,"data":"  -\u003e action=escalate top=0.111 set=['tell joke', 'repeat']\n"}
,{"stream_name":"stdout","time":360.013026066,"data":"wrote 1500 labeled rows over 150 classes\n"}
,{"stream_name":"stdout","time":381.653373247,"data":"adapt: 1500 examples, 150 classes | headroom 0.709 | test acc 0.904 cov 0.947 set 2.02\n"}
,{"stream_name":"stdout","time":397.815291758,"data":"round trip: action=answer top=0.194 set=['book flight', 'pay bill', 'travel notification']\n"}
,{"stream_name":"stdout","time":414.021854515,"data":"serve: POST /decide -\u003e escalate (909ms) | stats: 1 req, p50=909ms\n"}
,{"stream_name":"stdout","time":429.328039883,"data":"cosine     acc=0.756 log=4.287 brier=0.978 ece=0.741\n"}
,{"stream_name":"stdout","time":429.328093402,"data":"taskhead   acc=0.969 log=0.118 brier=0.046 ece=0.006\n"}
,{"stream_name":"stdout","time":429.328100626,"data":"tfidf_lr   acc=0.906 log=0.687 brier=0.230 ece=0.235\n"}
,{"stream_name":"stdout","time":439.902588971,"data":"cosine     acc=0.756 [0.744,0.768] aurc=0.1135 ece15=0.741 acc@80=0.834\n"}
,{"stream_name":"stdout","time":439.902623454,"data":"taskhead   acc=0.969 [0.964,0.974] aurc=0.0026 ece15=0.006 acc@80=0.996\n"}
,{"stream_name":"stdout","time":439.902633309,"data":"tfidf_lr   acc=0.906 [0.898,0.914] aurc=0.0180 ece15=0.235 acc@80=0.969\n"}
,{"stream_name":"stdout","time":440.420145126,"data":"acc by nearest-train-similarity band: {\n"}
,{"stream_name":"stdout","time":440.420222093,"data":" \"[-1,0.8)\": {\n"}
,{"stream_name":"stdout","time":440.420227702,"data":"  \"n\": 190,\n"}
,{"stream_name":"stdout","time":440.420231488,"data":"  \"acc\": 0.9105263157894737\n"}
,{"stream_name":"stdout","time":440.420235548,"data":" },\n"}
,{"stream_name":"stdout","time":440.420239297,"data":" \"[0.8,0.9)\": {\n"}
,{"stream_name":"stdout","time":440.420242638,"data":"  \"n\": 1350,\n"}
,{"stream_name":"stdout","time":440.420245935,"data":"  \"acc\": 0.9422222222222222\n"}
,{"stream_name":"stdout","time":440.420249253,"data":" },\n"}
,{"stream_name":"stdout","time":440.420252351,"data":" \"[0.9,0.95)\": {\n"}
,{"stream_name":"stdout","time":440.420255634,"data":"  \"n\": 1146,\n"}
,{"stream_name":"stdout","time":440.420258832,"data":"  \"acc\": 0.9729493891797557\n"}
,{"stream_name":"stdout","time":440.420262085,"data":" },\n"}
,{"stream_name":"stdout","time":440.420265165,"data":" \"[0.95,1.01)\": {\n"}
,{"stream_name":"stdout","time":440.420268436,"data":"  \"n\": 1814,\n"}
,{"stream_name":"stdout","time":440.420278658,"data":"  \"acc\": 0.9933847850055126\n"}
,{"stream_name":"stdout","time":440.420282103,"data":" }\n"}
,{"stream_name":"stdout","time":440.420285216,"data":"}\n"}
,{"stream_name":"stdout","time":457.017940967,"data":"banking77        k= 77 head=0.930 cos=0.929 tfidf=0.731\n"}
,{"stream_name":"stdout","time":476.571427272,"data":"emotion          k=  6 head=0.625 cos=0.498 tfidf=0.580\n"}
,{"stream_name":"stdout","time":501.590900085,"data":"tweet_emotion    k=  4 head=0.798 cos=0.756 tfidf=0.565\n"}
,{"stream_name":"stdout","time":530.002481184,"data":"tweet_sentiment  k=  3 head=0.666 cos=0.575 tfidf=0.488\n"}
,{"stream_name":"stdout","time":557.171055484,"data":"tweet_hate       k=  2 head=0.586 cos=0.568 tfidf=0.529\n"}
,{"stream_name":"stdout","time":573.725864359,"data":"sst2             k=  2 head=0.847 cos=0.854 tfidf=0.682\n"}
,{"stream_name":"stdout","time":618.466930406,"data":"ag_news          k=  4 head=0.869 cos=0.614 tfidf=0.786\n"}
,{"stream_name":"stdout","time":688.313782076,"data":"dbpedia_14       k= 14 head=0.970 cos=0.776 tfidf=0.927\n"}
,{"stream_name":"stdout","time":730.802324101,"data":"mnli             k=  3 head=0.449 cos=0.368 tfidf=0.379\n"}
,{"stream_name":"stdout","time":744.080417097,"data":"massive_intent_en k= 60 head=0.895 cos=0.888 tfidf=0.678\n"}
,{"stream_name":"stderr","time":746.50379744,"data":"/usr/local/lib/python3.13/dist-packages/mteb/models/model_meta.py:969: FutureWarning: The `get_sentence_embedding_dimension` method has been renamed to `get_embedding_dimension`.\n"}
,{"stream_name":"stderr","time":746.503842537,"data":"  embedding_dimensions = model.get_sentence_embedding_dimension()\n"}
,{"stream_name":"stderr","time":746.503848615,"data":"/usr/local/lib/python3.13/dist-packages/mteb/models/model_meta.py:929: FutureWarning: The `get_sentence_embedding_dimension` method has been renamed to `get_embedding_dimension`.\n"}
,{"stream_name":"stderr","time":746.503854203,"data":"  embed_dim=model.get_sentence_embedding_dimension(),\n"}
,{"stream_name":"stderr","time":746.503860959,"data":"Task name CodeRetrieval is not valid. Valid keys are task types [('BitextMining', 'Classification', 'MultilabelClassification', 'Clustering', 'PairClassification', 'Regression', 'Reranking', 'Retrieval', 'STS', 'Summarization', 'InstructionRetrieval', 'InstructionReranking', 'Any2AnyReranking', 'Any2AnyRetrieval', 'Any2AnyMultilingualRetrieval', 'VisionCentricQA', 'ImageClustering', 'ImageClassification', 'DocumentUnderstanding', 'VisualSTS(eng)', 'VisualSTS(multi)', 'ZeroShotClassification', 'Compositionality', 'AudioClustering', 'AudioMultilabelClassification', 'AudioReranking', 'AudioZeroshotClassification', 'AudioClassification', 'AudioPairClassification', 'VideoClassification', 'VideoClustering', 'VideoMultilabelClassification', 'VideoPairClassification', 'VideoZeroshotClassification', 'VideoCentricQA')], prompt types [['query', 'document']], and task names\n"}
,{"stream_name":"stderr","time":746.503890577,"data":"\n"}
,{"stream_name":"stderr","time":746.503894489,"data":"/usr/local/lib/python3.13/dist-packages/mteb/models/model_meta.py:969: FutureWarning: The `get_sentence_embedding_dimension` method has been renamed to `get_embedding_dimension`.\n"}
,{"stream_name":"stderr","time":746.503898682,"data":"  embedding_dimensions = model.get_sentence_embedding_dimension()\n"}
,{"stream_name":"stderr","time":746.503902528,"data":"/usr/local/lib/python3.13/dist-packages/mteb/models/model_meta.py:929: FutureWarning: The `get_sentence_embedding_dimension` method has been renamed to `get_embedding_dimension`.\n"}
,{"stream_name":"stderr","time":746.50390696,"data":"  embed_dim=model.get_sentence_embedding_dimension(),\n"}
,{"stream_name":"stderr","time":746.503911811,"data":"Task name CodeRetrieval is not valid. Valid keys are task types [('BitextMining', 'Classification', 'MultilabelClassification', 'Clustering', 'PairClassification', 'Regression', 'Reranking', 'Retrieval', 'STS', 'Summarization', 'InstructionRetrieval', 'InstructionReranking', 'Any2AnyReranking', 'Any2AnyRetrieval', 'Any2AnyMultilingualRetrieval', 'VisionCentricQA', 'ImageClustering', 'ImageClassification', 'DocumentUnderstanding', 'VisualSTS(eng)', 'VisualSTS(multi)', 'ZeroShotClassification', 'Compositionality', 'AudioClustering', 'AudioMultilabelClassification', 'AudioReranking', 'AudioZeroshotClassification', 'AudioClassification', 'AudioPairClassification', 'VideoClassification', 'VideoClustering', 'VideoMultilabelClassification', 'VideoPairClassification', 'VideoZeroshotClassification', 'VideoCentricQA')], prompt types [['query', 'document']], and task names\n"}
,{"stream_name":"stderr","time":746.51306684,"data":"/usr/local/lib/python3.13/dist-packages/mteb/models/sentence_transformer_wrapper.py:150: UserWarning: Task name CodeRetrieval is not valid. Valid keys are task types [('BitextMining', 'Classification', 'MultilabelClassification', 'Clustering', 'PairClassification', 'Regression', 'Reranking', 'Retrieval', 'STS', 'Summarization', 'InstructionRetrieval', 'InstructionReranking', 'Any2AnyReranking', 'Any2AnyRetrieval', 'Any2AnyMultilingualRetrieval', 'VisionCentricQA', 'ImageClustering', 'ImageClassification', 'DocumentUnderstanding', 'VisualSTS(eng)', 'VisualSTS(multi)', 'ZeroShotClassification', 'Compositionality', 'AudioClustering', 'AudioMultilabelClassification', 'AudioReranking', 'AudioZeroshotClassification', 'AudioClassification', 'AudioPairClassification', 'VideoClassification', 'VideoClustering', 'VideoMultilabelClassification', 'VideoPairClassification', 'VideoZeroshotClassification', 'VideoCentricQA')], prompt types [['query', 'document']], and task names\n"}
,{"stream_name":"stderr","time":746.513097224,"data":"  resolved_prompts, invalid_prompts = AbsEncoder.validate_task_to_prompt_name(\n"}
,{"stream_name":"stderr","time":746.513102542,"data":"Task name Document is not valid. Valid keys are task types [('BitextMining', 'Classification', 'MultilabelClassification', 'Clustering', 'PairClassification', 'Regression', 'Reranking', 'Retrieval', 'STS', 'Summarization', 'InstructionRetrieval', 'InstructionReranking', 'Any2AnyReranking', 'Any2AnyRetrieval', 'Any2AnyMultilingualRetrieval', 'VisionCentricQA', 'ImageClustering', 'ImageClassification', 'DocumentUnderstanding', 'VisualSTS(eng)', 'VisualSTS(multi)', 'ZeroShotClassification', 'Compositionality', 'AudioClustering', 'AudioMultilabelClassification', 'AudioReranking', 'AudioZeroshotClassification', 'AudioClassification', 'AudioPairClassification', 'VideoClassification', 'VideoClustering', 'VideoMultilabelClassification', 'VideoPairClassification', 'VideoZeroshotClassification', 'VideoCentricQA')], prompt types [['query', 'document']], and task names\n"}
,{"stream_name":"stderr","time":746.513121087,"data":"\n"}
,{"stream_name":"stderr","time":746.513126312,"data":"/usr/local/lib/python3.13/dist-packages/mteb/models/sentence_transformer_wrapper.py:150: UserWarning: Task name CodeRetrieval is not valid. Valid keys are task types [('BitextMining', 'Classification', 'MultilabelClassification', 'Clustering', 'PairClassification', 'Regression', 'Reranking', 'Retrieval', 'STS', 'Summarization', 'InstructionRetrieval', 'InstructionReranking', 'Any2AnyReranking', 'Any2AnyRetrieval', 'Any2AnyMultilingualRetrieval', 'VisionCentricQA', 'ImageClustering', 'ImageClassification', 'DocumentUnderstanding', 'VisualSTS(eng)', 'VisualSTS(multi)', 'ZeroShotClassification', 'Compositionality', 'AudioClustering', 'AudioMultilabelClassification', 'AudioReranking', 'AudioZeroshotClassification', 'AudioClassification', 'AudioPairClassification', 'VideoClassification', 'VideoClustering', 'VideoMultilabelClassification', 'VideoPairClassification', 'VideoZeroshotClassification', 'VideoCentricQA')], prompt types [['query', 'document']], and task names\n"}
,{"stream_name":"stderr","time":746.513133862,"data":"  resolved_prompts, invalid_prompts = AbsEncoder.validate_task_to_prompt_name(\n"}
,{"stream_name":"stderr","time":746.513138145,"data":"Task name Document is not valid. Valid keys are task types [('BitextMining', 'Classification', 'MultilabelClassification', 'Clustering', 'PairClassification', 'Regression', 'Reranking', 'Retrieval', 'STS', 'Summarization', 'InstructionRetrieval', 'InstructionReranking', 'Any2AnyReranking', 'Any2AnyRetrieval', 'Any2AnyMultilingualRetrieval', 'VisionCentricQA', 'ImageClustering', 'ImageClassification', 'DocumentUnderstanding', 'VisualSTS(eng)', 'VisualSTS(multi)', 'ZeroShotClassification', 'Compositionality', 'AudioClustering', 'AudioMultilabelClassification', 'AudioReranking', 'AudioZeroshotClassification', 'AudioClassification', 'AudioPairClassification', 'VideoClassification', 'VideoClustering', 'VideoMultilabelClassification', 'VideoPairClassification', 'VideoZeroshotClassification', 'VideoCentricQA')], prompt types [['query', 'document']], and task names\n"}
,{"stream_name":"stderr","time":746.5205842,"data":"/usr/local/lib/python3.13/dist-packages/mteb/models/sentence_transformer_wrapper.py:150: UserWarning: Task name Document is not valid. Valid keys are task types [('BitextMining', 'Classification', 'MultilabelClassification', 'Clustering', 'PairClassification', 'Regression', 'Reranking', 'Retrieval', 'STS', 'Summarization', 'InstructionRetrieval', 'InstructionReranking', 'Any2AnyReranking', 'Any2AnyRetrieval', 'Any2AnyMultilingualRetrieval', 'VisionCentricQA', 'ImageClustering', 'ImageClassification', 'DocumentUnderstanding', 'VisualSTS(eng)', 'VisualSTS(multi)', 'ZeroShotClassification', 'Compositionality', 'AudioClustering', 'AudioMultilabelClassification', 'AudioReranking', 'AudioZeroshotClassification', 'AudioClassification', 'AudioPairClassification', 'VideoClassification', 'VideoClustering', 'VideoMultilabelClassification', 'VideoPairClassification', 'VideoZeroshotClassification', 'VideoCentricQA')], prompt types [['query', 'document']], and task names\n"}
,{"stream_name":"stderr","time":746.520618788,"data":"  resolved_prompts, invalid_prompts = AbsEncoder.validate_task_to_prompt_name(\n"}
,{"stream_name":"stderr","time":746.520624057,"data":"Task name FactChecking is not valid. Valid keys are task types [('BitextMining', 'Classification', 'MultilabelClassification', 'Clustering', 'PairClassification', 'Regression', 'Reranking', 'Retrieval', 'STS', 'Summarization', 'InstructionRetrieval', 'InstructionReranking', 'Any2AnyReranking', 'Any2AnyRetrieval', 'Any2AnyMultilingualRetrieval', 'VisionCentricQA', 'ImageClustering', 'ImageClassification', 'DocumentUnderstanding', 'VisualSTS(eng)', 'VisualSTS(multi)', 'ZeroShotClassification', 'Compositionality', 'AudioClustering', 'AudioMultilabelClassification', 'AudioReranking', 'AudioZeroshotClassification', 'AudioClassification', 'AudioPairClassification', 'VideoClassification', 'VideoClustering', 'VideoMultilabelClassification', 'VideoPairClassification', 'VideoZeroshotClassification', 'VideoCentricQA')], prompt types [['query', 'document']], and task names\n"}
,{"stream_name":"stderr","time":746.520640392,"data":"\n"}
,{"stream_name":"stderr","time":746.52064494,"data":"/usr/local/lib/python3.13/dist-packages/mteb/models/sentence_transformer_wrapper.py:150: UserWarning: Task name Document is not valid. Valid keys are task types [('BitextMining', 'Classification', 'MultilabelClassification', 'Clustering', 'PairClassification', 'Regression', 'Reranking', 'Retrieval', 'STS', 'Summarization', 'InstructionRetrieval', 'InstructionReranking', 'Any2AnyReranking', 'Any2AnyRetrieval', 'Any2AnyMultilingualRetrieval', 'VisionCentricQA', 'ImageClustering', 'ImageClassification', 'DocumentUnderstanding', 'VisualSTS(eng)', 'VisualSTS(multi)', 'ZeroShotClassification', 'Compositionality', 'AudioClustering', 'AudioMultilabelClassification', 'AudioReranking', 'AudioZeroshotClassification', 'AudioClassification', 'AudioPairClassification', 'VideoClassification', 'VideoClustering', 'VideoMultilabelClassification', 'VideoPairClassification', 'VideoZeroshotClassification', 'VideoCentricQA')], prompt types [['query', 'document']], and task names\n"}
,{"stream_name":"stderr","time":746.52065196,"data":"  resolved_prompts, invalid_prompts = AbsEncoder.validate_task_to_prompt_name(\n"}
,{"stream_name":"stderr","time":746.520655952,"data":"Task name FactChecking is not valid. Valid keys are task types [('BitextMining', 'Classification', 'MultilabelClassification', 'Clustering', 'PairClassification', 'Regression', 'Reranking', 'Retrieval', 'STS', 'Summarization', 'InstructionRetrieval', 'InstructionReranking', 'Any2AnyReranking', 'Any2AnyRetrieval', 'Any2AnyMultilingualRetrieval', 'VisionCentricQA', 'ImageClustering', 'ImageClassification', 'DocumentUnderstanding', 'VisualSTS(eng)', 'VisualSTS(multi)', 'ZeroShotClassification', 'Compositionality', 'AudioClustering', 'AudioMultilabelClassification', 'AudioReranking', 'AudioZeroshotClassification', 'AudioClassification', 'AudioPairClassification', 'VideoClassification', 'VideoClustering', 'VideoMultilabelClassification', 'VideoPairClassification', 'VideoZeroshotClassification', 'VideoCentricQA')], prompt types [['query', 'document']], and task names\n"}
,{"stream_name":"stderr","time":746.531339281,"data":"/usr/local/lib/python3.13/dist-packages/mteb/models/sentence_transformer_wrapper.py:150: UserWarning: Task name FactChecking is not valid. Valid keys are task types [('BitextMining', 'Classification', 'MultilabelClassification', 'Clustering', 'PairClassification', 'Regression', 'Reranking', 'Retrieval', 'STS', 'Summarization', 'InstructionRetrieval', 'InstructionReranking', 'Any2AnyReranking', 'Any2AnyRetrieval', 'Any2AnyMultilingualRetrieval', 'VisionCentricQA', 'ImageClustering', 'ImageClassification', 'DocumentUnderstanding', 'VisualSTS(eng)', 'VisualSTS(multi)', 'ZeroShotClassification', 'Compositionality', 'AudioClustering', 'AudioMultilabelClassification', 'AudioReranking', 'AudioZeroshotClassification', 'AudioClassification', 'AudioPairClassification', 'VideoClassification', 'VideoClustering', 'VideoMultilabelClassification', 'VideoPairClassification', 'VideoZeroshotClassification', 'VideoCentricQA')], prompt types [['query', 'document']], and task names\n"}
,{"stream_name":"stderr","time":746.531369141,"data":"  resolved_prompts, invalid_prompts = AbsEncoder.validate_task_to_prompt_name(\n"}
,{"stream_name":"stderr","time":746.531374662,"data":"Task name QuestionAnswering is not valid. Valid keys are task types [('BitextMining', 'Classification', 'MultilabelClassification', 'Clustering', 'PairClassification', 'Regression', 'Reranking', 'Retrieval', 'STS', 'Summarization', 'InstructionRetrieval', 'InstructionReranking', 'Any2AnyReranking', 'Any2AnyRetrieval', 'Any2AnyMultilingualRetrieval', 'VisionCentricQA', 'ImageClustering', 'ImageClassification', 'DocumentUnderstanding', 'VisualSTS(eng)', 'VisualSTS(multi)', 'ZeroShotClassification', 'Compositionality', 'AudioClustering', 'AudioMultilabelClassification', 'AudioReranking', 'AudioZeroshotClassification', 'AudioClassification', 'AudioPairClassification', 'VideoClassification', 'VideoClustering', 'VideoMultilabelClassification', 'VideoPairClassification', 'VideoZeroshotClassification', 'VideoCentricQA')], prompt types [['query', 'document']], and task names\n"}
,{"stream_name":"stderr","time":746.53139176,"data":"\n"}
,{"stream_name":"stderr","time":746.531396596,"data":"/usr/local/lib/python3.13/dist-packages/mteb/models/sentence_transformer_wrapper.py:150: UserWarning: Task name FactChecking is not valid. Valid keys are task types [('BitextMining', 'Classification', 'MultilabelClassification', 'Clustering', 'PairClassification', 'Regression', 'Reranking', 'Retrieval', 'STS', 'Summarization', 'InstructionRetrieval', 'InstructionReranking', 'Any2AnyReranking', 'Any2AnyRetrieval', 'Any2AnyMultilingualRetrieval', 'VisionCentricQA', 'ImageClustering', 'ImageClassification', 'DocumentUnderstanding', 'VisualSTS(eng)', 'VisualSTS(multi)', 'ZeroShotClassification', 'Compositionality', 'AudioClustering', 'AudioMultilabelClassification', 'AudioReranking', 'AudioZeroshotClassification', 'AudioClassification', 'AudioPairClassification', 'VideoClassification', 'VideoClustering', 'VideoMultilabelClassification', 'VideoPairClassification', 'VideoZeroshotClassification', 'VideoCentricQA')], prompt types [['query', 'document']], and task names\n"}
,{"stream_name":"stderr","time":746.531403108,"data":"  resolved_prompts, invalid_prompts = AbsEncoder.validate_task_to_prompt_name(\n"}
,{"stream_name":"stderr","time":746.531406998,"data":"Task name QuestionAnswering is not valid. Valid keys are task types [('BitextMining', 'Classification', 'MultilabelClassification', 'Clustering', 'PairClassification', 'Regression', 'Reranking', 'Retrieval', 'STS', 'Summarization', 'InstructionRetrieval', 'InstructionReranking', 'Any2AnyReranking', 'Any2AnyRetrieval', 'Any2AnyMultilingualRetrieval', 'VisionCentricQA', 'ImageClustering', 'ImageClassification', 'DocumentUnderstanding', 'VisualSTS(eng)', 'VisualSTS(multi)', 'ZeroShotClassification', 'Compositionality', 'AudioClustering', 'AudioMultilabelClassification', 'AudioReranking', 'AudioZeroshotClassification', 'AudioClassification', 'AudioPairClassification', 'VideoClassification', 'VideoClustering', 'VideoMultilabelClassification', 'VideoPairClassification', 'VideoZeroshotClassification', 'VideoCentricQA')], prompt types [['query', 'document']], and task names\n"}
,{"stream_name":"stderr","time":746.532284814,"data":"/usr/local/lib/python3.13/dist-packages/mteb/models/sentence_transformer_wrapper.py:150: UserWarning: Task name QuestionAnswering is not valid. Valid keys are task types [('BitextMining', 'Classification', 'MultilabelClassification', 'Clustering', 'PairClassification', 'Regression', 'Reranking', 'Retrieval', 'STS', 'Summarization', 'InstructionRetrieval', 'InstructionReranking', 'Any2AnyReranking', 'Any2AnyRetrieval', 'Any2AnyMultilingualRetrieval', 'VisionCentricQA', 'ImageClustering', 'ImageClassification', 'DocumentUnderstanding', 'VisualSTS(eng)', 'VisualSTS(multi)', 'ZeroShotClassification', 'Compositionality', 'AudioClustering', 'AudioMultilabelClassification', 'AudioReranking', 'AudioZeroshotClassification', 'AudioClassification', 'AudioPairClassification', 'VideoClassification', 'VideoClustering', 'VideoMultilabelClassification', 'VideoPairClassification', 'VideoZeroshotClassification', 'VideoCentricQA')], prompt types [['query', 'document']], and task names\n"}
,{"stream_name":"stderr","time":746.532307809,"data":"  resolved_prompts, invalid_prompts = AbsEncoder.validate_task_to_prompt_name(\n"}
,{"stream_name":"stderr","time":746.532312522,"data":"Task name SearchQuery is not valid. Valid keys are task types [('BitextMining', 'Classification', 'MultilabelClassification', 'Clustering', 'PairClassification', 'Regression', 'Reranking', 'Retrieval', 'STS', 'Summarization', 'InstructionRetrieval', 'InstructionReranking', 'Any2AnyReranking', 'Any2AnyRetrieval', 'Any2AnyMultilingualRetrieval', 'VisionCentricQA', 'ImageClustering', 'ImageClassification', 'DocumentUnderstanding', 'VisualSTS(eng)', 'VisualSTS(multi)', 'ZeroShotClassification', 'Compositionality', 'AudioClustering', 'AudioMultilabelClassification', 'AudioReranking', 'AudioZeroshotClassification', 'AudioClassification', 'AudioPairClassification', 'VideoClassification', 'VideoClustering', 'VideoMultilabelClassification', 'VideoPairClassification', 'VideoZeroshotClassification', 'VideoCentricQA')], prompt types [['query', 'document']], and task names\n"}
,{"stream_name":"stderr","time":746.532326218,"data":"\n"}
,{"stream_name":"stderr","time":746.532330554,"data":"/usr/local/lib/python3.13/dist-packages/mteb/models/sentence_transformer_wrapper.py:150: UserWarning: Task name QuestionAnswering is not valid. Valid keys are task types [('BitextMining', 'Classification', 'MultilabelClassification', 'Clustering', 'PairClassification', 'Regression', 'Reranking', 'Retrieval', 'STS', 'Summarization', 'InstructionRetrieval', 'InstructionReranking', 'Any2AnyReranking', 'Any2AnyRetrieval', 'Any2AnyMultilingualRetrieval', 'VisionCentricQA', 'ImageClustering', 'ImageClassification', 'DocumentUnderstanding', 'VisualSTS(eng)', 'VisualSTS(multi)', 'ZeroShotClassification', 'Compositionality', 'AudioClustering', 'AudioMultilabelClassification', 'AudioReranking', 'AudioZeroshotClassification', 'AudioClassification', 'AudioPairClassification', 'VideoClassification', 'VideoClustering', 'VideoMultilabelClassification', 'VideoPairClassification', 'VideoZeroshotClassification', 'VideoCentricQA')], prompt types [['query', 'document']], and task names\n"}
,{"stream_name":"stderr","time":746.532337173,"data":"  resolved_prompts, invalid_prompts = AbsEncoder.validate_task_to_prompt_name(\n"}
,{"stream_name":"stderr","time":746.532340958,"data":"Task name SearchQuery is not valid. Valid keys are task types [('BitextMining', 'Classification', 'MultilabelClassification', 'Clustering', 'PairClassification', 'Regression', 'Reranking', 'Retrieval', 'STS', 'Summarization', 'InstructionRetrieval', 'InstructionReranking', 'Any2AnyReranking', 'Any2AnyRetrieval', 'Any2AnyMultilingualRetrieval', 'VisionCentricQA', 'ImageClustering', 'ImageClassification', 'DocumentUnderstanding', 'VisualSTS(eng)', 'VisualSTS(multi)', 'ZeroShotClassification', 'Compositionality', 'AudioClustering', 'AudioMultilabelClassification', 'AudioReranking', 'AudioZeroshotClassification', 'AudioClassification', 'AudioPairClassification', 'VideoClassification', 'VideoClustering', 'VideoMultilabelClassification', 'VideoPairClassification', 'VideoZeroshotClassification', 'VideoCentricQA')], prompt types [['query', 'document']], and task names\n"}
,{"stream_name":"stderr","time":746.547616412,"data":"/usr/local/lib/python3.13/dist-packages/mteb/models/sentence_transformer_wrapper.py:150: UserWarning: Task name SearchQuery is not valid. Valid keys are task types [('BitextMining', 'Classification', 'MultilabelClassification', 'Clustering', 'PairClassification', 'Regression', 'Reranking', 'Retrieval', 'STS', 'Summarization', 'InstructionRetrieval', 'InstructionReranking', 'Any2AnyReranking', 'Any2AnyRetrieval', 'Any2AnyMultilingualRetrieval', 'VisionCentricQA', 'ImageClustering', 'ImageClassification', 'DocumentUnderstanding', 'VisualSTS(eng)', 'VisualSTS(multi)', 'ZeroShotClassification', 'Compositionality', 'AudioClustering', 'AudioMultilabelClassification', 'AudioReranking', 'AudioZeroshotClassification', 'AudioClassification', 'AudioPairClassification', 'VideoClassification', 'VideoClustering', 'VideoMultilabelClassification', 'VideoPairClassification', 'VideoZeroshotClassification', 'VideoCentricQA')], prompt types [['query', 'document']], and task names\n"}
,{"stream_name":"stderr","time":746.54764194,"data":"  resolved_prompts, invalid_prompts = AbsEncoder.validate_task_to_prompt_name(\n"}
,{"stream_name":"stderr","time":746.547646516,"data":"Task name SentenceSimilarity is not valid. Valid keys are task types [('BitextMining', 'Classification', 'MultilabelClassification', 'Clustering', 'PairClassification', 'Regression', 'Reranking', 'Retrieval', 'STS', 'Summarization', 'InstructionRetrieval', 'InstructionReranking', 'Any2AnyReranking', 'Any2AnyRetrieval', 'Any2AnyMultilingualRetrieval', 'VisionCentricQA', 'ImageClustering', 'ImageClassification', 'DocumentUnderstanding', 'VisualSTS(eng)', 'VisualSTS(multi)', 'ZeroShotClassification', 'Compositionality', 'AudioClustering', 'AudioMultilabelClassification', 'AudioReranking', 'AudioZeroshotClassification', 'AudioClassification', 'AudioPairClassification', 'VideoClassification', 'VideoClustering', 'VideoMultilabelClassification', 'VideoPairClassification', 'VideoZeroshotClassification', 'VideoCentricQA')], prompt types [['query', 'document']], and task names\n"}
,{"stream_name":"stderr","time":746.547652334,"data":"\n"}
,{"stream_name":"stderr","time":746.547656331,"data":"/usr/local/lib/python3.13/dist-packages/mteb/models/sentence_transformer_wrapper.py:150: UserWarning: Task name SearchQuery is not valid. Valid keys are task types [('BitextMining', 'Classification', 'MultilabelClassification', 'Clustering', 'PairClassification', 'Regression', 'Reranking', 'Retrieval', 'STS', 'Summarization', 'InstructionRetrieval', 'InstructionReranking', 'Any2AnyReranking', 'Any2AnyRetrieval', 'Any2AnyMultilingualRetrieval', 'VisionCentricQA', 'ImageClustering', 'ImageClassification', 'DocumentUnderstanding', 'VisualSTS(eng)', 'VisualSTS(multi)', 'ZeroShotClassification', 'Compositionality', 'AudioClustering', 'AudioMultilabelClassification', 'AudioReranking', 'AudioZeroshotClassification', 'AudioClassification', 'AudioPairClassification', 'VideoClassification', 'VideoClustering', 'VideoMultilabelClassification', 'VideoPairClassification', 'VideoZeroshotClassification', 'VideoCentricQA')], prompt types [['query', 'document']], and task names\n"}
,{"stream_name":"stderr","time":746.547662534,"data":"  resolved_prompts, invalid_prompts = AbsEncoder.validate_task_to_prompt_name(\n"}
,{"stream_name":"stderr","time":746.547666269,"data":"Task name SentenceSimilarity is not valid. Valid keys are task types [('BitextMining', 'Classification', 'MultilabelClassification', 'Clustering', 'PairClassification', 'Regression', 'Reranking', 'Retrieval', 'STS', 'Summarization', 'InstructionRetrieval', 'InstructionReranking', 'Any2AnyReranking', 'Any2AnyRetrieval', 'Any2AnyMultilingualRetrieval', 'VisionCentricQA', 'ImageClustering', 'ImageClassification', 'DocumentUnderstanding', 'VisualSTS(eng)', 'VisualSTS(multi)', 'ZeroShotClassification', 'Compositionality', 'AudioClustering', 'AudioMultilabelClassification', 'AudioReranking', 'AudioZeroshotClassification', 'AudioClassification', 'AudioPairClassification', 'VideoClassification', 'VideoClustering', 'VideoMultilabelClassification', 'VideoPairClassification', 'VideoZeroshotClassification', 'VideoCentricQA')], prompt types [['query', 'document']], and task names\n"}
,{"stream_name":"stderr","time":746.548706355,"data":"/usr/local/lib/python3.13/dist-packages/mteb/models/sentence_transformer_wrapper.py:150: UserWarning: Task name SentenceSimilarity is not valid. Valid keys are task types [('BitextMining', 'Classification', 'MultilabelClassification', 'Clustering', 'PairClassification', 'Regression', 'Reranking', 'Retrieval', 'STS', 'Summarization', 'InstructionRetrieval', 'InstructionReranking', 'Any2AnyReranking', 'Any2AnyRetrieval', 'Any2AnyMultilingualRetrieval', 'VisionCentricQA', 'ImageClustering', 'ImageClassification', 'DocumentUnderstanding', 'VisualSTS(eng)', 'VisualSTS(multi)', 'ZeroShotClassification', 'Compositionality', 'AudioClustering', 'AudioMultilabelClassification', 'AudioReranking', 'AudioZeroshotClassification', 'AudioClassification', 'AudioPairClassification', 'VideoClassification', 'VideoClustering', 'VideoMultilabelClassification', 'VideoPairClassification', 'VideoZeroshotClassification', 'VideoCentricQA')], prompt types [['query', 'document']], and task names\n"}
,{"stream_name":"stderr","time":746.548762812,"data":"  resolved_prompts, invalid_prompts = AbsEncoder.validate_task_to_prompt_name(\n"}
,{"stream_name":"stderr","time":746.548768132,"data":"Some prompts are not in the expected format and will be ignored. Problems:\n"}
,{"stream_name":"stderr","time":746.548772008,"data":"\n"}
,{"stream_name":"stderr","time":746.548775829,"data":"Task name SentenceSimilarity is not valid. Valid keys are task types [('BitextMining', 'Classification', 'MultilabelClassification', 'Clustering', 'PairClassification', 'Regression', 'Reranking', 'Retrieval', 'STS', 'Summarization', 'InstructionRetrieval', 'InstructionReranking', 'Any2AnyReranking', 'Any2AnyRetrieval', 'Any2AnyMultilingualRetrieval', 'VisionCentricQA', 'ImageClustering', 'ImageClassification', 'DocumentUnderstanding', 'VisualSTS(eng)', 'VisualSTS(multi)', 'ZeroShotClassification', 'Compositionality', 'AudioClustering', 'AudioMultilabelClassification', 'AudioReranking', 'AudioZeroshotClassification', 'AudioClassification', 'AudioPairClassification', 'VideoClassification', 'VideoClustering', 'VideoMultilabelClassification', 'VideoPairClassification', 'VideoZeroshotClassification', 'VideoCentricQA')], prompt types [['query', 'document']], and task names\n"}
,{"stream_name":"stderr","time":746.548783496,"data":"Task name Document is not valid. Valid keys are task types [('BitextMining', 'Classification', 'MultilabelClassification', 'Clustering', 'PairClassification', 'Regression', 'Reranking', 'Retrieval', 'STS', 'Summarization', 'InstructionRetrieval', 'InstructionReranking', 'Any2AnyReranking', 'Any2AnyRetrieval', 'Any2AnyMultilingualRetrieval', 'VisionCentricQA', 'ImageClustering', 'ImageClassification', 'DocumentUnderstanding', 'VisualSTS(eng)', 'VisualSTS(multi)', 'ZeroShotClassification', 'Compositionality', 'AudioClustering', 'AudioMultilabelClassification', 'AudioReranking', 'AudioZeroshotClassification', 'AudioClassification', 'AudioPairClassification', 'VideoClassification', 'VideoClustering', 'VideoMultilabelClassification', 'VideoPairClassification', 'VideoZeroshotClassification', 'VideoCentricQA')], prompt types [['query', 'document']], and task names\n"}
,{"stream_name":"stderr","time":746.548789736,"data":"Task name CodeRetrieval is not valid. Valid keys are task types [('BitextMining', 'Classification', 'MultilabelClassification', 'Clustering', 'PairClassification', 'Regression', 'Reranking', 'Retrieval', 'STS', 'Summarization', 'InstructionRetrieval', 'InstructionReranking', 'Any2AnyReranking', 'Any2AnyRetrieval', 'Any2AnyMultilingualRetrieval', 'VisionCentricQA', 'ImageClustering', 'ImageClassification', 'DocumentUnderstanding', 'VisualSTS(eng)', 'VisualSTS(multi)', 'ZeroShotClassification', 'Compositionality', 'AudioClustering', 'AudioMultilabelClassification', 'AudioReranking', 'AudioZeroshotClassification', 'AudioClassification', 'AudioPairClassification', 'VideoClassification', 'VideoClustering', 'VideoMultilabelClassification', 'VideoPairClassification', 'VideoZeroshotClassification', 'VideoCentricQA')], prompt types [['query', 'document']], and task names\n"}
,{"stream_name":"stderr","time":746.548796047,"data":"Task name QuestionAnswering is not valid. Valid keys are task types [('BitextMining', 'Classification', 'MultilabelClassification', 'Clustering', 'PairClassification', 'Regression', 'Reranking', 'Retrieval', 'STS', 'Summarization', 'InstructionRetrieval', 'InstructionReranking', 'Any2AnyReranking', 'Any2AnyRetrieval', 'Any2AnyMultilingualRetrieval', 'VisionCentricQA', 'ImageClustering', 'ImageClassification', 'DocumentUnderstanding', 'VisualSTS(eng)', 'VisualSTS(multi)', 'ZeroShotClassification', 'Compositionality', 'AudioClustering', 'AudioMultilabelClassification', 'AudioReranking', 'AudioZeroshotClassification', 'AudioClassification', 'AudioPairClassification', 'VideoClassification', 'VideoClustering', 'VideoMultilabelClassification', 'VideoPairClassification', 'VideoZeroshotClassification', 'VideoCentricQA')], prompt types [['query', 'document']], and task names\n"}
,{"stream_name":"stderr","time":746.54880542,"data":"Task name SearchQuery is not valid. Valid keys are task types [('BitextMining', 'Classification', 'MultilabelClassification', 'Clustering', 'PairClassification', 'Regression', 'Reranking', 'Retrieval', 'STS', 'Summarization', 'InstructionRetrieval', 'InstructionReranking', 'Any2AnyReranking', 'Any2AnyRetrieval', 'Any2AnyMultilingualRetrieval', 'VisionCentricQA', 'ImageClustering', 'ImageClassification', 'DocumentUnderstanding', 'VisualSTS(eng)', 'VisualSTS(multi)', 'ZeroShotClassification', 'Compositionality', 'AudioClustering', 'AudioMultilabelClassification', 'AudioReranking', 'AudioZeroshotClassification', 'AudioClassification', 'AudioPairClassification', 'VideoClassification', 'VideoClustering', 'VideoMultilabelClassification', 'VideoPairClassification', 'VideoZeroshotClassification', 'VideoCentricQA')], prompt types [['query', 'document']], and task names\n"}
,{"stream_name":"stderr","time":746.548812479,"data":"Task name FactChecking is not valid. Valid keys are task types [('BitextMining', 'Classification', 'MultilabelClassification', 'Clustering', 'PairClassification', 'Regression', 'Reranking', 'Retrieval', 'STS', 'Summarization', 'InstructionRetrieval', 'InstructionReranking', 'Any2AnyReranking', 'Any2AnyRetrieval', 'Any2AnyMultilingualRetrieval', 'VisionCentricQA', 'ImageClustering', 'ImageClassification', 'DocumentUnderstanding', 'VisualSTS(eng)', 'VisualSTS(multi)', 'ZeroShotClassification', 'Compositionality', 'AudioClustering', 'AudioMultilabelClassification', 'AudioReranking', 'AudioZeroshotClassification', 'AudioClassification', 'AudioPairClassification', 'VideoClassification', 'VideoClustering', 'VideoMultilabelClassification', 'VideoPairClassification', 'VideoZeroshotClassification', 'VideoCentricQA')], prompt types [['query', 'document']], and task names\n"}
,{"stream_name":"stderr","time":746.548831105,"data":"\n"}
,{"stream_name":"stderr","time":746.548834955,"data":"/usr/local/lib/python3.13/dist-packages/mteb/models/sentence_transformer_wrapper.py:150: UserWarning: Task name SentenceSimilarity is not valid. Valid keys are task types [('BitextMining', 'Classification', 'MultilabelClassification', 'Clustering', 'PairClassification', 'Regression', 'Reranking', 'Retrieval', 'STS', 'Summarization', 'InstructionRetrieval', 'InstructionReranking', 'Any2AnyReranking', 'Any2AnyRetrieval', 'Any2AnyMultilingualRetrieval', 'VisionCentricQA', 'ImageClustering', 'ImageClassification', 'DocumentUnderstanding', 'VisualSTS(eng)', 'VisualSTS(multi)', 'ZeroShotClassification', 'Compositionality', 'AudioClustering', 'AudioMultilabelClassification', 'AudioReranking', 'AudioZeroshotClassification', 'AudioClassification', 'AudioPairClassification', 'VideoClassification', 'VideoClustering', 'VideoMultilabelClassification', 'VideoPairClassification', 'VideoZeroshotClassification', 'VideoCentricQA')], prompt types [['query', 'document']], and task names\n"}
,{"stream_name":"stderr","time":746.548841175,"data":"  resolved_prompts, invalid_prompts = AbsEncoder.validate_task_to_prompt_name(\n"}
,{"stream_name":"stderr","time":746.548844833,"data":"Some prompts are not in the expected format and will be ignored. Problems:\n"}
,{"stream_name":"stderr","time":746.548848293,"data":"\n"}
,{"stream_name":"stderr","time":746.548851985,"data":"Task name SentenceSimilarity is not valid. Valid keys are task types [('BitextMining', 'Classification', 'MultilabelClassification', 'Clustering', 'PairClassification', 'Regression', 'Reranking', 'Retrieval', 'STS', 'Summarization', 'InstructionRetrieval', 'InstructionReranking', 'Any2AnyReranking', 'Any2AnyRetrieval', 'Any2AnyMultilingualRetrieval', 'VisionCentricQA', 'ImageClustering', 'ImageClassification', 'DocumentUnderstanding', 'VisualSTS(eng)', 'VisualSTS(multi)', 'ZeroShotClassification', 'Compositionality', 'AudioClustering', 'AudioMultilabelClassification', 'AudioReranking', 'AudioZeroshotClassification', 'AudioClassification', 'AudioPairClassification', 'VideoClassification', 'VideoClustering', 'VideoMultilabelClassification', 'VideoPairClassification', 'VideoZeroshotClassification', 'VideoCentricQA')], prompt types [['query', 'document']], and task names\n"}
,{"stream_name":"stderr","time":746.548860963,"data":"Task name Document is not valid. Valid keys are task types [('BitextMining', 'Classification', 'MultilabelClassification', 'Clustering', 'PairClassification', 'Regression', 'Reranking', 'Retrieval', 'STS', 'Summarization', 'InstructionRetrieval', 'InstructionReranking', 'Any2AnyReranking', 'Any2AnyRetrieval', 'Any2AnyMultilingualRetrieval', 'VisionCentricQA', 'ImageClustering', 'ImageClassification', 'DocumentUnderstanding', 'VisualSTS(eng)', 'VisualSTS(multi)', 'ZeroShotClassification', 'Compositionality', 'AudioClustering', 'AudioMultilabelClassification', 'AudioReranking', 'AudioZeroshotClassification', 'AudioClassification', 'AudioPairClassification', 'VideoClassification', 'VideoClustering', 'VideoMultilabelClassification', 'VideoPairClassification', 'VideoZeroshotClassification', 'VideoCentricQA')], prompt types [['query', 'document']], and task names\n"}
,{"stream_name":"stderr","time":746.548867256,"data":"Task name CodeRetrieval is not valid. Valid keys are task types [('BitextMining', 'Classification', 'MultilabelClassification', 'Clustering', 'PairClassification', 'Regression', 'Reranking', 'Retrieval', 'STS', 'Summarization', 'InstructionRetrieval', 'InstructionReranking', 'Any2AnyReranking', 'Any2AnyRetrieval', 'Any2AnyMultilingualRetrieval', 'VisionCentricQA', 'ImageClustering', 'ImageClassification', 'DocumentUnderstanding', 'VisualSTS(eng)', 'VisualSTS(multi)', 'ZeroShotClassification', 'Compositionality', 'AudioClustering', 'AudioMultilabelClassification', 'AudioReranking', 'AudioZeroshotClassification', 'AudioClassification', 'AudioPairClassification', 'VideoClassification', 'VideoClustering', 'VideoMultilabelClassification', 'VideoPairClassification', 'VideoZeroshotClassification', 'VideoCentricQA')], prompt types [['query', 'document']], and task names\n"}
,{"stream_name":"stderr","time":746.548878769,"data":"Task name QuestionAnswering is not valid. Valid keys are task types [('BitextMining', 'Classification', 'MultilabelClassification', 'Clustering', 'PairClassification', 'Regression', 'Reranking', 'Retrieval', 'STS', 'Summarization', 'InstructionRetrieval', 'InstructionReranking', 'Any2AnyReranking', 'Any2AnyRetrieval', 'Any2AnyMultilingualRetrieval', 'VisionCentricQA', 'ImageClustering', 'ImageClassification', 'DocumentUnderstanding', 'VisualSTS(eng)', 'VisualSTS(multi)', 'ZeroShotClassification', 'Compositionality', 'AudioClustering', 'AudioMultilabelClassification', 'AudioReranking', 'AudioZeroshotClassification', 'AudioClassification', 'AudioPairClassification', 'VideoClassification', 'VideoClustering', 'VideoMultilabelClassification', 'VideoPairClassification', 'VideoZeroshotClassification', 'VideoCentricQA')], prompt types [['query', 'document']], and task names\n"}
,{"stream_name":"stderr","time":746.548884406,"data":"Task name SearchQuery is not valid. Valid keys are task types [('BitextMining', 'Classification', 'MultilabelClassification', 'Clustering', 'PairClassification', 'Regression', 'Reranking', 'Retrieval', 'STS', 'Summarization', 'InstructionRetrieval', 'InstructionReranking', 'Any2AnyReranking', 'Any2AnyRetrieval', 'Any2AnyMultilingualRetrieval', 'VisionCentricQA', 'ImageClustering', 'ImageClassification', 'DocumentUnderstanding', 'VisualSTS(eng)', 'VisualSTS(multi)', 'ZeroShotClassification', 'Compositionality', 'AudioClustering', 'AudioMultilabelClassification', 'AudioReranking', 'AudioZeroshotClassification', 'AudioClassification', 'AudioPairClassification', 'VideoClassification', 'VideoClustering', 'VideoMultilabelClassification', 'VideoPairClassification', 'VideoZeroshotClassification', 'VideoCentricQA')], prompt types [['query', 'document']], and task names\n"}
,{"stream_name":"stderr","time":746.548896887,"data":"Task name FactChecking is not valid. Valid keys are task types [('BitextMining', 'Classification', 'MultilabelClassification', 'Clustering', 'PairClassification', 'Regression', 'Reranking', 'Retrieval', 'STS', 'Summarization', 'InstructionRetrieval', 'InstructionReranking', 'Any2AnyReranking', 'Any2AnyRetrieval', 'Any2AnyMultilingualRetrieval', 'VisionCentricQA', 'ImageClustering', 'ImageClassification', 'DocumentUnderstanding', 'VisualSTS(eng)', 'VisualSTS(multi)', 'ZeroShotClassification', 'Compositionality', 'AudioClustering', 'AudioMultilabelClassification', 'AudioReranking', 'AudioZeroshotClassification', 'AudioClassification', 'AudioPairClassification', 'VideoClassification', 'VideoClustering', 'VideoMultilabelClassification', 'VideoPairClassification', 'VideoZeroshotClassification', 'VideoCentricQA')], prompt types [['query', 'document']], and task names\n"}
,{"stream_name":"stderr","time":746.572949559,"data":"/usr/local/lib/python3.13/dist-packages/mteb/models/sentence_transformer_wrapper.py:430: UserWarning: Some prompts are not in the expected format and will be ignored. Problems:\n"}
,{"stream_name":"stderr","time":746.572970075,"data":"\n"}
,{"stream_name":"stderr","time":746.57297587,"data":"Task name SentenceSimilarity is not valid. Valid keys are task types [('BitextMining', 'Classification', 'MultilabelClassification', 'Clustering', 'PairClassification', 'Regression', 'Reranking', 'Retrieval', 'STS', 'Summarization', 'InstructionRetrieval', 'InstructionReranking', 'Any2AnyReranking', 'Any2AnyRetrieval', 'Any2AnyMultilingualRetrieval', 'VisionCentricQA', 'ImageClustering', 'ImageClassification', 'DocumentUnderstanding', 'VisualSTS(eng)', 'VisualSTS(multi)', 'ZeroShotClassification', 'Compositionality', 'AudioClustering', 'AudioMultilabelClassification', 'AudioReranking', 'AudioZeroshotClassification', 'AudioClassification', 'AudioPairClassification', 'VideoClassification', 'VideoClustering', 'VideoMultilabelClassification', 'VideoPairClassification', 'VideoZeroshotClassification', 'VideoCentricQA')], prompt types [['query', 'document']], and task names\n"}
,{"stream_name":"stderr","time":746.572985551,"data":"Task name Document is not valid. Valid keys are task types [('BitextMining', 'Classification', 'MultilabelClassification', 'Clustering', 'PairClassification', 'Regression', 'Reranking', 'Retrieval', 'STS', 'Summarization', 'InstructionRetrieval', 'InstructionReranking', 'Any2AnyReranking', 'Any2AnyRetrieval', 'Any2AnyMultilingualRetrieval', 'VisionCentricQA', 'ImageClustering', 'ImageClassification', 'DocumentUnderstanding', 'VisualSTS(eng)', 'VisualSTS(multi)', 'ZeroShotClassification', 'Compositionality', 'AudioClustering', 'AudioMultilabelClassification', 'AudioReranking', 'AudioZeroshotClassification', 'AudioClassification', 'AudioPairClassification', 'VideoClassification', 'VideoClustering', 'VideoMultilabelClassification', 'VideoPairClassification', 'VideoZeroshotClassification', 'VideoCentricQA')], prompt types [['query', 'document']], and task names\n"}
,{"stream_name":"stderr","time":746.572992627,"data":"Task name CodeRetrieval is not valid. Valid keys are task types [('BitextMining', 'Classification', 'MultilabelClassification', 'Clustering', 'PairClassification', 'Regression', 'Reranking', 'Retrieval', 'STS', 'Summarization', 'InstructionRetrieval', 'InstructionReranking', 'Any2AnyReranking', 'Any2AnyRetrieval', 'Any2AnyMultilingualRetrieval', 'VisionCentricQA', 'ImageClustering', 'ImageClassification', 'DocumentUnderstanding', 'VisualSTS(eng)', 'VisualSTS(multi)', 'ZeroShotClassification', 'Compositionality', 'AudioClustering', 'AudioMultilabelClassification', 'AudioReranking', 'AudioZeroshotClassification', 'AudioClassification', 'AudioPairClassification', 'VideoClassification', 'VideoClustering', 'VideoMultilabelClassification', 'VideoPairClassification', 'VideoZeroshotClassification', 'VideoCentricQA')], prompt types [['query', 'document']], and task names\n"}
,{"stream_name":"stderr","time":746.573006619,"data":"Task name QuestionAnswering is not valid. Valid keys are task types [('BitextMining', 'Classification', 'MultilabelClassification', 'Clustering', 'PairClassification', 'Regression', 'Reranking', 'Retrieval', 'STS', 'Summarization', 'InstructionRetrieval', 'InstructionReranking', 'Any2AnyReranking', 'Any2AnyRetrieval', 'Any2AnyMultilingualRetrieval', 'VisionCentricQA', 'ImageClustering', 'ImageClassification', 'DocumentUnderstanding', 'VisualSTS(eng)', 'VisualSTS(multi)', 'ZeroShotClassification', 'Compositionality', 'AudioClustering', 'AudioMultilabelClassification', 'AudioReranking', 'AudioZeroshotClassification', 'AudioClassification', 'AudioPairClassification', 'VideoClassification', 'VideoClustering', 'VideoMultilabelClassification', 'VideoPairClassification', 'VideoZeroshotClassification', 'VideoCentricQA')], prompt types [['query', 'document']], and task names\n"}
,{"stream_name":"stderr","time":746.573025908,"data":"Task name SearchQuery is not valid. Valid keys are task types [('BitextMining', 'Classification', 'MultilabelClassification', 'Clustering', 'PairClassification', 'Regression', 'Reranking', 'Retrieval', 'STS', 'Summarization', 'InstructionRetrieval', 'InstructionReranking', 'Any2AnyReranking', 'Any2AnyRetrieval', 'Any2AnyMultilingualRetrieval', 'VisionCentricQA', 'ImageClustering', 'ImageClassification', 'DocumentUnderstanding', 'VisualSTS(eng)', 'VisualSTS(multi)', 'ZeroShotClassification', 'Compositionality', 'AudioClustering', 'AudioMultilabelClassification', 'AudioReranking', 'AudioZeroshotClassification', 'AudioClassification', 'AudioPairClassification', 'VideoClassification', 'VideoClustering', 'VideoMultilabelClassification', 'VideoPairClassification', 'VideoZeroshotClassification', 'VideoCentricQA')], prompt types [['query', 'document']], and task names\n"}
,{"stream_name":"stderr","time":746.573031702,"data":"Task name FactChecking is not valid. Valid keys are task types [('BitextMining', 'Classification', 'MultilabelClassification', 'Clustering', 'PairClassification', 'Regression', 'Reranking', 'Retrieval', 'STS', 'Summarization', 'InstructionRetrieval', 'InstructionReranking', 'Any2AnyReranking', 'Any2AnyRetrieval', 'Any2AnyMultilingualRetrieval', 'VisionCentricQA', 'ImageClustering', 'ImageClassification', 'DocumentUnderstanding', 'VisualSTS(eng)', 'VisualSTS(multi)', 'ZeroShotClassification', 'Compositionality', 'AudioClustering', 'AudioMultilabelClassification', 'AudioReranking', 'AudioZeroshotClassification', 'AudioClassification', 'AudioPairClassification', 'VideoClassification', 'VideoClustering', 'VideoMultilabelClassification', 'VideoPairClassification', 'VideoZeroshotClassification', 'VideoCentricQA')], prompt types [['query', 'document']], and task names\n"}
,{"stream_name":"stderr","time":746.57303732,"data":"  self.model_prompts = _resolve_model_prompts(self.model, model_prompts)\n"}
,{"stream_name":"stderr","time":746.573040963,"data":"\n"}
,{"stream_name":"stderr","time":746.573044529,"data":"/usr/local/lib/python3.13/dist-packages/mteb/models/sentence_transformer_wrapper.py:430: UserWarning: Some prompts are not in the expected format and will be ignored. Problems:\n"}
,{"stream_name":"stderr","time":746.57304863,"data":"\n"}
,{"stream_name":"stderr","time":746.573052478,"data":"Task name SentenceSimilarity is not valid. Valid keys are task types [('BitextMining', 'Classification', 'MultilabelClassification', 'Clustering', 'PairClassification', 'Regression', 'Reranking', 'Retrieval', 'STS', 'Summarization', 'InstructionRetrieval', 'InstructionReranking', 'Any2AnyReranking', 'Any2AnyRetrieval', 'Any2AnyMultilingualRetrieval', 'VisionCentricQA', 'ImageClustering', 'ImageClassification', 'DocumentUnderstanding', 'VisualSTS(eng)', 'VisualSTS(multi)', 'ZeroShotClassification', 'Compositionality', 'AudioClustering', 'AudioMultilabelClassification', 'AudioReranking', 'AudioZeroshotClassification', 'AudioClassification', 'AudioPairClassification', 'VideoClassification', 'VideoClustering', 'VideoMultilabelClassification', 'VideoPairClassification', 'VideoZeroshotClassification', 'VideoCentricQA')], prompt types [['query', 'document']], and task names\n"}
,{"stream_name":"stderr","time":746.573062573,"data":"Task name Document is not valid. Valid keys are task types [('BitextMining', 'Classification', 'MultilabelClassification', 'Clustering', 'PairClassification', 'Regression', 'Reranking', 'Retrieval', 'STS', 'Summarization', 'InstructionRetrieval', 'InstructionReranking', 'Any2AnyReranking', 'Any2AnyRetrieval', 'Any2AnyMultilingualRetrieval', 'VisionCentricQA', 'ImageClustering', 'ImageClassification', 'DocumentUnderstanding', 'VisualSTS(eng)', 'VisualSTS(multi)', 'ZeroShotClassification', 'Compositionality', 'AudioClustering', 'AudioMultilabelClassification', 'AudioReranking', 'AudioZeroshotClassification', 'AudioClassification', 'AudioPairClassification', 'VideoClassification', 'VideoClustering', 'VideoMultilabelClassification', 'VideoPairClassification', 'VideoZeroshotClassification', 'VideoCentricQA')], prompt types [['query', 'document']], and task names\n"}
,{"stream_name":"stderr","time":746.573069012,"data":"Task name CodeRetrieval is not valid. Valid keys are task types [('BitextMining', 'Classification', 'MultilabelClassification', 'Clustering', 'PairClassification', 'Regression', 'Reranking', 'Retrieval', 'STS', 'Summarization', 'InstructionRetrieval', 'InstructionReranking', 'Any2AnyReranking', 'Any2AnyRetrieval', 'Any2AnyMultilingualRetrieval', 'VisionCentricQA', 'ImageClustering', 'ImageClassification', 'DocumentUnderstanding', 'VisualSTS(eng)', 'VisualSTS(multi)', 'ZeroShotClassification', 'Compositionality', 'AudioClustering', 'AudioMultilabelClassification', 'AudioReranking', 'AudioZeroshotClassification', 'AudioClassification', 'AudioPairClassification', 'VideoClassification', 'VideoClustering', 'VideoMultilabelClassification', 'VideoPairClassification', 'VideoZeroshotClassification', 'VideoCentricQA')], prompt types [['query', 'document']], and task names\n"}
,{"stream_name":"stderr","time":746.573075214,"data":"Task name QuestionAnswering is not valid. Valid keys are task types [('BitextMining', 'Classification', 'MultilabelClassification', 'Clustering', 'PairClassification', 'Regression', 'Reranking', 'Retrieval', 'STS', 'Summarization', 'InstructionRetrieval', 'InstructionReranking', 'Any2AnyReranking', 'Any2AnyRetrieval', 'Any2AnyMultilingualRetrieval', 'VisionCentricQA', 'ImageClustering', 'ImageClassification', 'DocumentUnderstanding', 'VisualSTS(eng)', 'VisualSTS(multi)', 'ZeroShotClassification', 'Compositionality', 'AudioClustering', 'AudioMultilabelClassification', 'AudioReranking', 'AudioZeroshotClassification', 'AudioClassification', 'AudioPairClassification', 'VideoClassification', 'VideoClustering', 'VideoMultilabelClassification', 'VideoPairClassification', 'VideoZeroshotClassification', 'VideoCentricQA')], prompt types [['query', 'document']], and task names\n"}
,{"stream_name":"stderr","time":746.573081226,"data":"Task name SearchQuery is not valid. Valid keys are task types [('BitextMining', 'Classification', 'MultilabelClassification', 'Clustering', 'PairClassification', 'Regression', 'Reranking', 'Retrieval', 'STS', 'Summarization', 'InstructionRetrieval', 'InstructionReranking', 'Any2AnyReranking', 'Any2AnyRetrieval', 'Any2AnyMultilingualRetrieval', 'VisionCentricQA', 'ImageClustering', 'ImageClassification', 'DocumentUnderstanding', 'VisualSTS(eng)', 'VisualSTS(multi)', 'ZeroShotClassification', 'Compositionality', 'AudioClustering', 'AudioMultilabelClassification', 'AudioReranking', 'AudioZeroshotClassification', 'AudioClassification', 'AudioPairClassification', 'VideoClassification', 'VideoClustering', 'VideoMultilabelClassification', 'VideoPairClassification', 'VideoZeroshotClassification', 'VideoCentricQA')], prompt types [['query', 'document']], and task names\n"}
,{"stream_name":"stderr","time":746.57308953,"data":"Task name FactChecking is not valid. Valid keys are task types [('BitextMining', 'Classification', 'MultilabelClassification', 'Clustering', 'PairClassification', 'Regression', 'Reranking', 'Retrieval', 'STS', 'Summarization', 'InstructionRetrieval', 'InstructionReranking', 'Any2AnyReranking', 'Any2AnyRetrieval', 'Any2AnyMultilingualRetrieval', 'VisionCentricQA', 'ImageClustering', 'ImageClassification', 'DocumentUnderstanding', 'VisualSTS(eng)', 'VisualSTS(multi)', 'ZeroShotClassification', 'Compositionality', 'AudioClustering', 'AudioMultilabelClassification', 'AudioReranking', 'AudioZeroshotClassification', 'AudioClassification', 'AudioPairClassification', 'VideoClassification', 'VideoClustering', 'VideoMultilabelClassification', 'VideoPairClassification', 'VideoZeroshotClassification', 'VideoCentricQA')], prompt types [['query', 'document']], and task names\n"}
,{"stream_name":"stderr","time":746.573095473,"data":"  self.model_prompts = _resolve_model_prompts(self.model, model_prompts)\n"}
,{"stream_name":"stderr","time":746.575824619,"data":"The task 'Banking77Classification' is superseded by 'Banking77Classification.v2'. We recommend using the newer version of the task unless you are running a specific benchmark. See `get_task('Banking77Classification.v2').metadata.description` to get a description of the task and changes.\n"}
,{"stream_name":"stderr","time":746.575843147,"data":"\n"}
,{"stream_name":"stderr","time":746.575855972,"data":"The task 'Banking77Classification' is superseded by 'Banking77Classification.v2'. We recommend using the newer version of the task unless you are running a specific benchmark. See `get_task('Banking77Classification.v2').metadata.description` to get a description of the task and changes.\n"}
,{"stream_name":"stderr","time":746.694658706,"data":"/usr/local/lib/python3.13/dist-packages/mteb/evaluate.py:262: UserWarning: The task 'Banking77Classification' is superseded by 'Banking77Classification.v2'. We recommend using the newer version of the task unless you are running a specific benchmark. See `get_task('Banking77Classification.v2').metadata.description` to get a description of the task and changes.\n"}
,{"stream_name":"stderr","time":746.694711729,"data":"  task.check_if_dataset_is_superseded()\n"}
,{"stream_name":"stderr","time":746.69471918,"data":"\n"}
,{"stream_name":"stderr","time":746.694723031,"data":"/usr/local/lib/python3.13/dist-packages/mteb/evaluate.py:262: UserWarning: The task 'Banking77Classification' is superseded by 'Banking77Classification.v2'. We recommend using the newer version of the task unless you are running a specific benchmark. See `get_task('Banking77Classification.v2').metadata.description` to get a description of the task and changes.\n"}
,{"stream_name":"stderr","time":746.69472747,"data":"  task.check_if_dataset_is_superseded()\n"}
,{"stream_name":"stdout","time":843.085163424,"data":"Banking77Classification        main_score=0.9224 rev=0fd18e25\n"}
,{"stream_name":"stderr","time":843.086218334,"data":"/usr/local/lib/python3.13/dist-packages/mteb/models/model_meta.py:969: FutureWarning: The `get_sentence_embedding_dimension` method has been renamed to `get_embedding_dimension`.\n"}
,{"stream_name":"stderr","time":843.086238416,"data":"  embedding_dimensions = model.get_sentence_embedding_dimension()\n"}
,{"stream_name":"stderr","time":843.086243964,"data":"/usr/local/lib/python3.13/dist-packages/mteb/models/model_meta.py:929: FutureWarning: The `get_sentence_embedding_dimension` method has been renamed to `get_embedding_dimension`.\n"}
,{"stream_name":"stderr","time":843.086249326,"data":"  embed_dim=model.get_sentence_embedding_dimension(),\n"}
,{"stream_name":"stderr","time":843.086278858,"data":"Task name CodeRetrieval is not valid. Valid keys are task types [('BitextMining', 'Classification', 'MultilabelClassification', 'Clustering', 'PairClassification', 'Regression', 'Reranking', 'Retrieval', 'STS', 'Summarization', 'InstructionRetrieval', 'InstructionReranking', 'Any2AnyReranking', 'Any2AnyRetrieval', 'Any2AnyMultilingualRetrieval', 'VisionCentricQA', 'ImageClustering', 'ImageClassification', 'DocumentUnderstanding', 'VisualSTS(eng)', 'VisualSTS(multi)', 'ZeroShotClassification', 'Compositionality', 'AudioClustering', 'AudioMultilabelClassification', 'AudioReranking', 'AudioZeroshotClassification', 'AudioClassification', 'AudioPairClassification', 'VideoClassification', 'VideoClustering', 'VideoMultilabelClassification', 'VideoPairClassification', 'VideoZeroshotClassification', 'VideoCentricQA')], prompt types [['query', 'document']], and task names\n"}
,{"stream_name":"stderr","time":843.086286025,"data":"\n"}
,{"stream_name":"stderr","time":843.086289682,"data":"/usr/local/lib/python3.13/dist-packages/mteb/models/model_meta.py:969: FutureWarning: The `get_sentence_embedding_dimension` method has been renamed to `get_embedding_dimension`.\n"}
,{"stream_name":"stderr","time":843.0862943,"data":"  embedding_dimensions = model.get_sentence_embedding_dimension()\n"}
,{"stream_name":"stderr","time":843.086298064,"data":"/usr/local/lib/python3.13/dist-packages/mteb/models/model_meta.py:929: FutureWarning: The `get_sentence_embedding_dimension` method has been renamed to `get_embedding_dimension`.\n"}
,{"stream_name":"stderr","time":843.086302307,"data":"  embed_dim=model.get_sentence_embedding_dimension(),\n"}
,{"stream_name":"stderr","time":843.086306904,"data":"Task name CodeRetrieval is not valid. Valid keys are task types [('BitextMining', 'Classification', 'MultilabelClassification', 'Clustering', 'PairClassification', 'Regression', 'Reranking', 'Retrieval', 'STS', 'Summarization', 'InstructionRetrieval', 'InstructionReranking', 'Any2AnyReranking', 'Any2AnyRetrieval', 'Any2AnyMultilingualRetrieval', 'VisionCentricQA', 'ImageClustering', 'ImageClassification', 'DocumentUnderstanding', 'VisualSTS(eng)', 'VisualSTS(multi)', 'ZeroShotClassification', 'Compositionality', 'AudioClustering', 'AudioMultilabelClassification', 'AudioReranking', 'AudioZeroshotClassification', 'AudioClassification', 'AudioPairClassification', 'VideoClassification', 'VideoClustering', 'VideoMultilabelClassification', 'VideoPairClassification', 'VideoZeroshotClassification', 'VideoCentricQA')], prompt types [['query', 'document']], and task names\n"}
,{"stream_name":"stderr","time":843.095168053,"data":"/usr/local/lib/python3.13/dist-packages/mteb/models/sentence_transformer_wrapper.py:150: UserWarning: Task name CodeRetrieval is not valid. Valid keys are task types [('BitextMining', 'Classification', 'MultilabelClassification', 'Clustering', 'PairClassification', 'Regression', 'Reranking', 'Retrieval', 'STS', 'Summarization', 'InstructionRetrieval', 'InstructionReranking', 'Any2AnyReranking', 'Any2AnyRetrieval', 'Any2AnyMultilingualRetrieval', 'VisionCentricQA', 'ImageClustering', 'ImageClassification', 'DocumentUnderstanding', 'VisualSTS(eng)', 'VisualSTS(multi)', 'ZeroShotClassification', 'Compositionality', 'AudioClustering', 'AudioMultilabelClassification', 'AudioReranking', 'AudioZeroshotClassification', 'AudioClassification', 'AudioPairClassification', 'VideoClassification', 'VideoClustering', 'VideoMultilabelClassification', 'VideoPairClassification', 'VideoZeroshotClassification', 'VideoCentricQA')], prompt types [['query', 'document']], and task names\n"}
,{"stream_name":"stderr","time":843.095189299,"data":"  resolved_prompts, invalid_prompts = AbsEncoder.validate_task_to_prompt_name(\n"}
,{"stream_name":"stderr","time":843.095193983,"data":"Task name Document is not valid. Valid keys are task types [('BitextMining', 'Classification', 'MultilabelClassification', 'Clustering', 'PairClassification', 'Regression', 'Reranking', 'Retrieval', 'STS', 'Summarization', 'InstructionRetrieval', 'InstructionReranking', 'Any2AnyReranking', 'Any2AnyRetrieval', 'Any2AnyMultilingualRetrieval', 'VisionCentricQA', 'ImageClustering', 'ImageClassification', 'DocumentUnderstanding', 'VisualSTS(eng)', 'VisualSTS(multi)', 'ZeroShotClassification', 'Compositionality', 'AudioClustering', 'AudioMultilabelClassification', 'AudioReranking', 'AudioZeroshotClassification', 'AudioClassification', 'AudioPairClassification', 'VideoClassification', 'VideoClustering', 'VideoMultilabelClassification', 'VideoPairClassification', 'VideoZeroshotClassification', 'VideoCentricQA')], prompt types [['query', 'document']], and task names\n"}
,{"stream_name":"stderr","time":843.095209217,"data":"\n"}
,{"stream_name":"stderr","time":843.095214136,"data":"/usr/local/lib/python3.13/dist-packages/mteb/models/sentence_transformer_wrapper.py:150: UserWarning: Task name CodeRetrieval is not valid. Valid keys are task types [('BitextMining', 'Classification', 'MultilabelClassification', 'Clustering', 'PairClassification', 'Regression', 'Reranking', 'Retrieval', 'STS', 'Summarization', 'InstructionRetrieval', 'InstructionReranking', 'Any2AnyReranking', 'Any2AnyRetrieval', 'Any2AnyMultilingualRetrieval', 'VisionCentricQA', 'ImageClustering', 'ImageClassification', 'DocumentUnderstanding', 'VisualSTS(eng)', 'VisualSTS(multi)', 'ZeroShotClassification', 'Compositionality', 'AudioClustering', 'AudioMultilabelClassification', 'AudioReranking', 'AudioZeroshotClassification', 'AudioClassification', 'AudioPairClassification', 'VideoClassification', 'VideoClustering', 'VideoMultilabelClassification', 'VideoPairClassification', 'VideoZeroshotClassification', 'VideoCentricQA')], prompt types [['query', 'document']], and task names\n"}
,{"stream_name":"stderr","time":843.095220708,"data":"  resolved_prompts, invalid_prompts = AbsEncoder.validate_task_to_prompt_name(\n"}
,{"stream_name":"stderr","time":843.095224459,"data":"Task name Document is not valid. Valid keys are task types [('BitextMining', 'Classification', 'MultilabelClassification', 'Clustering', 'PairClassification', 'Regression', 'Reranking', 'Retrieval', 'STS', 'Summarization', 'InstructionRetrieval', 'InstructionReranking', 'Any2AnyReranking', 'Any2AnyRetrieval', 'Any2AnyMultilingualRetrieval', 'VisionCentricQA', 'ImageClustering', 'ImageClassification', 'DocumentUnderstanding', 'VisualSTS(eng)', 'VisualSTS(multi)', 'ZeroShotClassification', 'Compositionality', 'AudioClustering', 'AudioMultilabelClassification', 'AudioReranking', 'AudioZeroshotClassification', 'AudioClassification', 'AudioPairClassification', 'VideoClassification', 'VideoClustering', 'VideoMultilabelClassification', 'VideoPairClassification', 'VideoZeroshotClassification', 'VideoCentricQA')], prompt types [['query', 'document']], and task names\n"}
,{"stream_name":"stderr","time":843.096010428,"data":"/usr/local/lib/python3.13/dist-packages/mteb/models/sentence_transformer_wrapper.py:150: UserWarning: Task name Document is not valid. Valid keys are task types [('BitextMining', 'Classification', 'MultilabelClassification', 'Clustering', 'PairClassification', 'Regression', 'Reranking', 'Retrieval', 'STS', 'Summarization', 'InstructionRetrieval', 'InstructionReranking', 'Any2AnyReranking', 'Any2AnyRetrieval', 'Any2AnyMultilingualRetrieval', 'VisionCentricQA', 'ImageClustering', 'ImageClassification', 'DocumentUnderstanding', 'VisualSTS(eng)', 'VisualSTS(multi)', 'ZeroShotClassification', 'Compositionality', 'AudioClustering', 'AudioMultilabelClassification', 'AudioReranking', 'AudioZeroshotClassification', 'AudioClassification', 'AudioPairClassification', 'VideoClassification', 'VideoClustering', 'VideoMultilabelClassification', 'VideoPairClassification', 'VideoZeroshotClassification', 'VideoCentricQA')], prompt types [['query', 'document']], and task names\n"}
,{"stream_name":"stderr","time":843.096032948,"data":"  resolved_prompts, invalid_prompts = AbsEncoder.validate_task_to_prompt_name(\n"}
,{"stream_name":"stderr","time":843.096044886,"data":"Task name FactChecking is not valid. Valid keys are task types [('BitextMining', 'Classification', 'MultilabelClassification', 'Clustering', 'PairClassification', 'Regression', 'Reranking', 'Retrieval', 'STS', 'Summarization', 'InstructionRetrieval', 'InstructionReranking', 'Any2AnyReranking', 'Any2AnyRetrieval', 'Any2AnyMultilingualRetrieval', 'VisionCentricQA', 'ImageClustering', 'ImageClassification', 'DocumentUnderstanding', 'VisualSTS(eng)', 'VisualSTS(multi)', 'ZeroShotClassification', 'Compositionality', 'AudioClustering', 'AudioMultilabelClassification', 'AudioReranking', 'AudioZeroshotClassification', 'AudioClassification', 'AudioPairClassification', 'VideoClassification', 'VideoClustering', 'VideoMultilabelClassification', 'VideoPairClassification', 'VideoZeroshotClassification', 'VideoCentricQA')], prompt types [['query', 'document']], and task names\n"}
,{"stream_name":"stderr","time":843.096051304,"data":"\n"}
,{"stream_name":"stderr","time":843.096055234,"data":"/usr/local/lib/python3.13/dist-packages/mteb/models/sentence_transformer_wrapper.py:150: UserWarning: Task name Document is not valid. Valid keys are task types [('BitextMining', 'Classification', 'MultilabelClassification', 'Clustering', 'PairClassification', 'Regression', 'Reranking', 'Retrieval', 'STS', 'Summarization', 'InstructionRetrieval', 'InstructionReranking', 'Any2AnyReranking', 'Any2AnyRetrieval', 'Any2AnyMultilingualRetrieval', 'VisionCentricQA', 'ImageClustering', 'ImageClassification', 'DocumentUnderstanding', 'VisualSTS(eng)', 'VisualSTS(multi)', 'ZeroShotClassification', 'Compositionality', 'AudioClustering', 'AudioMultilabelClassification', 'AudioReranking', 'AudioZeroshotClassification', 'AudioClassification', 'AudioPairClassification', 'VideoClassification', 'VideoClustering', 'VideoMultilabelClassification', 'VideoPairClassification', 'VideoZeroshotClassification', 'VideoCentricQA')], prompt types [['query', 'document']], and task names\n"}
,{"stream_name":"stderr","time":843.096061751,"data":"  resolved_prompts, invalid_prompts = AbsEncoder.validate_task_to_prompt_name(\n"}
,{"stream_name":"stderr","time":843.096065418,"data":"Task name FactChecking is not valid. Valid keys are task types [('BitextMining', 'Classification', 'MultilabelClassification', 'Clustering', 'PairClassification', 'Regression', 'Reranking', 'Retrieval', 'STS', 'Summarization', 'InstructionRetrieval', 'InstructionReranking', 'Any2AnyReranking', 'Any2AnyRetrieval', 'Any2AnyMultilingualRetrieval', 'VisionCentricQA', 'ImageClustering', 'ImageClassification', 'DocumentUnderstanding', 'VisualSTS(eng)', 'VisualSTS(multi)', 'ZeroShotClassification', 'Compositionality', 'AudioClustering', 'AudioMultilabelClassification', 'AudioReranking', 'AudioZeroshotClassification', 'AudioClassification', 'AudioPairClassification', 'VideoClassification', 'VideoClustering', 'VideoMultilabelClassification', 'VideoPairClassification', 'VideoZeroshotClassification', 'VideoCentricQA')], prompt types [['query', 'document']], and task names\n"}
,{"stream_name":"stderr","time":843.111726863,"data":"/usr/local/lib/python3.13/dist-packages/mteb/models/sentence_transformer_wrapper.py:150: UserWarning: Task name FactChecking is not valid. Valid keys are task types [('BitextMining', 'Classification', 'MultilabelClassification', 'Clustering', 'PairClassification', 'Regression', 'Reranking', 'Retrieval', 'STS', 'Summarization', 'InstructionRetrieval', 'InstructionReranking', 'Any2AnyReranking', 'Any2AnyRetrieval', 'Any2AnyMultilingualRetrieval', 'VisionCentricQA', 'ImageClustering', 'ImageClassification', 'DocumentUnderstanding', 'VisualSTS(eng)', 'VisualSTS(multi)', 'ZeroShotClassification', 'Compositionality', 'AudioClustering', 'AudioMultilabelClassification', 'AudioReranking', 'AudioZeroshotClassification', 'AudioClassification', 'AudioPairClassification', 'VideoClassification', 'VideoClustering', 'VideoMultilabelClassification', 'VideoPairClassification', 'VideoZeroshotClassification', 'VideoCentricQA')], prompt types [['query', 'document']], and task names\n"}
,{"stream_name":"stderr","time":843.111784763,"data":"  resolved_prompts, invalid_prompts = AbsEncoder.validate_task_to_prompt_name(\n"}
,{"stream_name":"stderr","time":843.111791113,"data":"Task name QuestionAnswering is not valid. Valid keys are task types [('BitextMining', 'Classification', 'MultilabelClassification', 'Clustering', 'PairClassification', 'Regression', 'Reranking', 'Retrieval', 'STS', 'Summarization', 'InstructionRetrieval', 'InstructionReranking', 'Any2AnyReranking', 'Any2AnyRetrieval', 'Any2AnyMultilingualRetrieval', 'VisionCentricQA', 'ImageClustering', 'ImageClassification', 'DocumentUnderstanding', 'VisualSTS(eng)', 'VisualSTS(multi)', 'ZeroShotClassification', 'Compositionality', 'AudioClustering', 'AudioMultilabelClassification', 'AudioReranking', 'AudioZeroshotClassification', 'AudioClassification', 'AudioPairClassification', 'VideoClassification', 'VideoClustering', 'VideoMultilabelClassification', 'VideoPairClassification', 'VideoZeroshotClassification', 'VideoCentricQA')], prompt types [['query', 'document']], and task names\n"}
,{"stream_name":"stderr","time":843.111798805,"data":"\n"}
,{"stream_name":"stderr","time":843.111803117,"data":"/usr/local/lib/python3.13/dist-packages/mteb/models/sentence_transformer_wrapper.py:150: UserWarning: Task name FactChecking is not valid. Valid keys are task types [('BitextMining', 'Classification', 'MultilabelClassification', 'Clustering', 'PairClassification', 'Regression', 'Reranking', 'Retrieval', 'STS', 'Summarization', 'InstructionRetrieval', 'InstructionReranking', 'Any2AnyReranking', 'Any2AnyRetrieval', 'Any2AnyMultilingualRetrieval', 'VisionCentricQA', 'ImageClustering', 'ImageClassification', 'DocumentUnderstanding', 'VisualSTS(eng)', 'VisualSTS(multi)', 'ZeroShotClassification', 'Compositionality', 'AudioClustering', 'AudioMultilabelClassification', 'AudioReranking', 'AudioZeroshotClassification', 'AudioClassification', 'AudioPairClassification', 'VideoClassification', 'VideoClustering', 'VideoMultilabelClassification', 'VideoPairClassification', 'VideoZeroshotClassification', 'VideoCentricQA')], prompt types [['query', 'document']], and task names\n"}
,{"stream_name":"stderr","time":843.111810407,"data":"  resolved_prompts, invalid_prompts = AbsEncoder.validate_task_to_prompt_name(\n"}
,{"stream_name":"stderr","time":843.111822954,"data":"Task name QuestionAnswering is not valid. Valid keys are task types [('BitextMining', 'Classification', 'MultilabelClassification', 'Clustering', 'PairClassification', 'Regression', 'Reranking', 'Retrieval', 'STS', 'Summarization', 'InstructionRetrieval', 'InstructionReranking', 'Any2AnyReranking', 'Any2AnyRetrieval', 'Any2AnyMultilingualRetrieval', 'VisionCentricQA', 'ImageClustering', 'ImageClassification', 'DocumentUnderstanding', 'VisualSTS(eng)', 'VisualSTS(multi)', 'ZeroShotClassification', 'Compositionality', 'AudioClustering', 'AudioMultilabelClassification', 'AudioReranking', 'AudioZeroshotClassification', 'AudioClassification', 'AudioPairClassification', 'VideoClassification', 'VideoClustering', 'VideoMultilabelClassification', 'VideoPairClassification', 'VideoZeroshotClassification', 'VideoCentricQA')], prompt types [['query', 'document']], and task names\n"}
,{"stream_name":"stderr","time":843.112732133,"data":"/usr/local/lib/python3.13/dist-packages/mteb/models/sentence_transformer_wrapper.py:150: UserWarning: Task name QuestionAnswering is not valid. Valid keys are task types [('BitextMining', 'Classification', 'MultilabelClassification', 'Clustering', 'PairClassification', 'Regression', 'Reranking', 'Retrieval', 'STS', 'Summarization', 'InstructionRetrieval', 'InstructionReranking', 'Any2AnyReranking', 'Any2AnyRetrieval', 'Any2AnyMultilingualRetrieval', 'VisionCentricQA', 'ImageClustering', 'ImageClassification', 'DocumentUnderstanding', 'VisualSTS(eng)', 'VisualSTS(multi)', 'ZeroShotClassification', 'Compositionality', 'AudioClustering', 'AudioMultilabelClassification', 'AudioReranking', 'AudioZeroshotClassification', 'AudioClassification', 'AudioPairClassification', 'VideoClassification', 'VideoClustering', 'VideoMultilabelClassification', 'VideoPairClassification', 'VideoZeroshotClassification', 'VideoCentricQA')], prompt types [['query', 'document']], and task names\n"}
,{"stream_name":"stderr","time":843.112769468,"data":"  resolved_prompts, invalid_prompts = AbsEncoder.validate_task_to_prompt_name(\n"}
,{"stream_name":"stderr","time":843.112773489,"data":"Task name SearchQuery is not valid. Valid keys are task types [('BitextMining', 'Classification', 'MultilabelClassification', 'Clustering', 'PairClassification', 'Regression', 'Reranking', 'Retrieval', 'STS', 'Summarization', 'InstructionRetrieval', 'InstructionReranking', 'Any2AnyReranking', 'Any2AnyRetrieval', 'Any2AnyMultilingualRetrieval', 'VisionCentricQA', 'ImageClustering', 'ImageClassification', 'DocumentUnderstanding', 'VisualSTS(eng)', 'VisualSTS(multi)', 'ZeroShotClassification', 'Compositionality', 'AudioClustering', 'AudioMultilabelClassification', 'AudioReranking', 'AudioZeroshotClassification', 'AudioClassification', 'AudioPairClassification', 'VideoClassification', 'VideoClustering', 'VideoMultilabelClassification', 'VideoPairClassification', 'VideoZeroshotClassification', 'VideoCentricQA')], prompt types [['query', 'document']], and task names\n"}
,{"stream_name":"stderr","time":843.112777414,"data":"\n"}
,{"stream_name":"stderr","time":843.112780175,"data":"/usr/local/lib/python3.13/dist-packages/mteb/models/sentence_transformer_wrapper.py:150: UserWarning: Task name QuestionAnswering is not valid. Valid keys are task types [('BitextMining', 'Classification', 'MultilabelClassification', 'Clustering', 'PairClassification', 'Regression', 'Reranking', 'Retrieval', 'STS', 'Summarization', 'InstructionRetrieval', 'InstructionReranking', 'Any2AnyReranking', 'Any2AnyRetrieval', 'Any2AnyMultilingualRetrieval', 'VisionCentricQA', 'ImageClustering', 'ImageClassification', 'DocumentUnderstanding', 'VisualSTS(eng)', 'VisualSTS(multi)', 'ZeroShotClassification', 'Compositionality', 'AudioClustering', 'AudioMultilabelClassification', 'AudioReranking', 'AudioZeroshotClassification', 'AudioClassification', 'AudioPairClassification', 'VideoClassification', 'VideoClustering', 'VideoMultilabelClassification', 'VideoPairClassification', 'VideoZeroshotClassification', 'VideoCentricQA')], prompt types [['query', 'document']], and task names\n"}
,{"stream_name":"stderr","time":843.112784053,"data":"  resolved_prompts, invalid_prompts = AbsEncoder.validate_task_to_prompt_name(\n"}
,{"stream_name":"stderr","time":843.112799821,"data":"Task name SearchQuery is not valid. Valid keys are task types [('BitextMining', 'Classification', 'MultilabelClassification', 'Clustering', 'PairClassification', 'Regression', 'Reranking', 'Retrieval', 'STS', 'Summarization', 'InstructionRetrieval', 'InstructionReranking', 'Any2AnyReranking', 'Any2AnyRetrieval', 'Any2AnyMultilingualRetrieval', 'VisionCentricQA', 'ImageClustering', 'ImageClassification', 'DocumentUnderstanding', 'VisualSTS(eng)', 'VisualSTS(multi)', 'ZeroShotClassification', 'Compositionality', 'AudioClustering', 'AudioMultilabelClassification', 'AudioReranking', 'AudioZeroshotClassification', 'AudioClassification', 'AudioPairClassification', 'VideoClassification', 'VideoClustering', 'VideoMultilabelClassification', 'VideoPairClassification', 'VideoZeroshotClassification', 'VideoCentricQA')], prompt types [['query', 'document']], and task names\n"}
,{"stream_name":"stderr","time":843.126509733,"data":"/usr/local/lib/python3.13/dist-packages/mteb/models/sentence_transformer_wrapper.py:150: UserWarning: Task name SearchQuery is not valid. Valid keys are task types [('BitextMining', 'Classification', 'MultilabelClassification', 'Clustering', 'PairClassification', 'Regression', 'Reranking', 'Retrieval', 'STS', 'Summarization', 'InstructionRetrieval', 'InstructionReranking', 'Any2AnyReranking', 'Any2AnyRetrieval', 'Any2AnyMultilingualRetrieval', 'VisionCentricQA', 'ImageClustering', 'ImageClassification', 'DocumentUnderstanding', 'VisualSTS(eng)', 'VisualSTS(multi)', 'ZeroShotClassification', 'Compositionality', 'AudioClustering', 'AudioMultilabelClassification', 'AudioReranking', 'AudioZeroshotClassification', 'AudioClassification', 'AudioPairClassification', 'VideoClassification', 'VideoClustering', 'VideoMultilabelClassification', 'VideoPairClassification', 'VideoZeroshotClassification', 'VideoCentricQA')], prompt types [['query', 'document']], and task names\n"}
,{"stream_name":"stderr","time":843.126544039,"data":"  resolved_prompts, invalid_prompts = AbsEncoder.validate_task_to_prompt_name(\n"}
,{"stream_name":"stderr","time":843.126549876,"data":"Task name SentenceSimilarity is not valid. Valid keys are task types [('BitextMining', 'Classification', 'MultilabelClassification', 'Clustering', 'PairClassification', 'Regression', 'Reranking', 'Retrieval', 'STS', 'Summarization', 'InstructionRetrieval', 'InstructionReranking', 'Any2AnyReranking', 'Any2AnyRetrieval', 'Any2AnyMultilingualRetrieval', 'VisionCentricQA', 'ImageClustering', 'ImageClassification', 'DocumentUnderstanding', 'VisualSTS(eng)', 'VisualSTS(multi)', 'ZeroShotClassification', 'Compositionality', 'AudioClustering', 'AudioMultilabelClassification', 'AudioReranking', 'AudioZeroshotClassification', 'AudioClassification', 'AudioPairClassification', 'VideoClassification', 'VideoClustering', 'VideoMultilabelClassification', 'VideoPairClassification', 'VideoZeroshotClassification', 'VideoCentricQA')], prompt types [['query', 'document']], and task names\n"}
,{"stream_name":"stderr","time":843.126556219,"data":"\n"}
,{"stream_name":"stderr","time":843.126560655,"data":"/usr/local/lib/python3.13/dist-packages/mteb/models/sentence_transformer_wrapper.py:150: UserWarning: Task name SearchQuery is not valid. Valid keys are task types [('BitextMining', 'Classification', 'MultilabelClassification', 'Clustering', 'PairClassification', 'Regression', 'Reranking', 'Retrieval', 'STS', 'Summarization', 'InstructionRetrieval', 'InstructionReranking', 'Any2AnyReranking', 'Any2AnyRetrieval', 'Any2AnyMultilingualRetrieval', 'VisionCentricQA', 'ImageClustering', 'ImageClassification', 'DocumentUnderstanding', 'VisualSTS(eng)', 'VisualSTS(multi)', 'ZeroShotClassification', 'Compositionality', 'AudioClustering', 'AudioMultilabelClassification', 'AudioReranking', 'AudioZeroshotClassification', 'AudioClassification', 'AudioPairClassification', 'VideoClassification', 'VideoClustering', 'VideoMultilabelClassification', 'VideoPairClassification', 'VideoZeroshotClassification', 'VideoCentricQA')], prompt types [['query', 'document']], and task names\n"}
,{"stream_name":"stderr","time":843.126567429,"data":"  resolved_prompts, invalid_prompts = AbsEncoder.validate_task_to_prompt_name(\n"}
,{"stream_name":"stderr","time":843.12657142,"data":"Task name SentenceSimilarity is not valid. Valid keys are task types [('BitextMining', 'Classification', 'MultilabelClassification', 'Clustering', 'PairClassification', 'Regression', 'Reranking', 'Retrieval', 'STS', 'Summarization', 'InstructionRetrieval', 'InstructionReranking', 'Any2AnyReranking', 'Any2AnyRetrieval', 'Any2AnyMultilingualRetrieval', 'VisionCentricQA', 'ImageClustering', 'ImageClassification', 'DocumentUnderstanding', 'VisualSTS(eng)', 'VisualSTS(multi)', 'ZeroShotClassification', 'Compositionality', 'AudioClustering', 'AudioMultilabelClassification', 'AudioReranking', 'AudioZeroshotClassification', 'AudioClassification', 'AudioPairClassification', 'VideoClassification', 'VideoClustering', 'VideoMultilabelClassification', 'VideoPairClassification', 'VideoZeroshotClassification', 'VideoCentricQA')], prompt types [['query', 'document']], and task names\n"}
,{"stream_name":"stderr","time":843.136062673,"data":"/usr/local/lib/python3.13/dist-packages/mteb/models/sentence_transformer_wrapper.py:150: UserWarning: Task name SentenceSimilarity is not valid. Valid keys are task types [('BitextMining', 'Classification', 'MultilabelClassification', 'Clustering', 'PairClassification', 'Regression', 'Reranking', 'Retrieval', 'STS', 'Summarization', 'InstructionRetrieval', 'InstructionReranking', 'Any2AnyReranking', 'Any2AnyRetrieval', 'Any2AnyMultilingualRetrieval', 'VisionCentricQA', 'ImageClustering', 'ImageClassification', 'DocumentUnderstanding', 'VisualSTS(eng)', 'VisualSTS(multi)', 'ZeroShotClassification', 'Compositionality', 'AudioClustering', 'AudioMultilabelClassification', 'AudioReranking', 'AudioZeroshotClassification', 'AudioClassification', 'AudioPairClassification', 'VideoClassification', 'VideoClustering', 'VideoMultilabelClassification', 'VideoPairClassification', 'VideoZeroshotClassification', 'VideoCentricQA')], prompt types [['query', 'document']], and task names\n"}
,{"stream_name":"stderr","time":843.136105676,"data":"  resolved_prompts, invalid_prompts = AbsEncoder.validate_task_to_prompt_name(\n"}
,{"stream_name":"stderr","time":843.13611265,"data":"Some prompts are not in the expected format and will be ignored. Problems:\n"}
,{"stream_name":"stderr","time":843.136117245,"data":"\n"}
,{"stream_name":"stderr","time":843.136121421,"data":"Task name SentenceSimilarity is not valid. Valid keys are task types [('BitextMining', 'Classification', 'MultilabelClassification', 'Clustering', 'PairClassification', 'Regression', 'Reranking', 'Retrieval', 'STS', 'Summarization', 'InstructionRetrieval', 'InstructionReranking', 'Any2AnyReranking', 'Any2AnyRetrieval', 'Any2AnyMultilingualRetrieval', 'VisionCentricQA', 'ImageClustering', 'ImageClassification', 'DocumentUnderstanding', 'VisualSTS(eng)', 'VisualSTS(multi)', 'ZeroShotClassification', 'Compositionality', 'AudioClustering', 'AudioMultilabelClassification', 'AudioReranking', 'AudioZeroshotClassification', 'AudioClassification', 'AudioPairClassification', 'VideoClassification', 'VideoClustering', 'VideoMultilabelClassification', 'VideoPairClassification', 'VideoZeroshotClassification', 'VideoCentricQA')], prompt types [['query', 'document']], and task names\n"}
,{"stream_name":"stderr","time":843.136129236,"data":"Task name Document is not valid. Valid keys are task types [('BitextMining', 'Classification', 'MultilabelClassification', 'Clustering', 'PairClassification', 'Regression', 'Reranking', 'Retrieval', 'STS', 'Summarization', 'InstructionRetrieval', 'InstructionReranking', 'Any2AnyReranking', 'Any2AnyRetrieval', 'Any2AnyMultilingualRetrieval', 'VisionCentricQA', 'ImageClustering', 'ImageClassification', 'DocumentUnderstanding', 'VisualSTS(eng)', 'VisualSTS(multi)', 'ZeroShotClassification', 'Compositionality', 'AudioClustering', 'AudioMultilabelClassification', 'AudioReranking', 'AudioZeroshotClassification', 'AudioClassification', 'AudioPairClassification', 'VideoClassification', 'VideoClustering', 'VideoMultilabelClassification', 'VideoPairClassification', 'VideoZeroshotClassification', 'VideoCentricQA')], prompt types [['query', 'document']], and task names\n"}
,{"stream_name":"stderr","time":843.13613649,"data":"Task name CodeRetrieval is not valid. Valid keys are task types [('BitextMining', 'Classification', 'MultilabelClassification', 'Clustering', 'PairClassification', 'Regression', 'Reranking', 'Retrieval', 'STS', 'Summarization', 'InstructionRetrieval', 'InstructionReranking', 'Any2AnyReranking', 'Any2AnyRetrieval', 'Any2AnyMultilingualRetrieval', 'VisionCentricQA', 'ImageClustering', 'ImageClassification', 'DocumentUnderstanding', 'VisualSTS(eng)', 'VisualSTS(multi)', 'ZeroShotClassification', 'Compositionality', 'AudioClustering', 'AudioMultilabelClassification', 'AudioReranking', 'AudioZeroshotClassification', 'AudioClassification', 'AudioPairClassification', 'VideoClassification', 'VideoClustering', 'VideoMultilabelClassification', 'VideoPairClassification', 'VideoZeroshotClassification', 'VideoCentricQA')], prompt types [['query', 'document']], and task names\n"}
,{"stream_name":"stderr","time":843.136148434,"data":"Task name QuestionAnswering is not valid. Valid keys are task types [('BitextMining', 'Classification', 'MultilabelClassification', 'Clustering', 'PairClassification', 'Regression', 'Reranking', 'Retrieval', 'STS', 'Summarization', 'InstructionRetrieval', 'InstructionReranking', 'Any2AnyReranking', 'Any2AnyRetrieval', 'Any2AnyMultilingualRetrieval', 'VisionCentricQA', 'ImageClustering', 'ImageClassification', 'DocumentUnderstanding', 'VisualSTS(eng)', 'VisualSTS(multi)', 'ZeroShotClassification', 'Compositionality', 'AudioClustering', 'AudioMultilabelClassification', 'AudioReranking', 'AudioZeroshotClassification', 'AudioClassification', 'AudioPairClassification', 'VideoClassification', 'VideoClustering', 'VideoMultilabelClassification', 'VideoPairClassification', 'VideoZeroshotClassification', 'VideoCentricQA')], prompt types [['query', 'document']], and task names\n"}
,{"stream_name":"stderr","time":843.136154404,"data":"Task name SearchQuery is not valid. Valid keys are task types [('BitextMining', 'Classification', 'MultilabelClassification', 'Clustering', 'PairClassification', 'Regression', 'Reranking', 'Retrieval', 'STS', 'Summarization', 'InstructionRetrieval', 'InstructionReranking', 'Any2AnyReranking', 'Any2AnyRetrieval', 'Any2AnyMultilingualRetrieval', 'VisionCentricQA', 'ImageClustering', 'ImageClassification', 'DocumentUnderstanding', 'VisualSTS(eng)', 'VisualSTS(multi)', 'ZeroShotClassification', 'Compositionality', 'AudioClustering', 'AudioMultilabelClassification', 'AudioReranking', 'AudioZeroshotClassification', 'AudioClassification', 'AudioPairClassification', 'VideoClassification', 'VideoClustering', 'VideoMultilabelClassification', 'VideoPairClassification', 'VideoZeroshotClassification', 'VideoCentricQA')], prompt types [['query', 'document']], and task names\n"}
,{"stream_name":"stderr","time":843.136160866,"data":"Task name FactChecking is not valid. Valid keys are task types [('BitextMining', 'Classification', 'MultilabelClassification', 'Clustering', 'PairClassification', 'Regression', 'Reranking', 'Retrieval', 'STS', 'Summarization', 'InstructionRetrieval', 'InstructionReranking', 'Any2AnyReranking', 'Any2AnyRetrieval', 'Any2AnyMultilingualRetrieval', 'VisionCentricQA', 'ImageClustering', 'ImageClassification', 'DocumentUnderstanding', 'VisualSTS(eng)', 'VisualSTS(multi)', 'ZeroShotClassification', 'Compositionality', 'AudioClustering', 'AudioMultilabelClassification', 'AudioReranking', 'AudioZeroshotClassification', 'AudioClassification', 'AudioPairClassification', 'VideoClassification', 'VideoClustering', 'VideoMultilabelClassification', 'VideoPairClassification', 'VideoZeroshotClassification', 'VideoCentricQA')], prompt types [['query', 'document']], and task names\n"}
,{"stream_name":"stderr","time":843.136166923,"data":"\n"}
,{"stream_name":"stderr","time":843.136170646,"data":"/usr/local/lib/python3.13/dist-packages/mteb/models/sentence_transformer_wrapper.py:150: UserWarning: Task name SentenceSimilarity is not valid. Valid keys are task types [('BitextMining', 'Classification', 'MultilabelClassification', 'Clustering', 'PairClassification', 'Regression', 'Reranking', 'Retrieval', 'STS', 'Summarization', 'InstructionRetrieval', 'InstructionReranking', 'Any2AnyReranking', 'Any2AnyRetrieval', 'Any2AnyMultilingualRetrieval', 'VisionCentricQA', 'ImageClustering', 'ImageClassification', 'DocumentUnderstanding', 'VisualSTS(eng)', 'VisualSTS(multi)', 'ZeroShotClassification', 'Compositionality', 'AudioClustering', 'AudioMultilabelClassification', 'AudioReranking', 'AudioZeroshotClassification', 'AudioClassification', 'AudioPairClassification', 'VideoClassification', 'VideoClustering', 'VideoMultilabelClassification', 'VideoPairClassification', 'VideoZeroshotClassification', 'VideoCentricQA')], prompt types [['query', 'document']], and task names\n"}
,{"stream_name":"stderr","time":843.136176989,"data":"  resolved_prompts, invalid_prompts = AbsEncoder.validate_task_to_prompt_name(\n"}
,{"stream_name":"stderr","time":843.136185713,"data":"Some prompts are not in the expected format and will be ignored. Problems:\n"}
,{"stream_name":"stderr","time":843.136190348,"data":"\n"}
,{"stream_name":"stderr","time":843.136194568,"data":"Task name SentenceSimilarity is not valid. Valid keys are task types [('BitextMining', 'Classification', 'MultilabelClassification', 'Clustering', 'PairClassification', 'Regression', 'Reranking', 'Retrieval', 'STS', 'Summarization', 'InstructionRetrieval', 'InstructionReranking', 'Any2AnyReranking', 'Any2AnyRetrieval', 'Any2AnyMultilingualRetrieval', 'VisionCentricQA', 'ImageClustering', 'ImageClassification', 'DocumentUnderstanding', 'VisualSTS(eng)', 'VisualSTS(multi)', 'ZeroShotClassification', 'Compositionality', 'AudioClustering', 'AudioMultilabelClassification', 'AudioReranking', 'AudioZeroshotClassification', 'AudioClassification', 'AudioPairClassification', 'VideoClassification', 'VideoClustering', 'VideoMultilabelClassification', 'VideoPairClassification', 'VideoZeroshotClassification', 'VideoCentricQA')], prompt types [['query', 'document']], and task names\n"}
,{"stream_name":"stderr","time":843.136200972,"data":"Task name Document is not valid. Valid keys are task types [('BitextMining', 'Classification', 'MultilabelClassification', 'Clustering', 'PairClassification', 'Regression', 'Reranking', 'Retrieval', 'STS', 'Summarization', 'InstructionRetrieval', 'InstructionReranking', 'Any2AnyReranking', 'Any2AnyRetrieval', 'Any2AnyMultilingualRetrieval', 'VisionCentricQA', 'ImageClustering', 'ImageClassification', 'DocumentUnderstanding', 'VisualSTS(eng)', 'VisualSTS(multi)', 'ZeroShotClassification', 'Compositionality', 'AudioClustering', 'AudioMultilabelClassification', 'AudioReranking', 'AudioZeroshotClassification', 'AudioClassification', 'AudioPairClassification', 'VideoClassification', 'VideoClustering', 'VideoMultilabelClassification', 'VideoPairClassification', 'VideoZeroshotClassification', 'VideoCentricQA')], prompt types [['query', 'document']], and task names\n"}
,{"stream_name":"stderr","time":843.13620739,"data":"Task name CodeRetrieval is not valid. Valid keys are task types [('BitextMining', 'Classification', 'MultilabelClassification', 'Clustering', 'PairClassification', 'Regression', 'Reranking', 'Retrieval', 'STS', 'Summarization', 'InstructionRetrieval', 'InstructionReranking', 'Any2AnyReranking', 'Any2AnyRetrieval', 'Any2AnyMultilingualRetrieval', 'VisionCentricQA', 'ImageClustering', 'ImageClassification', 'DocumentUnderstanding', 'VisualSTS(eng)', 'VisualSTS(multi)', 'ZeroShotClassification', 'Compositionality', 'AudioClustering', 'AudioMultilabelClassification', 'AudioReranking', 'AudioZeroshotClassification', 'AudioClassification', 'AudioPairClassification', 'VideoClassification', 'VideoClustering', 'VideoMultilabelClassification', 'VideoPairClassification', 'VideoZeroshotClassification', 'VideoCentricQA')], prompt types [['query', 'document']], and task names\n"}
,{"stream_name":"stderr","time":843.136212888,"data":"Task name QuestionAnswering is not valid. Valid keys are task types [('BitextMining', 'Classification', 'MultilabelClassification', 'Clustering', 'PairClassification', 'Regression', 'Reranking', 'Retrieval', 'STS', 'Summarization', 'InstructionRetrieval', 'InstructionReranking', 'Any2AnyReranking', 'Any2AnyRetrieval', 'Any2AnyMultilingualRetrieval', 'VisionCentricQA', 'ImageClustering', 'ImageClassification', 'DocumentUnderstanding', 'VisualSTS(eng)', 'VisualSTS(multi)', 'ZeroShotClassification', 'Compositionality', 'AudioClustering', 'AudioMultilabelClassification', 'AudioReranking', 'AudioZeroshotClassification', 'AudioClassification', 'AudioPairClassification', 'VideoClassification', 'VideoClustering', 'VideoMultilabelClassification', 'VideoPairClassification', 'VideoZeroshotClassification', 'VideoCentricQA')], prompt types [['query', 'document']], and task names\n"}
,{"stream_name":"stderr","time":843.13621888,"data":"Task name SearchQuery is not valid. Valid keys are task types [('BitextMining', 'Classification', 'MultilabelClassification', 'Clustering', 'PairClassification', 'Regression', 'Reranking', 'Retrieval', 'STS', 'Summarization', 'InstructionRetrieval', 'InstructionReranking', 'Any2AnyReranking', 'Any2AnyRetrieval', 'Any2AnyMultilingualRetrieval', 'VisionCentricQA', 'ImageClustering', 'ImageClassification', 'DocumentUnderstanding', 'VisualSTS(eng)', 'VisualSTS(multi)', 'ZeroShotClassification', 'Compositionality', 'AudioClustering', 'AudioMultilabelClassification', 'AudioReranking', 'AudioZeroshotClassification', 'AudioClassification', 'AudioPairClassification', 'VideoClassification', 'VideoClustering', 'VideoMultilabelClassification', 'VideoPairClassification', 'VideoZeroshotClassification', 'VideoCentricQA')], prompt types [['query', 'document']], and task names\n"}
,{"stream_name":"stderr","time":843.136228814,"data":"Task name FactChecking is not valid. Valid keys are task types [('BitextMining', 'Classification', 'MultilabelClassification', 'Clustering', 'PairClassification', 'Regression', 'Reranking', 'Retrieval', 'STS', 'Summarization', 'InstructionRetrieval', 'InstructionReranking', 'Any2AnyReranking', 'Any2AnyRetrieval', 'Any2AnyMultilingualRetrieval', 'VisionCentricQA', 'ImageClustering', 'ImageClassification', 'DocumentUnderstanding', 'VisualSTS(eng)', 'VisualSTS(multi)', 'ZeroShotClassification', 'Compositionality', 'AudioClustering', 'AudioMultilabelClassification', 'AudioReranking', 'AudioZeroshotClassification', 'AudioClassification', 'AudioPairClassification', 'VideoClassification', 'VideoClustering', 'VideoMultilabelClassification', 'VideoPairClassification', 'VideoZeroshotClassification', 'VideoCentricQA')], prompt types [['query', 'document']], and task names\n"}
,{"stream_name":"stderr","time":843.144041437,"data":"/usr/local/lib/python3.13/dist-packages/mteb/models/sentence_transformer_wrapper.py:430: UserWarning: Some prompts are not in the expected format and will be ignored. Problems:\n"}
,{"stream_name":"stderr","time":843.144062458,"data":"\n"}
,{"stream_name":"stderr","time":843.144067388,"data":"Task name SentenceSimilarity is not valid. Valid keys are task types [('BitextMining', 'Classification', 'MultilabelClassification', 'Clustering', 'PairClassification', 'Regression', 'Reranking', 'Retrieval', 'STS', 'Summarization', 'InstructionRetrieval', 'InstructionReranking', 'Any2AnyReranking', 'Any2AnyRetrieval', 'Any2AnyMultilingualRetrieval', 'VisionCentricQA', 'ImageClustering', 'ImageClassification', 'DocumentUnderstanding', 'VisualSTS(eng)', 'VisualSTS(multi)', 'ZeroShotClassification', 'Compositionality', 'AudioClustering', 'AudioMultilabelClassification', 'AudioReranking', 'AudioZeroshotClassification', 'AudioClassification', 'AudioPairClassification', 'VideoClassification', 'VideoClustering', 'VideoMultilabelClassification', 'VideoPairClassification', 'VideoZeroshotClassification', 'VideoCentricQA')], prompt types [['query', 'document']], and task names\n"}
,{"stream_name":"stderr","time":843.144073542,"data":"Task name Document is not valid. Valid keys are task types [('BitextMining', 'Classification', 'MultilabelClassification', 'Clustering', 'PairClassification', 'Regression', 'Reranking', 'Retrieval', 'STS', 'Summarization', 'InstructionRetrieval', 'InstructionReranking', 'Any2AnyReranking', 'Any2AnyRetrieval', 'Any2AnyMultilingualRetrieval', 'VisionCentricQA', 'ImageClustering', 'ImageClassification', 'DocumentUnderstanding', 'VisualSTS(eng)', 'VisualSTS(multi)', 'ZeroShotClassification', 'Compositionality', 'AudioClustering', 'AudioMultilabelClassification', 'AudioReranking', 'AudioZeroshotClassification', 'AudioClassification', 'AudioPairClassification', 'VideoClassification', 'VideoClustering', 'VideoMultilabelClassification', 'VideoPairClassification', 'VideoZeroshotClassification', 'VideoCentricQA')], prompt types [['query', 'document']], and task names\n"}
,{"stream_name":"stderr","time":843.144080508,"data":"Task name CodeRetrieval is not valid. Valid keys are task types [('BitextMining', 'Classification', 'MultilabelClassification', 'Clustering', 'PairClassification', 'Regression', 'Reranking', 'Retrieval', 'STS', 'Summarization', 'InstructionRetrieval', 'InstructionReranking', 'Any2AnyReranking', 'Any2AnyRetrieval', 'Any2AnyMultilingualRetrieval', 'VisionCentricQA', 'ImageClustering', 'ImageClassification', 'DocumentUnderstanding', 'VisualSTS(eng)', 'VisualSTS(multi)', 'ZeroShotClassification', 'Compositionality', 'AudioClustering', 'AudioMultilabelClassification', 'AudioReranking', 'AudioZeroshotClassification', 'AudioClassification', 'AudioPairClassification', 'VideoClassification', 'VideoClustering', 'VideoMultilabelClassification', 'VideoPairClassification', 'VideoZeroshotClassification', 'VideoCentricQA')], prompt types [['query', 'document']], and task names\n"}
,{"stream_name":"stderr","time":843.144095303,"data":"Task name QuestionAnswering is not valid. Valid keys are task types [('BitextMining', 'Classification', 'MultilabelClassification', 'Clustering', 'PairClassification', 'Regression', 'Reranking', 'Retrieval', 'STS', 'Summarization', 'InstructionRetrieval', 'InstructionReranking', 'Any2AnyReranking', 'Any2AnyRetrieval', 'Any2AnyMultilingualRetrieval', 'VisionCentricQA', 'ImageClustering', 'ImageClassification', 'DocumentUnderstanding', 'VisualSTS(eng)', 'VisualSTS(multi)', 'ZeroShotClassification', 'Compositionality', 'AudioClustering', 'AudioMultilabelClassification', 'AudioReranking', 'AudioZeroshotClassification', 'AudioClassification', 'AudioPairClassification', 'VideoClassification', 'VideoClustering', 'VideoMultilabelClassification', 'VideoPairClassification', 'VideoZeroshotClassification', 'VideoCentricQA')], prompt types [['query', 'document']], and task names\n"}
,{"stream_name":"stderr","time":843.144102405,"data":"Task name SearchQuery is not valid. Valid keys are task types [('BitextMining', 'Classification', 'MultilabelClassification', 'Clustering', 'PairClassification', 'Regression', 'Reranking', 'Retrieval', 'STS', 'Summarization', 'InstructionRetrieval', 'InstructionReranking', 'Any2AnyReranking', 'Any2AnyRetrieval', 'Any2AnyMultilingualRetrieval', 'VisionCentricQA', 'ImageClustering', 'ImageClassification', 'DocumentUnderstanding', 'VisualSTS(eng)', 'VisualSTS(multi)', 'ZeroShotClassification', 'Compositionality', 'AudioClustering', 'AudioMultilabelClassification', 'AudioReranking', 'AudioZeroshotClassification', 'AudioClassification', 'AudioPairClassification', 'VideoClassification', 'VideoClustering', 'VideoMultilabelClassification', 'VideoPairClassification', 'VideoZeroshotClassification', 'VideoCentricQA')], prompt types [['query', 'document']], and task names\n"}
,{"stream_name":"stderr","time":843.144109357,"data":"Task name FactChecking is not valid. Valid keys are task types [('BitextMining', 'Classification', 'MultilabelClassification', 'Clustering', 'PairClassification', 'Regression', 'Reranking', 'Retrieval', 'STS', 'Summarization', 'InstructionRetrieval', 'InstructionReranking', 'Any2AnyReranking', 'Any2AnyRetrieval', 'Any2AnyMultilingualRetrieval', 'VisionCentricQA', 'ImageClustering', 'ImageClassification', 'DocumentUnderstanding', 'VisualSTS(eng)', 'VisualSTS(multi)', 'ZeroShotClassification', 'Compositionality', 'AudioClustering', 'AudioMultilabelClassification', 'AudioReranking', 'AudioZeroshotClassification', 'AudioClassification', 'AudioPairClassification', 'VideoClassification', 'VideoClustering', 'VideoMultilabelClassification', 'VideoPairClassification', 'VideoZeroshotClassification', 'VideoCentricQA')], prompt types [['query', 'document']], and task names\n"}
,{"stream_name":"stderr","time":843.14411541,"data":"  self.model_prompts = _resolve_model_prompts(self.model, model_prompts)\n"}
,{"stream_name":"stderr","time":843.144119349,"data":"\n"}
,{"stream_name":"stderr","time":843.144122813,"data":"/usr/local/lib/python3.13/dist-packages/mteb/models/sentence_transformer_wrapper.py:430: UserWarning: Some prompts are not in the expected format and will be ignored. Problems:\n"}
,{"stream_name":"stderr","time":843.14412992,"data":"\n"}
,{"stream_name":"stderr","time":843.14413407,"data":"Task name SentenceSimilarity is not valid. Valid keys are task types [('BitextMining', 'Classification', 'MultilabelClassification', 'Clustering', 'PairClassification', 'Regression', 'Reranking', 'Retrieval', 'STS', 'Summarization', 'InstructionRetrieval', 'InstructionReranking', 'Any2AnyReranking', 'Any2AnyRetrieval', 'Any2AnyMultilingualRetrieval', 'VisionCentricQA', 'ImageClustering', 'ImageClassification', 'DocumentUnderstanding', 'VisualSTS(eng)', 'VisualSTS(multi)', 'ZeroShotClassification', 'Compositionality', 'AudioClustering', 'AudioMultilabelClassification', 'AudioReranking', 'AudioZeroshotClassification', 'AudioClassification', 'AudioPairClassification', 'VideoClassification', 'VideoClustering', 'VideoMultilabelClassification', 'VideoPairClassification', 'VideoZeroshotClassification', 'VideoCentricQA')], prompt types [['query', 'document']], and task names\n"}
,{"stream_name":"stderr","time":843.144140412,"data":"Task name Document is not valid. Valid keys are task types [('BitextMining', 'Classification', 'MultilabelClassification', 'Clustering', 'PairClassification', 'Regression', 'Reranking', 'Retrieval', 'STS', 'Summarization', 'InstructionRetrieval', 'InstructionReranking', 'Any2AnyReranking', 'Any2AnyRetrieval', 'Any2AnyMultilingualRetrieval', 'VisionCentricQA', 'ImageClustering', 'ImageClassification', 'DocumentUnderstanding', 'VisualSTS(eng)', 'VisualSTS(multi)', 'ZeroShotClassification', 'Compositionality', 'AudioClustering', 'AudioMultilabelClassification', 'AudioReranking', 'AudioZeroshotClassification', 'AudioClassification', 'AudioPairClassification', 'VideoClassification', 'VideoClustering', 'VideoMultilabelClassification', 'VideoPairClassification', 'VideoZeroshotClassification', 'VideoCentricQA')], prompt types [['query', 'document']], and task names\n"}
,{"stream_name":"stderr","time":843.144146896,"data":"Task name CodeRetrieval is not valid. Valid keys are task types [('BitextMining', 'Classification', 'MultilabelClassification', 'Clustering', 'PairClassification', 'Regression', 'Reranking', 'Retrieval', 'STS', 'Summarization', 'InstructionRetrieval', 'InstructionReranking', 'Any2AnyReranking', 'Any2AnyRetrieval', 'Any2AnyMultilingualRetrieval', 'VisionCentricQA', 'ImageClustering', 'ImageClassification', 'DocumentUnderstanding', 'VisualSTS(eng)', 'VisualSTS(multi)', 'ZeroShotClassification', 'Compositionality', 'AudioClustering', 'AudioMultilabelClassification', 'AudioReranking', 'AudioZeroshotClassification', 'AudioClassification', 'AudioPairClassification', 'VideoClassification', 'VideoClustering', 'VideoMultilabelClassification', 'VideoPairClassification', 'VideoZeroshotClassification', 'VideoCentricQA')], prompt types [['query', 'document']], and task names\n"}
,{"stream_name":"stderr","time":843.144152863,"data":"Task name QuestionAnswering is not valid. Valid keys are task types [('BitextMining', 'Classification', 'MultilabelClassification', 'Clustering', 'PairClassification', 'Regression', 'Reranking', 'Retrieval', 'STS', 'Summarization', 'InstructionRetrieval', 'InstructionReranking', 'Any2AnyReranking', 'Any2AnyRetrieval', 'Any2AnyMultilingualRetrieval', 'VisionCentricQA', 'ImageClustering', 'ImageClassification', 'DocumentUnderstanding', 'VisualSTS(eng)', 'VisualSTS(multi)', 'ZeroShotClassification', 'Compositionality', 'AudioClustering', 'AudioMultilabelClassification', 'AudioReranking', 'AudioZeroshotClassification', 'AudioClassification', 'AudioPairClassification', 'VideoClassification', 'VideoClustering', 'VideoMultilabelClassification', 'VideoPairClassification', 'VideoZeroshotClassification', 'VideoCentricQA')], prompt types [['query', 'document']], and task names\n"}
,{"stream_name":"stderr","time":843.144158545,"data":"Task name SearchQuery is not valid. Valid keys are task types [('BitextMining', 'Classification', 'MultilabelClassification', 'Clustering', 'PairClassification', 'Regression', 'Reranking', 'Retrieval', 'STS', 'Summarization', 'InstructionRetrieval', 'InstructionReranking', 'Any2AnyReranking', 'Any2AnyRetrieval', 'Any2AnyMultilingualRetrieval', 'VisionCentricQA', 'ImageClustering', 'ImageClassification', 'DocumentUnderstanding', 'VisualSTS(eng)', 'VisualSTS(multi)', 'ZeroShotClassification', 'Compositionality', 'AudioClustering', 'AudioMultilabelClassification', 'AudioReranking', 'AudioZeroshotClassification', 'AudioClassification', 'AudioPairClassification', 'VideoClassification', 'VideoClustering', 'VideoMultilabelClassification', 'VideoPairClassification', 'VideoZeroshotClassification', 'VideoCentricQA')], prompt types [['query', 'document']], and task names\n"}
,{"stream_name":"stderr","time":843.144167484,"data":"Task name FactChecking is not valid. Valid keys are task types [('BitextMining', 'Classification', 'MultilabelClassification', 'Clustering', 'PairClassification', 'Regression', 'Reranking', 'Retrieval', 'STS', 'Summarization', 'InstructionRetrieval', 'InstructionReranking', 'Any2AnyReranking', 'Any2AnyRetrieval', 'Any2AnyMultilingualRetrieval', 'VisionCentricQA', 'ImageClustering', 'ImageClassification', 'DocumentUnderstanding', 'VisualSTS(eng)', 'VisualSTS(multi)', 'ZeroShotClassification', 'Compositionality', 'AudioClustering', 'AudioMultilabelClassification', 'AudioReranking', 'AudioZeroshotClassification', 'AudioClassification', 'AudioPairClassification', 'VideoClassification', 'VideoClustering', 'VideoMultilabelClassification', 'VideoPairClassification', 'VideoZeroshotClassification', 'VideoCentricQA')], prompt types [['query', 'document']], and task names\n"}
,{"stream_name":"stderr","time":843.144173265,"data":"  self.model_prompts = _resolve_model_prompts(self.model, model_prompts)\n"}
,{"stream_name":"stderr","time":843.146986754,"data":"The task 'EmotionClassification' is superseded by 'EmotionClassification.v2'. We recommend using the newer version of the task unless you are running a specific benchmark. See `get_task('EmotionClassification.v2').metadata.description` to get a description of the task and changes.\n"}
,{"stream_name":"stderr","time":843.147004271,"data":"\n"}
,{"stream_name":"stderr","time":843.147009902,"data":"The task 'EmotionClassification' is superseded by 'EmotionClassification.v2'. We recommend using the newer version of the task unless you are running a specific benchmark. See `get_task('EmotionClassification.v2').metadata.description` to get a description of the task and changes.\n"}
,{"stream_name":"stderr","time":843.277336142,"data":"/usr/local/lib/python3.13/dist-packages/mteb/evaluate.py:262: UserWarning: The task 'EmotionClassification' is superseded by 'EmotionClassification.v2'. We recommend using the newer version of the task unless you are running a specific benchmark. See `get_task('EmotionClassification.v2').metadata.description` to get a description of the task and changes.\n"}
,{"stream_name":"stderr","time":843.277363403,"data":"  task.check_if_dataset_is_superseded()\n"}
,{"stream_name":"stderr","time":843.27737861,"data":"\n"}
,{"stream_name":"stderr","time":843.27738264,"data":"/usr/local/lib/python3.13/dist-packages/mteb/evaluate.py:262: UserWarning: The task 'EmotionClassification' is superseded by 'EmotionClassification.v2'. We recommend using the newer version of the task unless you are running a specific benchmark. See `get_task('EmotionClassification.v2').metadata.description` to get a description of the task and changes.\n"}
,{"stream_name":"stderr","time":843.277387865,"data":"  task.check_if_dataset_is_superseded()\n"}
,{"stream_name":"stderr","time":843.662951841,"data":"Repo card metadata block was not found. Setting CardData to empty.\n"}
,{"stream_name":"stderr","time":843.662982583,"data":"\n"}
,{"stream_name":"stderr","time":843.662986773,"data":"Repo card metadata block was not found. Setting CardData to empty.\n"}
,{"stream_name":"stdout","time":900.602327954,"data":"EmotionClassification          main_score=0.5736 rev=4f58c6b2\n"}
,{"stream_name":"stderr","time":900.603291017,"data":"/usr/local/lib/python3.13/dist-packages/mteb/models/model_meta.py:969: FutureWarning: The `get_sentence_embedding_dimension` method has been renamed to `get_embedding_dimension`.\n"}
,{"stream_name":"stderr","time":900.603320165,"data":"  embedding_dimensions = model.get_sentence_embedding_dimension()\n"}
,{"stream_name":"stderr","time":900.603327247,"data":"/usr/local/lib/python3.13/dist-packages/mteb/models/model_meta.py:929: FutureWarning: The `get_sentence_embedding_dimension` method has been renamed to `get_embedding_dimension`.\n"}
,{"stream_name":"stderr","time":900.60333229,"data":"  embed_dim=model.get_sentence_embedding_dimension(),\n"}
,{"stream_name":"stderr","time":900.603337739,"data":"Task name CodeRetrieval is not valid. Valid keys are task types [('BitextMining', 'Classification', 'MultilabelClassification', 'Clustering', 'PairClassification', 'Regression', 'Reranking', 'Retrieval', 'STS', 'Summarization', 'InstructionRetrieval', 'InstructionReranking', 'Any2AnyReranking', 'Any2AnyRetrieval', 'Any2AnyMultilingualRetrieval', 'VisionCentricQA', 'ImageClustering', 'ImageClassification', 'DocumentUnderstanding', 'VisualSTS(eng)', 'VisualSTS(multi)', 'ZeroShotClassification', 'Compositionality', 'AudioClustering', 'AudioMultilabelClassification', 'AudioReranking', 'AudioZeroshotClassification', 'AudioClassification', 'AudioPairClassification', 'VideoClassification', 'VideoClustering', 'VideoMultilabelClassification', 'VideoPairClassification', 'VideoZeroshotClassification', 'VideoCentricQA')], prompt types [['query', 'document']], and task names\n"}
,{"stream_name":"stderr","time":900.603345496,"data":"\n"}
,{"stream_name":"stderr","time":900.603349676,"data":"/usr/local/lib/python3.13/dist-packages/mteb/models/model_meta.py:969: FutureWarning: The `get_sentence_embedding_dimension` method has been renamed to `get_embedding_dimension`.\n"}
,{"stream_name":"stderr","time":900.603354437,"data":"  embedding_dimensions = model.get_sentence_embedding_dimension()\n"}
,{"stream_name":"stderr","time":900.603358802,"data":"/usr/local/lib/python3.13/dist-packages/mteb/models/model_meta.py:929: FutureWarning: The `get_sentence_embedding_dimension` method has been renamed to `get_embedding_dimension`.\n"}
,{"stream_name":"stderr","time":900.603367626,"data":"  embed_dim=model.get_sentence_embedding_dimension(),\n"}
,{"stream_name":"stderr","time":900.603372144,"data":"Task name CodeRetrieval is not valid. Valid keys are task types [('BitextMining', 'Classification', 'MultilabelClassification', 'Clustering', 'PairClassification', 'Regression', 'Reranking', 'Retrieval', 'STS', 'Summarization', 'InstructionRetrieval', 'InstructionReranking', 'Any2AnyReranking', 'Any2AnyRetrieval', 'Any2AnyMultilingualRetrieval', 'VisionCentricQA', 'ImageClustering', 'ImageClassification', 'DocumentUnderstanding', 'VisualSTS(eng)', 'VisualSTS(multi)', 'ZeroShotClassification', 'Compositionality', 'AudioClustering', 'AudioMultilabelClassification', 'AudioReranking', 'AudioZeroshotClassification', 'AudioClassification', 'AudioPairClassification', 'VideoClassification', 'VideoClustering', 'VideoMultilabelClassification', 'VideoPairClassification', 'VideoZeroshotClassification', 'VideoCentricQA')], prompt types [['query', 'document']], and task names\n"}
,{"stream_name":"stderr","time":900.609294093,"data":"/usr/local/lib/python3.13/dist-packages/mteb/models/sentence_transformer_wrapper.py:150: UserWarning: Task name CodeRetrieval is not valid. Valid keys are task types [('BitextMining', 'Classification', 'MultilabelClassification', 'Clustering', 'PairClassification', 'Regression', 'Reranking', 'Retrieval', 'STS', 'Summarization', 'InstructionRetrieval', 'InstructionReranking', 'Any2AnyReranking', 'Any2AnyRetrieval', 'Any2AnyMultilingualRetrieval', 'VisionCentricQA', 'ImageClustering', 'ImageClassification', 'DocumentUnderstanding', 'VisualSTS(eng)', 'VisualSTS(multi)', 'ZeroShotClassification', 'Compositionality', 'AudioClustering', 'AudioMultilabelClassification', 'AudioReranking', 'AudioZeroshotClassification', 'AudioClassification', 'AudioPairClassification', 'VideoClassification', 'VideoClustering', 'VideoMultilabelClassification', 'VideoPairClassification', 'VideoZeroshotClassification', 'VideoCentricQA')], prompt types [['query', 'document']], and task names\n"}
,{"stream_name":"stderr","time":900.609331425,"data":"  resolved_prompts, invalid_prompts = AbsEncoder.validate_task_to_prompt_name(\n"}
,{"stream_name":"stderr","time":900.609337314,"data":"Task name Document is not valid. Valid keys are task types [('BitextMining', 'Classification', 'MultilabelClassification', 'Clustering', 'PairClassification', 'Regression', 'Reranking', 'Retrieval', 'STS', 'Summarization', 'InstructionRetrieval', 'InstructionReranking', 'Any2AnyReranking', 'Any2AnyRetrieval', 'Any2AnyMultilingualRetrieval', 'VisionCentricQA', 'ImageClustering', 'ImageClassification', 'DocumentUnderstanding', 'VisualSTS(eng)', 'VisualSTS(multi)', 'ZeroShotClassification', 'Compositionality', 'AudioClustering', 'AudioMultilabelClassification', 'AudioReranking', 'AudioZeroshotClassification', 'AudioClassification', 'AudioPairClassification', 'VideoClassification', 'VideoClustering', 'VideoMultilabelClassification', 'VideoPairClassification', 'VideoZeroshotClassification', 'VideoCentricQA')], prompt types [['query', 'document']], and task names\n"}
,{"stream_name":"stderr","time":900.609343652,"data":"\n"}
,{"stream_name":"stderr","time":900.60934777,"data":"/usr/local/lib/python3.13/dist-packages/mteb/models/sentence_transformer_wrapper.py:150: UserWarning: Task name CodeRetrieval is not valid. Valid keys are task types [('BitextMining', 'Classification', 'MultilabelClassification', 'Clustering', 'PairClassification', 'Regression', 'Reranking', 'Retrieval', 'STS', 'Summarization', 'InstructionRetrieval', 'InstructionReranking', 'Any2AnyReranking', 'Any2AnyRetrieval', 'Any2AnyMultilingualRetrieval', 'VisionCentricQA', 'ImageClustering', 'ImageClassification', 'DocumentUnderstanding', 'VisualSTS(eng)', 'VisualSTS(multi)', 'ZeroShotClassification', 'Compositionality', 'AudioClustering', 'AudioMultilabelClassification', 'AudioReranking', 'AudioZeroshotClassification', 'AudioClassification', 'AudioPairClassification', 'VideoClassification', 'VideoClustering', 'VideoMultilabelClassification', 'VideoPairClassification', 'VideoZeroshotClassification', 'VideoCentricQA')], prompt types [['query', 'document']], and task names\n"}
,{"stream_name":"stderr","time":900.609354298,"data":"  resolved_prompts, invalid_prompts = AbsEncoder.validate_task_to_prompt_name(\n"}
,{"stream_name":"stderr","time":900.609357901,"data":"Task name Document is not valid. Valid keys are task types [('BitextMining', 'Classification', 'MultilabelClassification', 'Clustering', 'PairClassification', 'Regression', 'Reranking', 'Retrieval', 'STS', 'Summarization', 'InstructionRetrieval', 'InstructionReranking', 'Any2AnyReranking', 'Any2AnyRetrieval', 'Any2AnyMultilingualRetrieval', 'VisionCentricQA', 'ImageClustering', 'ImageClassification', 'DocumentUnderstanding', 'VisualSTS(eng)', 'VisualSTS(multi)', 'ZeroShotClassification', 'Compositionality', 'AudioClustering', 'AudioMultilabelClassification', 'AudioReranking', 'AudioZeroshotClassification', 'AudioClassification', 'AudioPairClassification', 'VideoClassification', 'VideoClustering', 'VideoMultilabelClassification', 'VideoPairClassification', 'VideoZeroshotClassification', 'VideoCentricQA')], prompt types [['query', 'document']], and task names\n"}
,{"stream_name":"stderr","time":900.610249018,"data":"/usr/local/lib/python3.13/dist-packages/mteb/models/sentence_transformer_wrapper.py:150: UserWarning: Task name Document is not valid. Valid keys are task types [('BitextMining', 'Classification', 'MultilabelClassification', 'Clustering', 'PairClassification', 'Regression', 'Reranking', 'Retrieval', 'STS', 'Summarization', 'InstructionRetrieval', 'InstructionReranking', 'Any2AnyReranking', 'Any2AnyRetrieval', 'Any2AnyMultilingualRetrieval', 'VisionCentricQA', 'ImageClustering', 'ImageClassification', 'DocumentUnderstanding', 'VisualSTS(eng)', 'VisualSTS(multi)', 'ZeroShotClassification', 'Compositionality', 'AudioClustering', 'AudioMultilabelClassification', 'AudioReranking', 'AudioZeroshotClassification', 'AudioClassification', 'AudioPairClassification', 'VideoClassification', 'VideoClustering', 'VideoMultilabelClassification', 'VideoPairClassification', 'VideoZeroshotClassification', 'VideoCentricQA')], prompt types [['query', 'document']], and task names\n"}
,{"stream_name":"stderr","time":900.610310376,"data":"  resolved_prompts, invalid_prompts = AbsEncoder.validate_task_to_prompt_name(\n"}
,{"stream_name":"stderr","time":900.610316527,"data":"Task name FactChecking is not valid. Valid keys are task types [('BitextMining', 'Classification', 'MultilabelClassification', 'Clustering', 'PairClassification', 'Regression', 'Reranking', 'Retrieval', 'STS', 'Summarization', 'InstructionRetrieval', 'InstructionReranking', 'Any2AnyReranking', 'Any2AnyRetrieval', 'Any2AnyMultilingualRetrieval', 'VisionCentricQA', 'ImageClustering', 'ImageClassification', 'DocumentUnderstanding', 'VisualSTS(eng)', 'VisualSTS(multi)', 'ZeroShotClassification', 'Compositionality', 'AudioClustering', 'AudioMultilabelClassification', 'AudioReranking', 'AudioZeroshotClassification', 'AudioClassification', 'AudioPairClassification', 'VideoClassification', 'VideoClustering', 'VideoMultilabelClassification', 'VideoPairClassification', 'VideoZeroshotClassification', 'VideoCentricQA')], prompt types [['query', 'document']], and task names\n"}
,{"stream_name":"stderr","time":900.610326699,"data":"\n"}
,{"stream_name":"stderr","time":900.610330802,"data":"/usr/local/lib/python3.13/dist-packages/mteb/models/sentence_transformer_wrapper.py:150: UserWarning: Task name Document is not valid. Valid keys are task types [('BitextMining', 'Classification', 'MultilabelClassification', 'Clustering', 'PairClassification', 'Regression', 'Reranking', 'Retrieval', 'STS', 'Summarization', 'InstructionRetrieval', 'InstructionReranking', 'Any2AnyReranking', 'Any2AnyRetrieval', 'Any2AnyMultilingualRetrieval', 'VisionCentricQA', 'ImageClustering', 'ImageClassification', 'DocumentUnderstanding', 'VisualSTS(eng)', 'VisualSTS(multi)', 'ZeroShotClassification', 'Compositionality', 'AudioClustering', 'AudioMultilabelClassification', 'AudioReranking', 'AudioZeroshotClassification', 'AudioClassification', 'AudioPairClassification', 'VideoClassification', 'VideoClustering', 'VideoMultilabelClassification', 'VideoPairClassification', 'VideoZeroshotClassification', 'VideoCentricQA')], prompt types [['query', 'document']], and task names\n"}
,{"stream_name":"stderr","time":900.610334811,"data":"  resolved_prompts, invalid_prompts = AbsEncoder.validate_task_to_prompt_name(\n"}
,{"stream_name":"stderr","time":900.610337353,"data":"Task name FactChecking is not valid. Valid keys are task types [('BitextMining', 'Classification', 'MultilabelClassification', 'Clustering', 'PairClassification', 'Regression', 'Reranking', 'Retrieval', 'STS', 'Summarization', 'InstructionRetrieval', 'InstructionReranking', 'Any2AnyReranking', 'Any2AnyRetrieval', 'Any2AnyMultilingualRetrieval', 'VisionCentricQA', 'ImageClustering', 'ImageClassification', 'DocumentUnderstanding', 'VisualSTS(eng)', 'VisualSTS(multi)', 'ZeroShotClassification', 'Compositionality', 'AudioClustering', 'AudioMultilabelClassification', 'AudioReranking', 'AudioZeroshotClassification', 'AudioClassification', 'AudioPairClassification', 'VideoClassification', 'VideoClustering', 'VideoMultilabelClassification', 'VideoPairClassification', 'VideoZeroshotClassification', 'VideoCentricQA')], prompt types [['query', 'document']], and task names\n"}
,{"stream_name":"stderr","time":900.626303584,"data":"/usr/local/lib/python3.13/dist-packages/mteb/models/sentence_transformer_wrapper.py:150: UserWarning: Task name FactChecking is not valid. Valid keys are task types [('BitextMining', 'Classification', 'MultilabelClassification', 'Clustering', 'PairClassification', 'Regression', 'Reranking', 'Retrieval', 'STS', 'Summarization', 'InstructionRetrieval', 'InstructionReranking', 'Any2AnyReranking', 'Any2AnyRetrieval', 'Any2AnyMultilingualRetrieval', 'VisionCentricQA', 'ImageClustering', 'ImageClassification', 'DocumentUnderstanding', 'VisualSTS(eng)', 'VisualSTS(multi)', 'ZeroShotClassification', 'Compositionality', 'AudioClustering', 'AudioMultilabelClassification', 'AudioReranking', 'AudioZeroshotClassification', 'AudioClassification', 'AudioPairClassification', 'VideoClassification', 'VideoClustering', 'VideoMultilabelClassification', 'VideoPairClassification', 'VideoZeroshotClassification', 'VideoCentricQA')], prompt types [['query', 'document']], and task names\n"}
,{"stream_name":"stderr","time":900.626328093,"data":"  resolved_prompts, invalid_prompts = AbsEncoder.validate_task_to_prompt_name(\n"}
,{"stream_name":"stderr","time":900.626333041,"data":"Task name QuestionAnswering is not valid. Valid keys are task types [('BitextMining', 'Classification', 'MultilabelClassification', 'Clustering', 'PairClassification', 'Regression', 'Reranking', 'Retrieval', 'STS', 'Summarization', 'InstructionRetrieval', 'InstructionReranking', 'Any2AnyReranking', 'Any2AnyRetrieval', 'Any2AnyMultilingualRetrieval', 'VisionCentricQA', 'ImageClustering', 'ImageClassification', 'DocumentUnderstanding', 'VisualSTS(eng)', 'VisualSTS(multi)', 'ZeroShotClassification', 'Compositionality', 'AudioClustering', 'AudioMultilabelClassification', 'AudioReranking', 'AudioZeroshotClassification', 'AudioClassification', 'AudioPairClassification', 'VideoClassification', 'VideoClustering', 'VideoMultilabelClassification', 'VideoPairClassification', 'VideoZeroshotClassification', 'VideoCentricQA')], prompt types [['query', 'document']], and task names\n"}
,{"stream_name":"stderr","time":900.626338889,"data":"\n"}
,{"stream_name":"stderr","time":900.626342952,"data":"/usr/local/lib/python3.13/dist-packages/mteb/models/sentence_transformer_wrapper.py:150: UserWarning: Task name FactChecking is not valid. Valid keys are task types [('BitextMining', 'Classification', 'MultilabelClassification', 'Clustering', 'PairClassification', 'Regression', 'Reranking', 'Retrieval', 'STS', 'Summarization', 'InstructionRetrieval', 'InstructionReranking', 'Any2AnyReranking', 'Any2AnyRetrieval', 'Any2AnyMultilingualRetrieval', 'VisionCentricQA', 'ImageClustering', 'ImageClassification', 'DocumentUnderstanding', 'VisualSTS(eng)', 'VisualSTS(multi)', 'ZeroShotClassification', 'Compositionality', 'AudioClustering', 'AudioMultilabelClassification', 'AudioReranking', 'AudioZeroshotClassification', 'AudioClassification', 'AudioPairClassification', 'VideoClassification', 'VideoClustering', 'VideoMultilabelClassification', 'VideoPairClassification', 'VideoZeroshotClassification', 'VideoCentricQA')], prompt types [['query', 'document']], and task names\n"}
,{"stream_name":"stderr","time":900.626349245,"data":"  resolved_prompts, invalid_prompts = AbsEncoder.validate_task_to_prompt_name(\n"}
,{"stream_name":"stderr","time":900.626352941,"data":"Task name QuestionAnswering is not valid. Valid keys are task types [('BitextMining', 'Classification', 'MultilabelClassification', 'Clustering', 'PairClassification', 'Regression', 'Reranking', 'Retrieval', 'STS', 'Summarization', 'InstructionRetrieval', 'InstructionReranking', 'Any2AnyReranking', 'Any2AnyRetrieval', 'Any2AnyMultilingualRetrieval', 'VisionCentricQA', 'ImageClustering', 'ImageClassification', 'DocumentUnderstanding', 'VisualSTS(eng)', 'VisualSTS(multi)', 'ZeroShotClassification', 'Compositionality', 'AudioClustering', 'AudioMultilabelClassification', 'AudioReranking', 'AudioZeroshotClassification', 'AudioClassification', 'AudioPairClassification', 'VideoClassification', 'VideoClustering', 'VideoMultilabelClassification', 'VideoPairClassification', 'VideoZeroshotClassification', 'VideoCentricQA')], prompt types [['query', 'document']], and task names\n"}
,{"stream_name":"stderr","time":900.627225554,"data":"/usr/local/lib/python3.13/dist-packages/mteb/models/sentence_transformer_wrapper.py:150: UserWarning: Task name QuestionAnswering is not valid. Valid keys are task types [('BitextMining', 'Classification', 'MultilabelClassification', 'Clustering', 'PairClassification', 'Regression', 'Reranking', 'Retrieval', 'STS', 'Summarization', 'InstructionRetrieval', 'InstructionReranking', 'Any2AnyReranking', 'Any2AnyRetrieval', 'Any2AnyMultilingualRetrieval', 'VisionCentricQA', 'ImageClustering', 'ImageClassification', 'DocumentUnderstanding', 'VisualSTS(eng)', 'VisualSTS(multi)', 'ZeroShotClassification', 'Compositionality', 'AudioClustering', 'AudioMultilabelClassification', 'AudioReranking', 'AudioZeroshotClassification', 'AudioClassification', 'AudioPairClassification', 'VideoClassification', 'VideoClustering', 'VideoMultilabelClassification', 'VideoPairClassification', 'VideoZeroshotClassification', 'VideoCentricQA')], prompt types [['query', 'document']], and task names\n"}
,{"stream_name":"stderr","time":900.627249812,"data":"  resolved_prompts, invalid_prompts = AbsEncoder.validate_task_to_prompt_name(\n"}
,{"stream_name":"stderr","time":900.627254622,"data":"Task name SearchQuery is not valid. Valid keys are task types [('BitextMining', 'Classification', 'MultilabelClassification', 'Clustering', 'PairClassification', 'Regression', 'Reranking', 'Retrieval', 'STS', 'Summarization', 'InstructionRetrieval', 'InstructionReranking', 'Any2AnyReranking', 'Any2AnyRetrieval', 'Any2AnyMultilingualRetrieval', 'VisionCentricQA', 'ImageClustering', 'ImageClassification', 'DocumentUnderstanding', 'VisualSTS(eng)', 'VisualSTS(multi)', 'ZeroShotClassification', 'Compositionality', 'AudioClustering', 'AudioMultilabelClassification', 'AudioReranking', 'AudioZeroshotClassification', 'AudioClassification', 'AudioPairClassification', 'VideoClassification', 'VideoClustering', 'VideoMultilabelClassification', 'VideoPairClassification', 'VideoZeroshotClassification', 'VideoCentricQA')], prompt types [['query', 'document']], and task names\n"}
,{"stream_name":"stderr","time":900.627260273,"data":"\n"}
,{"stream_name":"stderr","time":900.627264545,"data":"/usr/local/lib/python3.13/dist-packages/mteb/models/sentence_transformer_wrapper.py:150: UserWarning: Task name QuestionAnswering is not valid. Valid keys are task types [('BitextMining', 'Classification', 'MultilabelClassification', 'Clustering', 'PairClassification', 'Regression', 'Reranking', 'Retrieval', 'STS', 'Summarization', 'InstructionRetrieval', 'InstructionReranking', 'Any2AnyReranking', 'Any2AnyRetrieval', 'Any2AnyMultilingualRetrieval', 'VisionCentricQA', 'ImageClustering', 'ImageClassification', 'DocumentUnderstanding', 'VisualSTS(eng)', 'VisualSTS(multi)', 'ZeroShotClassification', 'Compositionality', 'AudioClustering', 'AudioMultilabelClassification', 'AudioReranking', 'AudioZeroshotClassification', 'AudioClassification', 'AudioPairClassification', 'VideoClassification', 'VideoClustering', 'VideoMultilabelClassification', 'VideoPairClassification', 'VideoZeroshotClassification', 'VideoCentricQA')], prompt types [['query', 'document']], and task names\n"}
,{"stream_name":"stderr","time":900.627271056,"data":"  resolved_prompts, invalid_prompts = AbsEncoder.validate_task_to_prompt_name(\n"}
,{"stream_name":"stderr","time":900.627274828,"data":"Task name SearchQuery is not valid. Valid keys are task types [('BitextMining', 'Classification', 'MultilabelClassification', 'Clustering', 'PairClassification', 'Regression', 'Reranking', 'Retrieval', 'STS', 'Summarization', 'InstructionRetrieval', 'InstructionReranking', 'Any2AnyReranking', 'Any2AnyRetrieval', 'Any2AnyMultilingualRetrieval', 'VisionCentricQA', 'ImageClustering', 'ImageClassification', 'DocumentUnderstanding', 'VisualSTS(eng)', 'VisualSTS(multi)', 'ZeroShotClassification', 'Compositionality', 'AudioClustering', 'AudioMultilabelClassification', 'AudioReranking', 'AudioZeroshotClassification', 'AudioClassification', 'AudioPairClassification', 'VideoClassification', 'VideoClustering', 'VideoMultilabelClassification', 'VideoPairClassification', 'VideoZeroshotClassification', 'VideoCentricQA')], prompt types [['query', 'document']], and task names\n"}
,{"stream_name":"stderr","time":900.641482251,"data":"/usr/local/lib/python3.13/dist-packages/mteb/models/sentence_transformer_wrapper.py:150: UserWarning: Task name SearchQuery is not valid. Valid keys are task types [('BitextMining', 'Classification', 'MultilabelClassification', 'Clustering', 'PairClassification', 'Regression', 'Reranking', 'Retrieval', 'STS', 'Summarization', 'InstructionRetrieval', 'InstructionReranking', 'Any2AnyReranking', 'Any2AnyRetrieval', 'Any2AnyMultilingualRetrieval', 'VisionCentricQA', 'ImageClustering', 'ImageClassification', 'DocumentUnderstanding', 'VisualSTS(eng)', 'VisualSTS(multi)', 'ZeroShotClassification', 'Compositionality', 'AudioClustering', 'AudioMultilabelClassification', 'AudioReranking', 'AudioZeroshotClassification', 'AudioClassification', 'AudioPairClassification', 'VideoClassification', 'VideoClustering', 'VideoMultilabelClassification', 'VideoPairClassification', 'VideoZeroshotClassification', 'VideoCentricQA')], prompt types [['query', 'document']], and task names\n"}
,{"stream_name":"stderr","time":900.641504391,"data":"  resolved_prompts, invalid_prompts = AbsEncoder.validate_task_to_prompt_name(\n"}
,{"stream_name":"stderr","time":900.641510068,"data":"Task name SentenceSimilarity is not valid. Valid keys are task types [('BitextMining', 'Classification', 'MultilabelClassification', 'Clustering', 'PairClassification', 'Regression', 'Reranking', 'Retrieval', 'STS', 'Summarization', 'InstructionRetrieval', 'InstructionReranking', 'Any2AnyReranking', 'Any2AnyRetrieval', 'Any2AnyMultilingualRetrieval', 'VisionCentricQA', 'ImageClustering', 'ImageClassification', 'DocumentUnderstanding', 'VisualSTS(eng)', 'VisualSTS(multi)', 'ZeroShotClassification', 'Compositionality', 'AudioClustering', 'AudioMultilabelClassification', 'AudioReranking', 'AudioZeroshotClassification', 'AudioClassification', 'AudioPairClassification', 'VideoClassification', 'VideoClustering', 'VideoMultilabelClassification', 'VideoPairClassification', 'VideoZeroshotClassification', 'VideoCentricQA')], prompt types [['query', 'document']], and task names\n"}
,{"stream_name":"stderr","time":900.641517264,"data":"\n"}
,{"stream_name":"stderr","time":900.641760977,"data":"/usr/local/lib/python3.13/dist-packages/mteb/models/sentence_transformer_wrapper.py:150: UserWarning: Task name SearchQuery is not valid. Valid keys are task types [('BitextMining', 'Classification', 'MultilabelClassification', 'Clustering', 'PairClassification', 'Regression', 'Reranking', 'Retrieval', 'STS', 'Summarization', 'InstructionRetrieval', 'InstructionReranking', 'Any2AnyReranking', 'Any2AnyRetrieval', 'Any2AnyMultilingualRetrieval', 'VisionCentricQA', 'ImageClustering', 'ImageClassification', 'DocumentUnderstanding', 'VisualSTS(eng)', 'VisualSTS(multi)', 'ZeroShotClassification', 'Compositionality', 'AudioClustering', 'AudioMultilabelClassification', 'AudioReranking', 'AudioZeroshotClassification', 'AudioClassification', 'AudioPairClassification', 'VideoClassification', 'VideoClustering', 'VideoMultilabelClassification', 'VideoPairClassification', 'VideoZeroshotClassification', 'VideoCentricQA')], prompt types [['query', 'document']], and task names\n"}
,{"stream_name":"stderr","time":900.641775029,"data":"  resolved_prompts, invalid_prompts = AbsEncoder.validate_task_to_prompt_name(\n"}
,{"stream_name":"stderr","time":900.641779121,"data":"Task name SentenceSimilarity is not valid. Valid keys are task types [('BitextMining', 'Classification', 'MultilabelClassification', 'Clustering', 'PairClassification', 'Regression', 'Reranking', 'Retrieval', 'STS', 'Summarization', 'InstructionRetrieval', 'InstructionReranking', 'Any2AnyReranking', 'Any2AnyRetrieval', 'Any2AnyMultilingualRetrieval', 'VisionCentricQA', 'ImageClustering', 'ImageClassification', 'DocumentUnderstanding', 'VisualSTS(eng)', 'VisualSTS(multi)', 'ZeroShotClassification', 'Compositionality', 'AudioClustering', 'AudioMultilabelClassification', 'AudioReranking', 'AudioZeroshotClassification', 'AudioClassification', 'AudioPairClassification', 'VideoClassification', 'VideoClustering', 'VideoMultilabelClassification', 'VideoPairClassification', 'VideoZeroshotClassification', 'VideoCentricQA')], prompt types [['query', 'document']], and task names\n"}
,{"stream_name":"stderr","time":900.642605073,"data":"/usr/local/lib/python3.13/dist-packages/mteb/models/sentence_transformer_wrapper.py:150: UserWarning: Task name SentenceSimilarity is not valid. Valid keys are task types [('BitextMining', 'Classification', 'MultilabelClassification', 'Clustering', 'PairClassification', 'Regression', 'Reranking', 'Retrieval', 'STS', 'Summarization', 'InstructionRetrieval', 'InstructionReranking', 'Any2AnyReranking', 'Any2AnyRetrieval', 'Any2AnyMultilingualRetrieval', 'VisionCentricQA', 'ImageClustering', 'ImageClassification', 'DocumentUnderstanding', 'VisualSTS(eng)', 'VisualSTS(multi)', 'ZeroShotClassification', 'Compositionality', 'AudioClustering', 'AudioMultilabelClassification', 'AudioReranking', 'AudioZeroshotClassification', 'AudioClassification', 'AudioPairClassification', 'VideoClassification', 'VideoClustering', 'VideoMultilabelClassification', 'VideoPairClassification', 'VideoZeroshotClassification', 'VideoCentricQA')], prompt types [['query', 'document']], and task names\n"}
,{"stream_name":"stderr","time":900.642625874,"data":"  resolved_prompts, invalid_prompts = AbsEncoder.validate_task_to_prompt_name(\n"}
,{"stream_name":"stderr","time":900.642630596,"data":"Some prompts are not in the expected format and will be ignored. Problems:\n"}
,{"stream_name":"stderr","time":900.642634751,"data":"\n"}
,{"stream_name":"stderr","time":900.642638503,"data":"Task name SentenceSimilarity is not valid. Valid keys are task types [('BitextMining', 'Classification', 'MultilabelClassification', 'Clustering', 'PairClassification', 'Regression', 'Reranking', 'Retrieval', 'STS', 'Summarization', 'InstructionRetrieval', 'InstructionReranking', 'Any2AnyReranking', 'Any2AnyRetrieval', 'Any2AnyMultilingualRetrieval', 'VisionCentricQA', 'ImageClustering', 'ImageClassification', 'DocumentUnderstanding', 'VisualSTS(eng)', 'VisualSTS(multi)', 'ZeroShotClassification', 'Compositionality', 'AudioClustering', 'AudioMultilabelClassification', 'AudioReranking', 'AudioZeroshotClassification', 'AudioClassification', 'AudioPairClassification', 'VideoClassification', 'VideoClustering', 'VideoMultilabelClassification', 'VideoPairClassification', 'VideoZeroshotClassification', 'VideoCentricQA')], prompt types [['query', 'document']], and task names\n"}
,{"stream_name":"stderr","time":900.642645016,"data":"Task name Document is not valid. Valid keys are task types [('BitextMining', 'Classification', 'MultilabelClassification', 'Clustering', 'PairClassification', 'Regression', 'Reranking', 'Retrieval', 'STS', 'Summarization', 'InstructionRetrieval', 'InstructionReranking', 'Any2AnyReranking', 'Any2AnyRetrieval', 'Any2AnyMultilingualRetrieval', 'VisionCentricQA', 'ImageClustering', 'ImageClassification', 'DocumentUnderstanding', 'VisualSTS(eng)', 'VisualSTS(multi)', 'ZeroShotClassification', 'Compositionality', 'AudioClustering', 'AudioMultilabelClassification', 'AudioReranking', 'AudioZeroshotClassification', 'AudioClassification', 'AudioPairClassification', 'VideoClassification', 'VideoClustering', 'VideoMultilabelClassification', 'VideoPairClassification', 'VideoZeroshotClassification', 'VideoCentricQA')], prompt types [['query', 'document']], and task names\n"}
,{"stream_name":"stderr","time":900.642658361,"data":"Task name CodeRetrieval is not valid. Valid keys are task types [('BitextMining', 'Classification', 'MultilabelClassification', 'Clustering', 'PairClassification', 'Regression', 'Reranking', 'Retrieval', 'STS', 'Summarization', 'InstructionRetrieval', 'InstructionReranking', 'Any2AnyReranking', 'Any2AnyRetrieval', 'Any2AnyMultilingualRetrieval', 'VisionCentricQA', 'ImageClustering', 'ImageClassification', 'DocumentUnderstanding', 'VisualSTS(eng)', 'VisualSTS(multi)', 'ZeroShotClassification', 'Compositionality', 'AudioClustering', 'AudioMultilabelClassification', 'AudioReranking', 'AudioZeroshotClassification', 'AudioClassification', 'AudioPairClassification', 'VideoClassification', 'VideoClustering', 'VideoMultilabelClassification', 'VideoPairClassification', 'VideoZeroshotClassification', 'VideoCentricQA')], prompt types [['query', 'document']], and task names\n"}
,{"stream_name":"stderr","time":900.642668034,"data":"Task name QuestionAnswering is not valid. Valid keys are task types [('BitextMining', 'Classification', 'MultilabelClassification', 'Clustering', 'PairClassification', 'Regression', 'Reranking', 'Retrieval', 'STS', 'Summarization', 'InstructionRetrieval', 'InstructionReranking', 'Any2AnyReranking', 'Any2AnyRetrieval', 'Any2AnyMultilingualRetrieval', 'VisionCentricQA', 'ImageClustering', 'ImageClassification', 'DocumentUnderstanding', 'VisualSTS(eng)', 'VisualSTS(multi)', 'ZeroShotClassification', 'Compositionality', 'AudioClustering', 'AudioMultilabelClassification', 'AudioReranking', 'AudioZeroshotClassification', 'AudioClassification', 'AudioPairClassification', 'VideoClassification', 'VideoClustering', 'VideoMultilabelClassification', 'VideoPairClassification', 'VideoZeroshotClassification', 'VideoCentricQA')], prompt types [['query', 'document']], and task names\n"}
,{"stream_name":"stderr","time":900.642671691,"data":"Task name SearchQuery is not valid. Valid keys are task types [('BitextMining', 'Classification', 'MultilabelClassification', 'Clustering', 'PairClassification', 'Regression', 'Reranking', 'Retrieval', 'STS', 'Summarization', 'InstructionRetrieval', 'InstructionReranking', 'Any2AnyReranking', 'Any2AnyRetrieval', 'Any2AnyMultilingualRetrieval', 'VisionCentricQA', 'ImageClustering', 'ImageClassification', 'DocumentUnderstanding', 'VisualSTS(eng)', 'VisualSTS(multi)', 'ZeroShotClassification', 'Compositionality', 'AudioClustering', 'AudioMultilabelClassification', 'AudioReranking', 'AudioZeroshotClassification', 'AudioClassification', 'AudioPairClassification', 'VideoClassification', 'VideoClustering', 'VideoMultilabelClassification', 'VideoPairClassification', 'VideoZeroshotClassification', 'VideoCentricQA')], prompt types [['query', 'document']], and task names\n"}
,{"stream_name":"stderr","time":900.642675476,"data":"Task name FactChecking is not valid. Valid keys are task types [('BitextMining', 'Classification', 'MultilabelClassification', 'Clustering', 'PairClassification', 'Regression', 'Reranking', 'Retrieval', 'STS', 'Summarization', 'InstructionRetrieval', 'InstructionReranking', 'Any2AnyReranking', 'Any2AnyRetrieval', 'Any2AnyMultilingualRetrieval', 'VisionCentricQA', 'ImageClustering', 'ImageClassification', 'DocumentUnderstanding', 'VisualSTS(eng)', 'VisualSTS(multi)', 'ZeroShotClassification', 'Compositionality', 'AudioClustering', 'AudioMultilabelClassification', 'AudioReranking', 'AudioZeroshotClassification', 'AudioClassification', 'AudioPairClassification', 'VideoClassification', 'VideoClustering', 'VideoMultilabelClassification', 'VideoPairClassification', 'VideoZeroshotClassification', 'VideoCentricQA')], prompt types [['query', 'document']], and task names\n"}
,{"stream_name":"stderr","time":900.642679011,"data":"\n"}
,{"stream_name":"stderr","time":900.642710867,"data":"/usr/local/lib/python3.13/dist-packages/mteb/models/sentence_transformer_wrapper.py:150: UserWarning: Task name SentenceSimilarity is not valid. Valid keys are task types [('BitextMining', 'Classification', 'MultilabelClassification', 'Clustering', 'PairClassification', 'Regression', 'Reranking', 'Retrieval', 'STS', 'Summarization', 'InstructionRetrieval', 'InstructionReranking', 'Any2AnyReranking', 'Any2AnyRetrieval', 'Any2AnyMultilingualRetrieval', 'VisionCentricQA', 'ImageClustering', 'ImageClassification', 'DocumentUnderstanding', 'VisualSTS(eng)', 'VisualSTS(multi)', 'ZeroShotClassification', 'Compositionality', 'AudioClustering', 'AudioMultilabelClassification', 'AudioReranking', 'AudioZeroshotClassification', 'AudioClassification', 'AudioPairClassification', 'VideoClassification', 'VideoClustering', 'VideoMultilabelClassification', 'VideoPairClassification', 'VideoZeroshotClassification', 'VideoCentricQA')], prompt types [['query', 'document']], and task names\n"}
,{"stream_name":"stderr","time":900.642722052,"data":"  resolved_prompts, invalid_prompts = AbsEncoder.validate_task_to_prompt_name(\n"}
,{"stream_name":"stderr","time":900.642725559,"data":"Some prompts are not in the expected format and will be ignored. Problems:\n"}
,{"stream_name":"stderr","time":900.642728967,"data":"\n"}
,{"stream_name":"stderr","time":900.642732509,"data":"Task name SentenceSimilarity is not valid. Valid keys are task types [('BitextMining', 'Classification', 'MultilabelClassification', 'Clustering', 'PairClassification', 'Regression', 'Reranking', 'Retrieval', 'STS', 'Summarization', 'InstructionRetrieval', 'InstructionReranking', 'Any2AnyReranking', 'Any2AnyRetrieval', 'Any2AnyMultilingualRetrieval', 'VisionCentricQA', 'ImageClustering', 'ImageClassification', 'DocumentUnderstanding', 'VisualSTS(eng)', 'VisualSTS(multi)', 'ZeroShotClassification', 'Compositionality', 'AudioClustering', 'AudioMultilabelClassification', 'AudioReranking', 'AudioZeroshotClassification', 'AudioClassification', 'AudioPairClassification', 'VideoClassification', 'VideoClustering', 'VideoMultilabelClassification', 'VideoPairClassification', 'VideoZeroshotClassification', 'VideoCentricQA')], prompt types [['query', 'document']], and task names\n"}
,{"stream_name":"stderr","time":900.642743079,"data":"Task name Document is not valid. Valid keys are task types [('BitextMining', 'Classification', 'MultilabelClassification', 'Clustering', 'PairClassification', 'Regression', 'Reranking', 'Retrieval', 'STS', 'Summarization', 'InstructionRetrieval', 'InstructionReranking', 'Any2AnyReranking', 'Any2AnyRetrieval', 'Any2AnyMultilingualRetrieval', 'VisionCentricQA', 'ImageClustering', 'ImageClassification', 'DocumentUnderstanding', 'VisualSTS(eng)', 'VisualSTS(multi)', 'ZeroShotClassification', 'Compositionality', 'AudioClustering', 'AudioMultilabelClassification', 'AudioReranking', 'AudioZeroshotClassification', 'AudioClassification', 'AudioPairClassification', 'VideoClassification', 'VideoClustering', 'VideoMultilabelClassification', 'VideoPairClassification', 'VideoZeroshotClassification', 'VideoCentricQA')], prompt types [['query', 'document']], and task names\n"}
,{"stream_name":"stderr","time":900.64274685,"data":"Task name CodeRetrieval is not valid. Valid keys are task types [('BitextMining', 'Classification', 'MultilabelClassification', 'Clustering', 'PairClassification', 'Regression', 'Reranking', 'Retrieval', 'STS', 'Summarization', 'InstructionRetrieval', 'InstructionReranking', 'Any2AnyReranking', 'Any2AnyRetrieval', 'Any2AnyMultilingualRetrieval', 'VisionCentricQA', 'ImageClustering', 'ImageClassification', 'DocumentUnderstanding', 'VisualSTS(eng)', 'VisualSTS(multi)', 'ZeroShotClassification', 'Compositionality', 'AudioClustering', 'AudioMultilabelClassification', 'AudioReranking', 'AudioZeroshotClassification', 'AudioClassification', 'AudioPairClassification', 'VideoClassification', 'VideoClustering', 'VideoMultilabelClassification', 'VideoPairClassification', 'VideoZeroshotClassification', 'VideoCentricQA')], prompt types [['query', 'document']], and task names\n"}
,{"stream_name":"stderr","time":900.642750727,"data":"Task name QuestionAnswering is not valid. Valid keys are task types [('BitextMining', 'Classification', 'MultilabelClassification', 'Clustering', 'PairClassification', 'Regression', 'Reranking', 'Retrieval', 'STS', 'Summarization', 'InstructionRetrieval', 'InstructionReranking', 'Any2AnyReranking', 'Any2AnyRetrieval', 'Any2AnyMultilingualRetrieval', 'VisionCentricQA', 'ImageClustering', 'ImageClassification', 'DocumentUnderstanding', 'VisualSTS(eng)', 'VisualSTS(multi)', 'ZeroShotClassification', 'Compositionality', 'AudioClustering', 'AudioMultilabelClassification', 'AudioReranking', 'AudioZeroshotClassification', 'AudioClassification', 'AudioPairClassification', 'VideoClassification', 'VideoClustering', 'VideoMultilabelClassification', 'VideoPairClassification', 'VideoZeroshotClassification', 'VideoCentricQA')], prompt types [['query', 'document']], and task names\n"}
,{"stream_name":"stderr","time":900.642756926,"data":"Task name SearchQuery is not valid. Valid keys are task types [('BitextMining', 'Classification', 'MultilabelClassification', 'Clustering', 'PairClassification', 'Regression', 'Reranking', 'Retrieval', 'STS', 'Summarization', 'InstructionRetrieval', 'InstructionReranking', 'Any2AnyReranking', 'Any2AnyRetrieval', 'Any2AnyMultilingualRetrieval', 'VisionCentricQA', 'ImageClustering', 'ImageClassification', 'DocumentUnderstanding', 'VisualSTS(eng)', 'VisualSTS(multi)', 'ZeroShotClassification', 'Compositionality', 'AudioClustering', 'AudioMultilabelClassification', 'AudioReranking', 'AudioZeroshotClassification', 'AudioClassification', 'AudioPairClassification', 'VideoClassification', 'VideoClustering', 'VideoMultilabelClassification', 'VideoPairClassification', 'VideoZeroshotClassification', 'VideoCentricQA')], prompt types [['query', 'document']], and task names\n"}
,{"stream_name":"stderr","time":900.642761202,"data":"Task name FactChecking is not valid. Valid keys are task types [('BitextMining', 'Classification', 'MultilabelClassification', 'Clustering', 'PairClassification', 'Regression', 'Reranking', 'Retrieval', 'STS', 'Summarization', 'InstructionRetrieval', 'InstructionReranking', 'Any2AnyReranking', 'Any2AnyRetrieval', 'Any2AnyMultilingualRetrieval', 'VisionCentricQA', 'ImageClustering', 'ImageClassification', 'DocumentUnderstanding', 'VisualSTS(eng)', 'VisualSTS(multi)', 'ZeroShotClassification', 'Compositionality', 'AudioClustering', 'AudioMultilabelClassification', 'AudioReranking', 'AudioZeroshotClassification', 'AudioClassification', 'AudioPairClassification', 'VideoClassification', 'VideoClustering', 'VideoMultilabelClassification', 'VideoPairClassification', 'VideoZeroshotClassification', 'VideoCentricQA')], prompt types [['query', 'document']], and task names\n"}
,{"stream_name":"stderr","time":900.658760981,"data":"/usr/local/lib/python3.13/dist-packages/mteb/models/sentence_transformer_wrapper.py:430: UserWarning: Some prompts are not in the expected format and will be ignored. Problems:\n"}
,{"stream_name":"stderr","time":900.658779645,"data":"\n"}
,{"stream_name":"stderr","time":900.658782975,"data":"Task name SentenceSimilarity is not valid. Valid keys are task types [('BitextMining', 'Classification', 'MultilabelClassification', 'Clustering', 'PairClassification', 'Regression', 'Reranking', 'Retrieval', 'STS', 'Summarization', 'InstructionRetrieval', 'InstructionReranking', 'Any2AnyReranking', 'Any2AnyRetrieval', 'Any2AnyMultilingualRetrieval', 'VisionCentricQA', 'ImageClustering', 'ImageClassification', 'DocumentUnderstanding', 'VisualSTS(eng)', 'VisualSTS(multi)', 'ZeroShotClassification', 'Compositionality', 'AudioClustering', 'AudioMultilabelClassification', 'AudioReranking', 'AudioZeroshotClassification', 'AudioClassification', 'AudioPairClassification', 'VideoClassification', 'VideoClustering', 'VideoMultilabelClassification', 'VideoPairClassification', 'VideoZeroshotClassification', 'VideoCentricQA')], prompt types [['query', 'document']], and task names\n"}
,{"stream_name":"stderr","time":900.65880727,"data":"Task name Document is not valid. Valid keys are task types [('BitextMining', 'Classification', 'MultilabelClassification', 'Clustering', 'PairClassification', 'Regression', 'Reranking', 'Retrieval', 'STS', 'Summarization', 'InstructionRetrieval', 'InstructionReranking', 'Any2AnyReranking', 'Any2AnyRetrieval', 'Any2AnyMultilingualRetrieval', 'VisionCentricQA', 'ImageClustering', 'ImageClassification', 'DocumentUnderstanding', 'VisualSTS(eng)', 'VisualSTS(multi)', 'ZeroShotClassification', 'Compositionality', 'AudioClustering', 'AudioMultilabelClassification', 'AudioReranking', 'AudioZeroshotClassification', 'AudioClassification', 'AudioPairClassification', 'VideoClassification', 'VideoClustering', 'VideoMultilabelClassification', 'VideoPairClassification', 'VideoZeroshotClassification', 'VideoCentricQA')], prompt types [['query', 'document']], and task names\n"}
,{"stream_name":"stderr","time":900.658814507,"data":"Task name CodeRetrieval is not valid. Valid keys are task types [('BitextMining', 'Classification', 'MultilabelClassification', 'Clustering', 'PairClassification', 'Regression', 'Reranking', 'Retrieval', 'STS', 'Summarization', 'InstructionRetrieval', 'InstructionReranking', 'Any2AnyReranking', 'Any2AnyRetrieval', 'Any2AnyMultilingualRetrieval', 'VisionCentricQA', 'ImageClustering', 'ImageClassification', 'DocumentUnderstanding', 'VisualSTS(eng)', 'VisualSTS(multi)', 'ZeroShotClassification', 'Compositionality', 'AudioClustering', 'AudioMultilabelClassification', 'AudioReranking', 'AudioZeroshotClassification', 'AudioClassification', 'AudioPairClassification', 'VideoClassification', 'VideoClustering', 'VideoMultilabelClassification', 'VideoPairClassification', 'VideoZeroshotClassification', 'VideoCentricQA')], prompt types [['query', 'document']], and task names\n"}
,{"stream_name":"stderr","time":900.658821093,"data":"Task name QuestionAnswering is not valid. Valid keys are task types [('BitextMining', 'Classification', 'MultilabelClassification', 'Clustering', 'PairClassification', 'Regression', 'Reranking', 'Retrieval', 'STS', 'Summarization', 'InstructionRetrieval', 'InstructionReranking', 'Any2AnyReranking', 'Any2AnyRetrieval', 'Any2AnyMultilingualRetrieval', 'VisionCentricQA', 'ImageClustering', 'ImageClassification', 'DocumentUnderstanding', 'VisualSTS(eng)', 'VisualSTS(multi)', 'ZeroShotClassification', 'Compositionality', 'AudioClustering', 'AudioMultilabelClassification', 'AudioReranking', 'AudioZeroshotClassification', 'AudioClassification', 'AudioPairClassification', 'VideoClassification', 'VideoClustering', 'VideoMultilabelClassification', 'VideoPairClassification', 'VideoZeroshotClassification', 'VideoCentricQA')], prompt types [['query', 'document']], and task names\n"}
,{"stream_name":"stderr","time":900.658827649,"data":"Task name SearchQuery is not valid. Valid keys are task types [('BitextMining', 'Classification', 'MultilabelClassification', 'Clustering', 'PairClassification', 'Regression', 'Reranking', 'Retrieval', 'STS', 'Summarization', 'InstructionRetrieval', 'InstructionReranking', 'Any2AnyReranking', 'Any2AnyRetrieval', 'Any2AnyMultilingualRetrieval', 'VisionCentricQA', 'ImageClustering', 'ImageClassification', 'DocumentUnderstanding', 'VisualSTS(eng)', 'VisualSTS(multi)', 'ZeroShotClassification', 'Compositionality', 'AudioClustering', 'AudioMultilabelClassification', 'AudioReranking', 'AudioZeroshotClassification', 'AudioClassification', 'AudioPairClassification', 'VideoClassification', 'VideoClustering', 'VideoMultilabelClassification', 'VideoPairClassification', 'VideoZeroshotClassification', 'VideoCentricQA')], prompt types [['query', 'document']], and task names\n"}
,{"stream_name":"stderr","time":900.65884231,"data":"Task name FactChecking is not valid. Valid keys are task types [('BitextMining', 'Classification', 'MultilabelClassification', 'Clustering', 'PairClassification', 'Regression', 'Reranking', 'Retrieval', 'STS', 'Summarization', 'InstructionRetrieval', 'InstructionReranking', 'Any2AnyReranking', 'Any2AnyRetrieval', 'Any2AnyMultilingualRetrieval', 'VisionCentricQA', 'ImageClustering', 'ImageClassification', 'DocumentUnderstanding', 'VisualSTS(eng)', 'VisualSTS(multi)', 'ZeroShotClassification', 'Compositionality', 'AudioClustering', 'AudioMultilabelClassification', 'AudioReranking', 'AudioZeroshotClassification', 'AudioClassification', 'AudioPairClassification', 'VideoClassification', 'VideoClustering', 'VideoMultilabelClassification', 'VideoPairClassification', 'VideoZeroshotClassification', 'VideoCentricQA')], prompt types [['query', 'document']], and task names\n"}
,{"stream_name":"stderr","time":900.658852278,"data":"  self.model_prompts = _resolve_model_prompts(self.model, model_prompts)\n"}
,{"stream_name":"stderr","time":900.658855708,"data":"\n"}
,{"stream_name":"stderr","time":900.658858862,"data":"/usr/local/lib/python3.13/dist-packages/mteb/models/sentence_transformer_wrapper.py:430: UserWarning: Some prompts are not in the expected format and will be ignored. Problems:\n"}
,{"stream_name":"stderr","time":900.658862443,"data":"\n"}
,{"stream_name":"stderr","time":900.658866514,"data":"Task name SentenceSimilarity is not valid. Valid keys are task types [('BitextMining', 'Classification', 'MultilabelClassification', 'Clustering', 'PairClassification', 'Regression', 'Reranking', 'Retrieval', 'STS', 'Summarization', 'InstructionRetrieval', 'InstructionReranking', 'Any2AnyReranking', 'Any2AnyRetrieval', 'Any2AnyMultilingualRetrieval', 'VisionCentricQA', 'ImageClustering', 'ImageClassification', 'DocumentUnderstanding', 'VisualSTS(eng)', 'VisualSTS(multi)', 'ZeroShotClassification', 'Compositionality', 'AudioClustering', 'AudioMultilabelClassification', 'AudioReranking', 'AudioZeroshotClassification', 'AudioClassification', 'AudioPairClassification', 'VideoClassification', 'VideoClustering', 'VideoMultilabelClassification', 'VideoPairClassification', 'VideoZeroshotClassification', 'VideoCentricQA')], prompt types [['query', 'document']], and task names\n"}
,{"stream_name":"stderr","time":900.65887267,"data":"Task name Document is not valid. Valid keys are task types [('BitextMining', 'Classification', 'MultilabelClassification', 'Clustering', 'PairClassification', 'Regression', 'Reranking', 'Retrieval', 'STS', 'Summarization', 'InstructionRetrieval', 'InstructionReranking', 'Any2AnyReranking', 'Any2AnyRetrieval', 'Any2AnyMultilingualRetrieval', 'VisionCentricQA', 'ImageClustering', 'ImageClassification', 'DocumentUnderstanding', 'VisualSTS(eng)', 'VisualSTS(multi)', 'ZeroShotClassification', 'Compositionality', 'AudioClustering', 'AudioMultilabelClassification', 'AudioReranking', 'AudioZeroshotClassification', 'AudioClassification', 'AudioPairClassification', 'VideoClassification', 'VideoClustering', 'VideoMultilabelClassification', 'VideoPairClassification', 'VideoZeroshotClassification', 'VideoCentricQA')], prompt types [['query', 'document']], and task names\n"}
,{"stream_name":"stderr","time":900.658878455,"data":"Task name CodeRetrieval is not valid. Valid keys are task types [('BitextMining', 'Classification', 'MultilabelClassification', 'Clustering', 'PairClassification', 'Regression', 'Reranking', 'Retrieval', 'STS', 'Summarization', 'InstructionRetrieval', 'InstructionReranking', 'Any2AnyReranking', 'Any2AnyRetrieval', 'Any2AnyMultilingualRetrieval', 'VisionCentricQA', 'ImageClustering', 'ImageClassification', 'DocumentUnderstanding', 'VisualSTS(eng)', 'VisualSTS(multi)', 'ZeroShotClassification', 'Compositionality', 'AudioClustering', 'AudioMultilabelClassification', 'AudioReranking', 'AudioZeroshotClassification', 'AudioClassification', 'AudioPairClassification', 'VideoClassification', 'VideoClustering', 'VideoMultilabelClassification', 'VideoPairClassification', 'VideoZeroshotClassification', 'VideoCentricQA')], prompt types [['query', 'document']], and task names\n"}
,{"stream_name":"stderr","time":900.658884948,"data":"Task name QuestionAnswering is not valid. Valid keys are task types [('BitextMining', 'Classification', 'MultilabelClassification', 'Clustering', 'PairClassification', 'Regression', 'Reranking', 'Retrieval', 'STS', 'Summarization', 'InstructionRetrieval', 'InstructionReranking', 'Any2AnyReranking', 'Any2AnyRetrieval', 'Any2AnyMultilingualRetrieval', 'VisionCentricQA', 'ImageClustering', 'ImageClassification', 'DocumentUnderstanding', 'VisualSTS(eng)', 'VisualSTS(multi)', 'ZeroShotClassification', 'Compositionality', 'AudioClustering', 'AudioMultilabelClassification', 'AudioReranking', 'AudioZeroshotClassification', 'AudioClassification', 'AudioPairClassification', 'VideoClassification', 'VideoClustering', 'VideoMultilabelClassification', 'VideoPairClassification', 'VideoZeroshotClassification', 'VideoCentricQA')], prompt types [['query', 'document']], and task names\n"}
,{"stream_name":"stderr","time":900.658898247,"data":"Task name SearchQuery is not valid. Valid keys are task types [('BitextMining', 'Classification', 'MultilabelClassification', 'Clustering', 'PairClassification', 'Regression', 'Reranking', 'Retrieval', 'STS', 'Summarization', 'InstructionRetrieval', 'InstructionReranking', 'Any2AnyReranking', 'Any2AnyRetrieval', 'Any2AnyMultilingualRetrieval', 'VisionCentricQA', 'ImageClustering', 'ImageClassification', 'DocumentUnderstanding', 'VisualSTS(eng)', 'VisualSTS(multi)', 'ZeroShotClassification', 'Compositionality', 'AudioClustering', 'AudioMultilabelClassification', 'AudioReranking', 'AudioZeroshotClassification', 'AudioClassification', 'AudioPairClassification', 'VideoClassification', 'VideoClustering', 'VideoMultilabelClassification', 'VideoPairClassification', 'VideoZeroshotClassification', 'VideoCentricQA')], prompt types [['query', 'document']], and task names\n"}
,{"stream_name":"stderr","time":900.6589047,"data":"Task name FactChecking is not valid. Valid keys are task types [('BitextMining', 'Classification', 'MultilabelClassification', 'Clustering', 'PairClassification', 'Regression', 'Reranking', 'Retrieval', 'STS', 'Summarization', 'InstructionRetrieval', 'InstructionReranking', 'Any2AnyReranking', 'Any2AnyRetrieval', 'Any2AnyMultilingualRetrieval', 'VisionCentricQA', 'ImageClustering', 'ImageClassification', 'DocumentUnderstanding', 'VisualSTS(eng)', 'VisualSTS(multi)', 'ZeroShotClassification', 'Compositionality', 'AudioClustering', 'AudioMultilabelClassification', 'AudioReranking', 'AudioZeroshotClassification', 'AudioClassification', 'AudioPairClassification', 'VideoClassification', 'VideoClustering', 'VideoMultilabelClassification', 'VideoPairClassification', 'VideoZeroshotClassification', 'VideoCentricQA')], prompt types [['query', 'document']], and task names\n"}
,{"stream_name":"stderr","time":900.658910375,"data":"  self.model_prompts = _resolve_model_prompts(self.model, model_prompts)\n"}
,{"stream_name":"stderr","time":961.41353441,"data":"/usr/local/lib/python3.13/dist-packages/sklearn/metrics/_classification.py:1565: UndefinedMetricWarning: Precision is ill-defined and being set to 0.0 in labels with no predicted samples. Use `zero_division` parameter to control this behavior.\n"}
,{"stream_name":"stderr","time":961.413583771,"data":"  _warn_prf(average, modifier, f\"{metric.capitalize()} is\", len(result))\n"}
,{"stream_name":"stderr","time":961.413590363,"data":"/usr/local/lib/python3.13/dist-packages/sklearn/metrics/_classification.py:1565: UndefinedMetricWarning: Precision is ill-defined and being set to 0.0 in labels with no predicted samples. Use `zero_division` parameter to control this behavior.\n"}
,{"stream_name":"stderr","time":961.413595708,"data":"  _warn_prf(average, modifier, f\"{metric.capitalize()} is\", len(result))\n"}
,{"stream_name":"stderr","time":961.413600472,"data":"\n"}
,{"stream_name":"stderr","time":961.413604773,"data":"/usr/local/lib/python3.13/dist-packages/sklearn/metrics/_classification.py:1565: UndefinedMetricWarning: Precision is ill-defined and being set to 0.0 in labels with no predicted samples. Use `zero_division` parameter to control this behavior.\n"}
,{"stream_name":"stderr","time":961.413620359,"data":"  _warn_prf(average, modifier, f\"{metric.capitalize()} is\", len(result))\n"}
,{"stream_name":"stderr","time":961.413624211,"data":"/usr/local/lib/python3.13/dist-packages/sklearn/metrics/_classification.py:1565: UndefinedMetricWarning: Precision is ill-defined and being set to 0.0 in labels with no predicted samples. Use `zero_division` parameter to control this behavior.\n"}
,{"stream_name":"stderr","time":961.413628253,"data":"  _warn_prf(average, modifier, f\"{metric.capitalize()} is\", len(result))\n"}
,{"stream_name":"stderr","time":963.003619294,"data":"/usr/local/lib/python3.13/dist-packages/sklearn/metrics/_classification.py:1565: UndefinedMetricWarning: Precision is ill-defined and being set to 0.0 in labels with no predicted samples. Use `zero_division` parameter to control this behavior.\n"}
,{"stream_name":"stderr","time":963.003658298,"data":"  _warn_prf(average, modifier, f\"{metric.capitalize()} is\", len(result))\n"}
,{"stream_name":"stderr","time":963.003664252,"data":"/usr/local/lib/python3.13/dist-packages/sklearn/metrics/_classification.py:1565: UndefinedMetricWarning: Precision is ill-defined and being set to 0.0 in labels with no predicted samples. Use `zero_division` parameter to control this behavior.\n"}
,{"stream_name":"stderr","time":963.003668977,"data":"  _warn_prf(average, modifier, f\"{metric.capitalize()} is\", len(result))\n"}
,{"stream_name":"stderr","time":963.003673179,"data":"\n"}
,{"stream_name":"stderr","time":963.003676917,"data":"/usr/local/lib/python3.13/dist-packages/sklearn/metrics/_classification.py:1565: UndefinedMetricWarning: Precision is ill-defined and being set to 0.0 in labels with no predicted samples. Use `zero_division` parameter to control this behavior.\n"}
,{"stream_name":"stderr","time":963.003696792,"data":"  _warn_prf(average, modifier, f\"{metric.capitalize()} is\", len(result))\n"}
,{"stream_name":"stderr","time":963.00370521,"data":"/usr/local/lib/python3.13/dist-packages/sklearn/metrics/_classification.py:1565: UndefinedMetricWarning: Precision is ill-defined and being set to 0.0 in labels with no predicted samples. Use `zero_division` parameter to control this behavior.\n"}
,{"stream_name":"stderr","time":963.003709432,"data":"  _warn_prf(average, modifier, f\"{metric.capitalize()} is\", len(result))\n"}
,{"stream_name":"stderr","time":964.913064025,"data":"/usr/local/lib/python3.13/dist-packages/sklearn/metrics/_classification.py:1565: UndefinedMetricWarning: Precision is ill-defined and being set to 0.0 in labels with no predicted samples. Use `zero_division` parameter to control this behavior.\n"}
,{"stream_name":"stderr","time":964.91311345,"data":"  _warn_prf(average, modifier, f\"{metric.capitalize()} is\", len(result))\n"}
,{"stream_name":"stderr","time":964.913120057,"data":"/usr/local/lib/python3.13/dist-packages/sklearn/metrics/_classification.py:1565: UndefinedMetricWarning: Precision is ill-defined and being set to 0.0 in labels with no predicted samples. Use `zero_division` parameter to control this behavior.\n"}
,{"stream_name":"stderr","time":964.913124814,"data":"  _warn_prf(average, modifier, f\"{metric.capitalize()} is\", len(result))\n"}
,{"stream_name":"stderr","time":964.913129185,"data":"\n"}
,{"stream_name":"stderr","time":964.913133019,"data":"/usr/local/lib/python3.13/dist-packages/sklearn/metrics/_classification.py:1565: UndefinedMetricWarning: Precision is ill-defined and being set to 0.0 in labels with no predicted samples. Use `zero_division` parameter to control this behavior.\n"}
,{"stream_name":"stderr","time":964.913138018,"data":"  _warn_prf(average, modifier, f\"{metric.capitalize()} is\", len(result))\n"}
,{"stream_name":"stderr","time":964.913142489,"data":"/usr/local/lib/python3.13/dist-packages/sklearn/metrics/_classification.py:1565: UndefinedMetricWarning: Precision is ill-defined and being set to 0.0 in labels with no predicted samples. Use `zero_division` parameter to control this behavior.\n"}
,{"stream_name":"stderr","time":964.913167985,"data":"  _warn_prf(average, modifier, f\"{metric.capitalize()} is\", len(result))\n"}
,{"stream_name":"stderr","time":966.727169198,"data":"/usr/local/lib/python3.13/dist-packages/sklearn/metrics/_classification.py:1565: UndefinedMetricWarning: Precision is ill-defined and being set to 0.0 in labels with no predicted samples. Use `zero_division` parameter to control this behavior.\n"}
,{"stream_name":"stderr","time":966.727221734,"data":"  _warn_prf(average, modifier, f\"{metric.capitalize()} is\", len(result))\n"}
,{"stream_name":"stderr","time":966.727227581,"data":"/usr/local/lib/python3.13/dist-packages/sklearn/metrics/_classification.py:1565: UndefinedMetricWarning: Precision is ill-defined and being set to 0.0 in labels with no predicted samples. Use `zero_division` parameter to control this behavior.\n"}
,{"stream_name":"stderr","time":966.727231982,"data":"  _warn_prf(average, modifier, f\"{metric.capitalize()} is\", len(result))\n"}
,{"stream_name":"stderr","time":966.72723601,"data":"\n"}
,{"stream_name":"stderr","time":966.727239525,"data":"/usr/local/lib/python3.13/dist-packages/sklearn/metrics/_classification.py:1565: UndefinedMetricWarning: Precision is ill-defined and being set to 0.0 in labels with no predicted samples. Use `zero_division` parameter to control this behavior.\n"}
,{"stream_name":"stderr","time":966.727243964,"data":"  _warn_prf(average, modifier, f\"{metric.capitalize()} is\", len(result))\n"}
,{"stream_name":"stderr","time":966.727248367,"data":"/usr/local/lib/python3.13/dist-packages/sklearn/metrics/_classification.py:1565: UndefinedMetricWarning: Precision is ill-defined and being set to 0.0 in labels with no predicted samples. Use `zero_division` parameter to control this behavior.\n"}
,{"stream_name":"stderr","time":966.727252685,"data":"  _warn_prf(average, modifier, f\"{metric.capitalize()} is\", len(result))\n"}
,{"stream_name":"stderr","time":968.765942434,"data":"/usr/local/lib/python3.13/dist-packages/sklearn/metrics/_classification.py:1565: UndefinedMetricWarning: Precision is ill-defined and being set to 0.0 in labels with no predicted samples. Use `zero_division` parameter to control this behavior.\n"}
,{"stream_name":"stderr","time":968.76598988,"data":"  _warn_prf(average, modifier, f\"{metric.capitalize()} is\", len(result))\n"}
,{"stream_name":"stderr","time":968.765995613,"data":"/usr/local/lib/python3.13/dist-packages/sklearn/metrics/_classification.py:1565: UndefinedMetricWarning: Precision is ill-defined and being set to 0.0 in labels with no predicted samples. Use `zero_division` parameter to control this behavior.\n"}
,{"stream_name":"stderr","time":968.766001905,"data":"  _warn_prf(average, modifier, f\"{metric.capitalize()} is\", len(result))\n"}
,{"stream_name":"stderr","time":968.766005673,"data":"\n"}
,{"stream_name":"stderr","time":968.766009164,"data":"/usr/local/lib/python3.13/dist-packages/sklearn/metrics/_classification.py:1565: UndefinedMetricWarning: Precision is ill-defined and being set to 0.0 in labels with no predicted samples. Use `zero_division` parameter to control this behavior.\n"}
,{"stream_name":"stderr","time":968.766014147,"data":"  _warn_prf(average, modifier, f\"{metric.capitalize()} is\", len(result))\n"}
,{"stream_name":"stderr","time":968.766018972,"data":"/usr/local/lib/python3.13/dist-packages/sklearn/metrics/_classification.py:1565: UndefinedMetricWarning: Precision is ill-defined and being set to 0.0 in labels with no predicted samples. Use `zero_division` parameter to control this behavior.\n"}
,{"stream_name":"stderr","time":968.766023012,"data":"  _warn_prf(average, modifier, f\"{metric.capitalize()} is\", len(result))\n"}
,{"stream_name":"stderr","time":970.713934548,"data":"/usr/local/lib/python3.13/dist-packages/sklearn/metrics/_classification.py:1565: UndefinedMetricWarning: Precision is ill-defined and being set to 0.0 in labels with no predicted samples. Use `zero_division` parameter to control this behavior.\n"}
,{"stream_name":"stderr","time":970.71397736,"data":"  _warn_prf(average, modifier, f\"{metric.capitalize()} is\", len(result))\n"}
,{"stream_name":"stderr","time":970.713983221,"data":"/usr/local/lib/python3.13/dist-packages/sklearn/metrics/_classification.py:1565: UndefinedMetricWarning: Precision is ill-defined and being set to 0.0 in labels with no predicted samples. Use `zero_division` parameter to control this behavior.\n"}
,{"stream_name":"stderr","time":970.713988128,"data":"  _warn_prf(average, modifier, f\"{metric.capitalize()} is\", len(result))\n"}
,{"stream_name":"stderr","time":970.713991981,"data":"\n"}
,{"stream_name":"stderr","time":970.713995143,"data":"/usr/local/lib/python3.13/dist-packages/sklearn/metrics/_classification.py:1565: UndefinedMetricWarning: Precision is ill-defined and being set to 0.0 in labels with no predicted samples. Use `zero_division` parameter to control this behavior.\n"}
,{"stream_name":"stderr","time":970.713999146,"data":"  _warn_prf(average, modifier, f\"{metric.capitalize()} is\", len(result))\n"}
,{"stream_name":"stderr","time":970.714002725,"data":"/usr/local/lib/python3.13/dist-packages/sklearn/metrics/_classification.py:1565: UndefinedMetricWarning: Precision is ill-defined and being set to 0.0 in labels with no predicted samples. Use `zero_division` parameter to control this behavior.\n"}
,{"stream_name":"stderr","time":970.714006739,"data":"  _warn_prf(average, modifier, f\"{metric.capitalize()} is\", len(result))\n"}
,{"stream_name":"stderr","time":972.90972789,"data":"/usr/local/lib/python3.13/dist-packages/sklearn/metrics/_classification.py:1565: UndefinedMetricWarning: Precision is ill-defined and being set to 0.0 in labels with no predicted samples. Use `zero_division` parameter to control this behavior.\n"}
,{"stream_name":"stderr","time":972.909772689,"data":"  _warn_prf(average, modifier, f\"{metric.capitalize()} is\", len(result))\n"}
,{"stream_name":"stderr","time":972.909777109,"data":"/usr/local/lib/python3.13/dist-packages/sklearn/metrics/_classification.py:1565: UndefinedMetricWarning: Precision is ill-defined and being set to 0.0 in labels with no predicted samples. Use `zero_division` parameter to control this behavior.\n"}
,{"stream_name":"stderr","time":972.909779848,"data":"  _warn_prf(average, modifier, f\"{metric.capitalize()} is\", len(result))\n"}
,{"stream_name":"stderr","time":972.909782353,"data":"\n"}
,{"stream_name":"stderr","time":972.909784689,"data":"/usr/local/lib/python3.13/dist-packages/sklearn/metrics/_classification.py:1565: UndefinedMetricWarning: Precision is ill-defined and being set to 0.0 in labels with no predicted samples. Use `zero_division` parameter to control this behavior.\n"}
,{"stream_name":"stderr","time":972.909787394,"data":"  _warn_prf(average, modifier, f\"{metric.capitalize()} is\", len(result))\n"}
,{"stream_name":"stderr","time":972.909789762,"data":"/usr/local/lib/python3.13/dist-packages/sklearn/metrics/_classification.py:1565: UndefinedMetricWarning: Precision is ill-defined and being set to 0.0 in labels with no predicted samples. Use `zero_division` parameter to control this behavior.\n"}
,{"stream_name":"stderr","time":972.909792266,"data":"  _warn_prf(average, modifier, f\"{metric.capitalize()} is\", len(result))\n"}
,{"stream_name":"stderr","time":974.874140128,"data":"/usr/local/lib/python3.13/dist-packages/sklearn/metrics/_classification.py:1565: UndefinedMetricWarning: Precision is ill-defined and being set to 0.0 in labels with no predicted samples. Use `zero_division` parameter to control this behavior.\n"}
,{"stream_name":"stderr","time":974.874205949,"data":"  _warn_prf(average, modifier, f\"{metric.capitalize()} is\", len(result))\n"}
,{"stream_name":"stderr","time":974.874212854,"data":"/usr/local/lib/python3.13/dist-packages/sklearn/metrics/_classification.py:1565: UndefinedMetricWarning: Precision is ill-defined and being set to 0.0 in labels with no predicted samples. Use `zero_division` parameter to control this behavior.\n"}
,{"stream_name":"stderr","time":974.87421824,"data":"  _warn_prf(average, modifier, f\"{metric.capitalize()} is\", len(result))\n"}
,{"stream_name":"stderr","time":974.874222373,"data":"\n"}
,{"stream_name":"stderr","time":974.87422587,"data":"/usr/local/lib/python3.13/dist-packages/sklearn/metrics/_classification.py:1565: UndefinedMetricWarning: Precision is ill-defined and being set to 0.0 in labels with no predicted samples. Use `zero_division` parameter to control this behavior.\n"}
,{"stream_name":"stderr","time":974.874230244,"data":"  _warn_prf(average, modifier, f\"{metric.capitalize()} is\", len(result))\n"}
,{"stream_name":"stderr","time":974.874234225,"data":"/usr/local/lib/python3.13/dist-packages/sklearn/metrics/_classification.py:1565: UndefinedMetricWarning: Precision is ill-defined and being set to 0.0 in labels with no predicted samples. Use `zero_division` parameter to control this behavior.\n"}
,{"stream_name":"stderr","time":974.874238677,"data":"  _warn_prf(average, modifier, f\"{metric.capitalize()} is\", len(result))\n"}
,{"stream_name":"stderr","time":975.196183436,"data":"/usr/local/lib/python3.13/dist-packages/sklearn/metrics/_classification.py:1565: UndefinedMetricWarning: Recall is ill-defined and being set to 0.0 in labels with no true samples. Use `zero_division` parameter to control this behavior.\n"}
,{"stream_name":"stderr","time":975.196231647,"data":"  _warn_prf(average, modifier, f\"{metric.capitalize()} is\", len(result))\n"}
,{"stream_name":"stderr","time":975.196237042,"data":"/usr/local/lib/python3.13/dist-packages/sklearn/metrics/_classification.py:1565: UndefinedMetricWarning: Recall is ill-defined and being set to 0.0 in labels with no true samples. Use `zero_division` parameter to control this behavior.\n"}
,{"stream_name":"stderr","time":975.196242006,"data":"  _warn_prf(average, modifier, f\"{metric.capitalize()} is\", len(result))\n"}
,{"stream_name":"stderr","time":975.196245892,"data":"\n"}
,{"stream_name":"stderr","time":975.19624961,"data":"/usr/local/lib/python3.13/dist-packages/sklearn/metrics/_classification.py:1565: UndefinedMetricWarning: Recall is ill-defined and being set to 0.0 in labels with no true samples. Use `zero_division` parameter to control this behavior.\n"}
,{"stream_name":"stderr","time":975.196254245,"data":"  _warn_prf(average, modifier, f\"{metric.capitalize()} is\", len(result))\n"}
,{"stream_name":"stderr","time":975.196258818,"data":"/usr/local/lib/python3.13/dist-packages/sklearn/metrics/_classification.py:1565: UndefinedMetricWarning: Recall is ill-defined and being set to 0.0 in labels with no true samples. Use `zero_division` parameter to control this behavior.\n"}
,{"stream_name":"stderr","time":975.196263342,"data":"  _warn_prf(average, modifier, f\"{metric.capitalize()} is\", len(result))\n"}
,{"stream_name":"stderr","time":976.567587087,"data":"/usr/local/lib/python3.13/dist-packages/sklearn/metrics/_classification.py:1565: UndefinedMetricWarning: Precision is ill-defined and being set to 0.0 in labels with no predicted samples. Use `zero_division` parameter to control this behavior.\n"}
,{"stream_name":"stderr","time":976.567633393,"data":"  _warn_prf(average, modifier, f\"{metric.capitalize()} is\", len(result))\n"}
,{"stream_name":"stderr","time":976.56764055,"data":"/usr/local/lib/python3.13/dist-packages/sklearn/metrics/_classification.py:1565: UndefinedMetricWarning: Precision is ill-defined and being set to 0.0 in labels with no predicted samples. Use `zero_division` parameter to control this behavior.\n"}
,{"stream_name":"stderr","time":976.567663872,"data":"  _warn_prf(average, modifier, f\"{metric.capitalize()} is\", len(result))\n"}
,{"stream_name":"stderr","time":976.5676684,"data":"\n"}
,{"stream_name":"stderr","time":976.567671848,"data":"/usr/local/lib/python3.13/dist-packages/sklearn/metrics/_classification.py:1565: UndefinedMetricWarning: Precision is ill-defined and being set to 0.0 in labels with no predicted samples. Use `zero_division` parameter to control this behavior.\n"}
,{"stream_name":"stderr","time":976.567676037,"data":"  _warn_prf(average, modifier, f\"{metric.capitalize()} is\", len(result))\n"}
,{"stream_name":"stderr","time":976.567679871,"data":"/usr/local/lib/python3.13/dist-packages/sklearn/metrics/_classification.py:1565: UndefinedMetricWarning: Precision is ill-defined and being set to 0.0 in labels with no predicted samples. Use `zero_division` parameter to control this behavior.\n"}
,{"stream_name":"stderr","time":976.567705315,"data":"  _warn_prf(average, modifier, f\"{metric.capitalize()} is\", len(result))\n"}
,{"stream_name":"stderr","time":978.214614544,"data":"/usr/local/lib/python3.13/dist-packages/sklearn/metrics/_classification.py:1565: UndefinedMetricWarning: Precision is ill-defined and being set to 0.0 in labels with no predicted samples. Use `zero_division` parameter to control this behavior.\n"}
,{"stream_name":"stderr","time":978.214664262,"data":"  _warn_prf(average, modifier, f\"{metric.capitalize()} is\", len(result))\n"}
,{"stream_name":"stderr","time":978.214670293,"data":"/usr/local/lib/python3.13/dist-packages/sklearn/metrics/_classification.py:1565: UndefinedMetricWarning: Precision is ill-defined and being set to 0.0 in labels with no predicted samples. Use `zero_division` parameter to control this behavior.\n"}
,{"stream_name":"stderr","time":978.214675143,"data":"  _warn_prf(average, modifier, f\"{metric.capitalize()} is\", len(result))\n"}
,{"stream_name":"stderr","time":978.214679195,"data":"\n"}
,{"stream_name":"stderr","time":978.214696924,"data":"/usr/local/lib/python3.13/dist-packages/sklearn/metrics/_classification.py:1565: UndefinedMetricWarning: Precision is ill-defined and being set to 0.0 in labels with no predicted samples. Use `zero_division` parameter to control this behavior.\n"}
,{"stream_name":"stderr","time":978.214823482,"data":"  _warn_prf(average, modifier, f\"{metric.capitalize()} is\", len(result))\n"}
,{"stream_name":"stderr","time":978.214832269,"data":"/usr/local/lib/python3.13/dist-packages/sklearn/metrics/_classification.py:1565: UndefinedMetricWarning: Precision is ill-defined and being set to 0.0 in labels with no predicted samples. Use `zero_division` parameter to control this behavior.\n"}
,{"stream_name":"stderr","time":978.214836992,"data":"  _warn_prf(average, modifier, f\"{metric.capitalize()} is\", len(result))\n"}
,{"stream_name":"stdout","time":1061.951444776,"data":"MassiveIntentClassification    main_score=0.8802 rev=4672e204\n"}
,{"stream_name":"stderr","time":1061.952512752,"data":"/usr/local/lib/python3.13/dist-packages/mteb/models/model_meta.py:969: FutureWarning: The `get_sentence_embedding_dimension` method has been renamed to `get_embedding_dimension`.\n"}
,{"stream_name":"stderr","time":1061.95254445,"data":"  embedding_dimensions = model.get_sentence_embedding_dimension()\n"}
,{"stream_name":"stderr","time":1061.952550826,"data":"/usr/local/lib/python3.13/dist-packages/mteb/models/model_meta.py:929: FutureWarning: The `get_sentence_embedding_dimension` method has been renamed to `get_embedding_dimension`.\n"}
,{"stream_name":"stderr","time":1061.952578145,"data":"  embed_dim=model.get_sentence_embedding_dimension(),\n"}
,{"stream_name":"stderr","time":1061.952583256,"data":"Task name CodeRetrieval is not valid. Valid keys are task types [('BitextMining', 'Classification', 'MultilabelClassification', 'Clustering', 'PairClassification', 'Regression', 'Reranking', 'Retrieval', 'STS', 'Summarization', 'InstructionRetrieval', 'InstructionReranking', 'Any2AnyReranking', 'Any2AnyRetrieval', 'Any2AnyMultilingualRetrieval', 'VisionCentricQA', 'ImageClustering', 'ImageClassification', 'DocumentUnderstanding', 'VisualSTS(eng)', 'VisualSTS(multi)', 'ZeroShotClassification', 'Compositionality', 'AudioClustering', 'AudioMultilabelClassification', 'AudioReranking', 'AudioZeroshotClassification', 'AudioClassification', 'AudioPairClassification', 'VideoClassification', 'VideoClustering', 'VideoMultilabelClassification', 'VideoPairClassification', 'VideoZeroshotClassification', 'VideoCentricQA')], prompt types [['query', 'document']], and task names\n"}
,{"stream_name":"stderr","time":1061.952588137,"data":"\n"}
,{"stream_name":"stderr","time":1061.952590266,"data":"/usr/local/lib/python3.13/dist-packages/mteb/models/model_meta.py:969: FutureWarning: The `get_sentence_embedding_dimension` method has been renamed to `get_embedding_dimension`.\n"}
,{"stream_name":"stderr","time":1061.952592867,"data":"  embedding_dimensions = model.get_sentence_embedding_dimension()\n"}
,{"stream_name":"stderr","time":1061.952595287,"data":"/usr/local/lib/python3.13/dist-packages/mteb/models/model_meta.py:929: FutureWarning: The `get_sentence_embedding_dimension` method has been renamed to `get_embedding_dimension`.\n"}
,{"stream_name":"stderr","time":1061.952597645,"data":"  embed_dim=model.get_sentence_embedding_dimension(),\n"}
,{"stream_name":"stderr","time":1061.952600617,"data":"Task name CodeRetrieval is not valid. Valid keys are task types [('BitextMining', 'Classification', 'MultilabelClassification', 'Clustering', 'PairClassification', 'Regression', 'Reranking', 'Retrieval', 'STS', 'Summarization', 'InstructionRetrieval', 'InstructionReranking', 'Any2AnyReranking', 'Any2AnyRetrieval', 'Any2AnyMultilingualRetrieval', 'VisionCentricQA', 'ImageClustering', 'ImageClassification', 'DocumentUnderstanding', 'VisualSTS(eng)', 'VisualSTS(multi)', 'ZeroShotClassification', 'Compositionality', 'AudioClustering', 'AudioMultilabelClassification', 'AudioReranking', 'AudioZeroshotClassification', 'AudioClassification', 'AudioPairClassification', 'VideoClassification', 'VideoClustering', 'VideoMultilabelClassification', 'VideoPairClassification', 'VideoZeroshotClassification', 'VideoCentricQA')], prompt types [['query', 'document']], and task names\n"}
,{"stream_name":"stderr","time":1061.962963442,"data":"/usr/local/lib/python3.13/dist-packages/mteb/models/sentence_transformer_wrapper.py:150: UserWarning: Task name CodeRetrieval is not valid. Valid keys are task types [('BitextMining', 'Classification', 'MultilabelClassification', 'Clustering', 'PairClassification', 'Regression', 'Reranking', 'Retrieval', 'STS', 'Summarization', 'InstructionRetrieval', 'InstructionReranking', 'Any2AnyReranking', 'Any2AnyRetrieval', 'Any2AnyMultilingualRetrieval', 'VisionCentricQA', 'ImageClustering', 'ImageClassification', 'DocumentUnderstanding', 'VisualSTS(eng)', 'VisualSTS(multi)', 'ZeroShotClassification', 'Compositionality', 'AudioClustering', 'AudioMultilabelClassification', 'AudioReranking', 'AudioZeroshotClassification', 'AudioClassification', 'AudioPairClassification', 'VideoClassification', 'VideoClustering', 'VideoMultilabelClassification', 'VideoPairClassification', 'VideoZeroshotClassification', 'VideoCentricQA')], prompt types [['query', 'document']], and task names\n"}
,{"stream_name":"stderr","time":1061.962996084,"data":"  resolved_prompts, invalid_prompts = AbsEncoder.validate_task_to_prompt_name(\n"}
,{"stream_name":"stderr","time":1061.963000897,"data":"Task name Document is not valid. Valid keys are task types [('BitextMining', 'Classification', 'MultilabelClassification', 'Clustering', 'PairClassification', 'Regression', 'Reranking', 'Retrieval', 'STS', 'Summarization', 'InstructionRetrieval', 'InstructionReranking', 'Any2AnyReranking', 'Any2AnyRetrieval', 'Any2AnyMultilingualRetrieval', 'VisionCentricQA', 'ImageClustering', 'ImageClassification', 'DocumentUnderstanding', 'VisualSTS(eng)', 'VisualSTS(multi)', 'ZeroShotClassification', 'Compositionality', 'AudioClustering', 'AudioMultilabelClassification', 'AudioReranking', 'AudioZeroshotClassification', 'AudioClassification', 'AudioPairClassification', 'VideoClassification', 'VideoClustering', 'VideoMultilabelClassification', 'VideoPairClassification', 'VideoZeroshotClassification', 'VideoCentricQA')], prompt types [['query', 'document']], and task names\n"}
,{"stream_name":"stderr","time":1061.963023601,"data":"\n"}
,{"stream_name":"stderr","time":1061.963027086,"data":"/usr/local/lib/python3.13/dist-packages/mteb/models/sentence_transformer_wrapper.py:150: UserWarning: Task name CodeRetrieval is not valid. Valid keys are task types [('BitextMining', 'Classification', 'MultilabelClassification', 'Clustering', 'PairClassification', 'Regression', 'Reranking', 'Retrieval', 'STS', 'Summarization', 'InstructionRetrieval', 'InstructionReranking', 'Any2AnyReranking', 'Any2AnyRetrieval', 'Any2AnyMultilingualRetrieval', 'VisionCentricQA', 'ImageClustering', 'ImageClassification', 'DocumentUnderstanding', 'VisualSTS(eng)', 'VisualSTS(multi)', 'ZeroShotClassification', 'Compositionality', 'AudioClustering', 'AudioMultilabelClassification', 'AudioReranking', 'AudioZeroshotClassification', 'AudioClassification', 'AudioPairClassification', 'VideoClassification', 'VideoClustering', 'VideoMultilabelClassification', 'VideoPairClassification', 'VideoZeroshotClassification', 'VideoCentricQA')], prompt types [['query', 'document']], and task names\n"}
,{"stream_name":"stderr","time":1061.963030849,"data":"  resolved_prompts, invalid_prompts = AbsEncoder.validate_task_to_prompt_name(\n"}
,{"stream_name":"stderr","time":1061.963033132,"data":"Task name Document is not valid. Valid keys are task types [('BitextMining', 'Classification', 'MultilabelClassification', 'Clustering', 'PairClassification', 'Regression', 'Reranking', 'Retrieval', 'STS', 'Summarization', 'InstructionRetrieval', 'InstructionReranking', 'Any2AnyReranking', 'Any2AnyRetrieval', 'Any2AnyMultilingualRetrieval', 'VisionCentricQA', 'ImageClustering', 'ImageClassification', 'DocumentUnderstanding', 'VisualSTS(eng)', 'VisualSTS(multi)', 'ZeroShotClassification', 'Compositionality', 'AudioClustering', 'AudioMultilabelClassification', 'AudioReranking', 'AudioZeroshotClassification', 'AudioClassification', 'AudioPairClassification', 'VideoClassification', 'VideoClustering', 'VideoMultilabelClassification', 'VideoPairClassification', 'VideoZeroshotClassification', 'VideoCentricQA')], prompt types [['query', 'document']], and task names\n"}
,{"stream_name":"stderr","time":1061.974486016,"data":"/usr/local/lib/python3.13/dist-packages/mteb/models/sentence_transformer_wrapper.py:150: UserWarning: Task name Document is not valid. Valid keys are task types [('BitextMining', 'Classification', 'MultilabelClassification', 'Clustering', 'PairClassification', 'Regression', 'Reranking', 'Retrieval', 'STS', 'Summarization', 'InstructionRetrieval', 'InstructionReranking', 'Any2AnyReranking', 'Any2AnyRetrieval', 'Any2AnyMultilingualRetrieval', 'VisionCentricQA', 'ImageClustering', 'ImageClassification', 'DocumentUnderstanding', 'VisualSTS(eng)', 'VisualSTS(multi)', 'ZeroShotClassification', 'Compositionality', 'AudioClustering', 'AudioMultilabelClassification', 'AudioReranking', 'AudioZeroshotClassification', 'AudioClassification', 'AudioPairClassification', 'VideoClassification', 'VideoClustering', 'VideoMultilabelClassification', 'VideoPairClassification', 'VideoZeroshotClassification', 'VideoCentricQA')], prompt types [['query', 'document']], and task names\n"}
,{"stream_name":"stderr","time":1061.974562026,"data":"  resolved_prompts, invalid_prompts = AbsEncoder.validate_task_to_prompt_name(\n"}
,{"stream_name":"stderr","time":1061.974568507,"data":"Task name FactChecking is not valid. Valid keys are task types [('BitextMining', 'Classification', 'MultilabelClassification', 'Clustering', 'PairClassification', 'Regression', 'Reranking', 'Retrieval', 'STS', 'Summarization', 'InstructionRetrieval', 'InstructionReranking', 'Any2AnyReranking', 'Any2AnyRetrieval', 'Any2AnyMultilingualRetrieval', 'VisionCentricQA', 'ImageClustering', 'ImageClassification', 'DocumentUnderstanding', 'VisualSTS(eng)', 'VisualSTS(multi)', 'ZeroShotClassification', 'Compositionality', 'AudioClustering', 'AudioMultilabelClassification', 'AudioReranking', 'AudioZeroshotClassification', 'AudioClassification', 'AudioPairClassification', 'VideoClassification', 'VideoClustering', 'VideoMultilabelClassification', 'VideoPairClassification', 'VideoZeroshotClassification', 'VideoCentricQA')], prompt types [['query', 'document']], and task names\n"}
,{"stream_name":"stderr","time":1061.974574471,"data":"\n"}
,{"stream_name":"stderr","time":1061.974579248,"data":"/usr/local/lib/python3.13/dist-packages/mteb/models/sentence_transformer_wrapper.py:150: UserWarning: Task name Document is not valid. Valid keys are task types [('BitextMining', 'Classification', 'MultilabelClassification', 'Clustering', 'PairClassification', 'Regression', 'Reranking', 'Retrieval', 'STS', 'Summarization', 'InstructionRetrieval', 'InstructionReranking', 'Any2AnyReranking', 'Any2AnyRetrieval', 'Any2AnyMultilingualRetrieval', 'VisionCentricQA', 'ImageClustering', 'ImageClassification', 'DocumentUnderstanding', 'VisualSTS(eng)', 'VisualSTS(multi)', 'ZeroShotClassification', 'Compositionality', 'AudioClustering', 'AudioMultilabelClassification', 'AudioReranking', 'AudioZeroshotClassification', 'AudioClassification', 'AudioPairClassification', 'VideoClassification', 'VideoClustering', 'VideoMultilabelClassification', 'VideoPairClassification', 'VideoZeroshotClassification', 'VideoCentricQA')], prompt types [['query', 'document']], and task names\n"}
,{"stream_name":"stderr","time":1061.974585442,"data":"  resolved_prompts, invalid_prompts = AbsEncoder.validate_task_to_prompt_name(\n"}
,{"stream_name":"stderr","time":1061.974589873,"data":"Task name FactChecking is not valid. Valid keys are task types [('BitextMining', 'Classification', 'MultilabelClassification', 'Clustering', 'PairClassification', 'Regression', 'Reranking', 'Retrieval', 'STS', 'Summarization', 'InstructionRetrieval', 'InstructionReranking', 'Any2AnyReranking', 'Any2AnyRetrieval', 'Any2AnyMultilingualRetrieval', 'VisionCentricQA', 'ImageClustering', 'ImageClassification', 'DocumentUnderstanding', 'VisualSTS(eng)', 'VisualSTS(multi)', 'ZeroShotClassification', 'Compositionality', 'AudioClustering', 'AudioMultilabelClassification', 'AudioReranking', 'AudioZeroshotClassification', 'AudioClassification', 'AudioPairClassification', 'VideoClassification', 'VideoClustering', 'VideoMultilabelClassification', 'VideoPairClassification', 'VideoZeroshotClassification', 'VideoCentricQA')], prompt types [['query', 'document']], and task names\n"}
,{"stream_name":"stderr","time":1061.975418573,"data":"/usr/local/lib/python3.13/dist-packages/mteb/models/sentence_transformer_wrapper.py:150: UserWarning: Task name FactChecking is not valid. Valid keys are task types [('BitextMining', 'Classification', 'MultilabelClassification', 'Clustering', 'PairClassification', 'Regression', 'Reranking', 'Retrieval', 'STS', 'Summarization', 'InstructionRetrieval', 'InstructionReranking', 'Any2AnyReranking', 'Any2AnyRetrieval', 'Any2AnyMultilingualRetrieval', 'VisionCentricQA', 'ImageClustering', 'ImageClassification', 'DocumentUnderstanding', 'VisualSTS(eng)', 'VisualSTS(multi)', 'ZeroShotClassification', 'Compositionality', 'AudioClustering', 'AudioMultilabelClassification', 'AudioReranking', 'AudioZeroshotClassification', 'AudioClassification', 'AudioPairClassification', 'VideoClassification', 'VideoClustering', 'VideoMultilabelClassification', 'VideoPairClassification', 'VideoZeroshotClassification', 'VideoCentricQA')], prompt types [['query', 'document']], and task names\n"}
,{"stream_name":"stderr","time":1061.975456292,"data":"  resolved_prompts, invalid_prompts = AbsEncoder.validate_task_to_prompt_name(\n"}
,{"stream_name":"stderr","time":1061.975460984,"data":"Task name QuestionAnswering is not valid. Valid keys are task types [('BitextMining', 'Classification', 'MultilabelClassification', 'Clustering', 'PairClassification', 'Regression', 'Reranking', 'Retrieval', 'STS', 'Summarization', 'InstructionRetrieval', 'InstructionReranking', 'Any2AnyReranking', 'Any2AnyRetrieval', 'Any2AnyMultilingualRetrieval', 'VisionCentricQA', 'ImageClustering', 'ImageClassification', 'DocumentUnderstanding', 'VisualSTS(eng)', 'VisualSTS(multi)', 'ZeroShotClassification', 'Compositionality', 'AudioClustering', 'AudioMultilabelClassification', 'AudioReranking', 'AudioZeroshotClassification', 'AudioClassification', 'AudioPairClassification', 'VideoClassification', 'VideoClustering', 'VideoMultilabelClassification', 'VideoPairClassification', 'VideoZeroshotClassification', 'VideoCentricQA')], prompt types [['query', 'document']], and task names\n"}
,{"stream_name":"stderr","time":1061.975467419,"data":"\n"}
,{"stream_name":"stderr","time":1061.975471492,"data":"/usr/local/lib/python3.13/dist-packages/mteb/models/sentence_transformer_wrapper.py:150: UserWarning: Task name FactChecking is not valid. Valid keys are task types [('BitextMining', 'Classification', 'MultilabelClassification', 'Clustering', 'PairClassification', 'Regression', 'Reranking', 'Retrieval', 'STS', 'Summarization', 'InstructionRetrieval', 'InstructionReranking', 'Any2AnyReranking', 'Any2AnyRetrieval', 'Any2AnyMultilingualRetrieval', 'VisionCentricQA', 'ImageClustering', 'ImageClassification', 'DocumentUnderstanding', 'VisualSTS(eng)', 'VisualSTS(multi)', 'ZeroShotClassification', 'Compositionality', 'AudioClustering', 'AudioMultilabelClassification', 'AudioReranking', 'AudioZeroshotClassification', 'AudioClassification', 'AudioPairClassification', 'VideoClassification', 'VideoClustering', 'VideoMultilabelClassification', 'VideoPairClassification', 'VideoZeroshotClassification', 'VideoCentricQA')], prompt types [['query', 'document']], and task names\n"}
,{"stream_name":"stderr","time":1061.975478157,"data":"  resolved_prompts, invalid_prompts = AbsEncoder.validate_task_to_prompt_name(\n"}
,{"stream_name":"stderr","time":1061.975481644,"data":"Task name QuestionAnswering is not valid. Valid keys are task types [('BitextMining', 'Classification', 'MultilabelClassification', 'Clustering', 'PairClassification', 'Regression', 'Reranking', 'Retrieval', 'STS', 'Summarization', 'InstructionRetrieval', 'InstructionReranking', 'Any2AnyReranking', 'Any2AnyRetrieval', 'Any2AnyMultilingualRetrieval', 'VisionCentricQA', 'ImageClustering', 'ImageClassification', 'DocumentUnderstanding', 'VisualSTS(eng)', 'VisualSTS(multi)', 'ZeroShotClassification', 'Compositionality', 'AudioClustering', 'AudioMultilabelClassification', 'AudioReranking', 'AudioZeroshotClassification', 'AudioClassification', 'AudioPairClassification', 'VideoClassification', 'VideoClustering', 'VideoMultilabelClassification', 'VideoPairClassification', 'VideoZeroshotClassification', 'VideoCentricQA')], prompt types [['query', 'document']], and task names\n"}
,{"stream_name":"stderr","time":1061.996411923,"data":"/usr/local/lib/python3.13/dist-packages/mteb/models/sentence_transformer_wrapper.py:150: UserWarning: Task name QuestionAnswering is not valid. Valid keys are task types [('BitextMining', 'Classification', 'MultilabelClassification', 'Clustering', 'PairClassification', 'Regression', 'Reranking', 'Retrieval', 'STS', 'Summarization', 'InstructionRetrieval', 'InstructionReranking', 'Any2AnyReranking', 'Any2AnyRetrieval', 'Any2AnyMultilingualRetrieval', 'VisionCentricQA', 'ImageClustering', 'ImageClassification', 'DocumentUnderstanding', 'VisualSTS(eng)', 'VisualSTS(multi)', 'ZeroShotClassification', 'Compositionality', 'AudioClustering', 'AudioMultilabelClassification', 'AudioReranking', 'AudioZeroshotClassification', 'AudioClassification', 'AudioPairClassification', 'VideoClassification', 'VideoClustering', 'VideoMultilabelClassification', 'VideoPairClassification', 'VideoZeroshotClassification', 'VideoCentricQA')], prompt types [['query', 'document']], and task names\n"}
,{"stream_name":"stderr","time":1061.996485339,"data":"  resolved_prompts, invalid_prompts = AbsEncoder.validate_task_to_prompt_name(\n"}
,{"stream_name":"stderr","time":1061.996490743,"data":"Task name SearchQuery is not valid. Valid keys are task types [('BitextMining', 'Classification', 'MultilabelClassification', 'Clustering', 'PairClassification', 'Regression', 'Reranking', 'Retrieval', 'STS', 'Summarization', 'InstructionRetrieval', 'InstructionReranking', 'Any2AnyReranking', 'Any2AnyRetrieval', 'Any2AnyMultilingualRetrieval', 'VisionCentricQA', 'ImageClustering', 'ImageClassification', 'DocumentUnderstanding', 'VisualSTS(eng)', 'VisualSTS(multi)', 'ZeroShotClassification', 'Compositionality', 'AudioClustering', 'AudioMultilabelClassification', 'AudioReranking', 'AudioZeroshotClassification', 'AudioClassification', 'AudioPairClassification', 'VideoClassification', 'VideoClustering', 'VideoMultilabelClassification', 'VideoPairClassification', 'VideoZeroshotClassification', 'VideoCentricQA')], prompt types [['query', 'document']], and task names\n"}
,{"stream_name":"stderr","time":1061.996496418,"data":"\n"}
,{"stream_name":"stderr","time":1061.996500746,"data":"/usr/local/lib/python3.13/dist-packages/mteb/models/sentence_transformer_wrapper.py:150: UserWarning: Task name QuestionAnswering is not valid. Valid keys are task types [('BitextMining', 'Classification', 'MultilabelClassification', 'Clustering', 'PairClassification', 'Regression', 'Reranking', 'Retrieval', 'STS', 'Summarization', 'InstructionRetrieval', 'InstructionReranking', 'Any2AnyReranking', 'Any2AnyRetrieval', 'Any2AnyMultilingualRetrieval', 'VisionCentricQA', 'ImageClustering', 'ImageClassification', 'DocumentUnderstanding', 'VisualSTS(eng)', 'VisualSTS(multi)', 'ZeroShotClassification', 'Compositionality', 'AudioClustering', 'AudioMultilabelClassification', 'AudioReranking', 'AudioZeroshotClassification', 'AudioClassification', 'AudioPairClassification', 'VideoClassification', 'VideoClustering', 'VideoMultilabelClassification', 'VideoPairClassification', 'VideoZeroshotClassification', 'VideoCentricQA')], prompt types [['query', 'document']], and task names\n"}
,{"stream_name":"stderr","time":1061.996506852,"data":"  resolved_prompts, invalid_prompts = AbsEncoder.validate_task_to_prompt_name(\n"}
,{"stream_name":"stderr","time":1061.996510487,"data":"Task name SearchQuery is not valid. Valid keys are task types [('BitextMining', 'Classification', 'MultilabelClassification', 'Clustering', 'PairClassification', 'Regression', 'Reranking', 'Retrieval', 'STS', 'Summarization', 'InstructionRetrieval', 'InstructionReranking', 'Any2AnyReranking', 'Any2AnyRetrieval', 'Any2AnyMultilingualRetrieval', 'VisionCentricQA', 'ImageClustering', 'ImageClassification', 'DocumentUnderstanding', 'VisualSTS(eng)', 'VisualSTS(multi)', 'ZeroShotClassification', 'Compositionality', 'AudioClustering', 'AudioMultilabelClassification', 'AudioReranking', 'AudioZeroshotClassification', 'AudioClassification', 'AudioPairClassification', 'VideoClassification', 'VideoClustering', 'VideoMultilabelClassification', 'VideoPairClassification', 'VideoZeroshotClassification', 'VideoCentricQA')], prompt types [['query', 'document']], and task names\n"}
,{"stream_name":"stderr","time":1061.997416857,"data":"/usr/local/lib/python3.13/dist-packages/mteb/models/sentence_transformer_wrapper.py:150: UserWarning: Task name SearchQuery is not valid. Valid keys are task types [('BitextMining', 'Classification', 'MultilabelClassification', 'Clustering', 'PairClassification', 'Regression', 'Reranking', 'Retrieval', 'STS', 'Summarization', 'InstructionRetrieval', 'InstructionReranking', 'Any2AnyReranking', 'Any2AnyRetrieval', 'Any2AnyMultilingualRetrieval', 'VisionCentricQA', 'ImageClustering', 'ImageClassification', 'DocumentUnderstanding', 'VisualSTS(eng)', 'VisualSTS(multi)', 'ZeroShotClassification', 'Compositionality', 'AudioClustering', 'AudioMultilabelClassification', 'AudioReranking', 'AudioZeroshotClassification', 'AudioClassification', 'AudioPairClassification', 'VideoClassification', 'VideoClustering', 'VideoMultilabelClassification', 'VideoPairClassification', 'VideoZeroshotClassification', 'VideoCentricQA')], prompt types [['query', 'document']], and task names\n"}
,{"stream_name":"stderr","time":1061.997471944,"data":"  resolved_prompts, invalid_prompts = AbsEncoder.validate_task_to_prompt_name(\n"}
,{"stream_name":"stderr","time":1061.997476578,"data":"Task name SentenceSimilarity is not valid. Valid keys are task types [('BitextMining', 'Classification', 'MultilabelClassification', 'Clustering', 'PairClassification', 'Regression', 'Reranking', 'Retrieval', 'STS', 'Summarization', 'InstructionRetrieval', 'InstructionReranking', 'Any2AnyReranking', 'Any2AnyRetrieval', 'Any2AnyMultilingualRetrieval', 'VisionCentricQA', 'ImageClustering', 'ImageClassification', 'DocumentUnderstanding', 'VisualSTS(eng)', 'VisualSTS(multi)', 'ZeroShotClassification', 'Compositionality', 'AudioClustering', 'AudioMultilabelClassification', 'AudioReranking', 'AudioZeroshotClassification', 'AudioClassification', 'AudioPairClassification', 'VideoClassification', 'VideoClustering', 'VideoMultilabelClassification', 'VideoPairClassification', 'VideoZeroshotClassification', 'VideoCentricQA')], prompt types [['query', 'document']], and task names\n"}
,{"stream_name":"stderr","time":1061.997482047,"data":"\n"}
,{"stream_name":"stderr","time":1061.99748631,"data":"/usr/local/lib/python3.13/dist-packages/mteb/models/sentence_transformer_wrapper.py:150: UserWarning: Task name SearchQuery is not valid. Valid keys are task types [('BitextMining', 'Classification', 'MultilabelClassification', 'Clustering', 'PairClassification', 'Regression', 'Reranking', 'Retrieval', 'STS', 'Summarization', 'InstructionRetrieval', 'InstructionReranking', 'Any2AnyReranking', 'Any2AnyRetrieval', 'Any2AnyMultilingualRetrieval', 'VisionCentricQA', 'ImageClustering', 'ImageClassification', 'DocumentUnderstanding', 'VisualSTS(eng)', 'VisualSTS(multi)', 'ZeroShotClassification', 'Compositionality', 'AudioClustering', 'AudioMultilabelClassification', 'AudioReranking', 'AudioZeroshotClassification', 'AudioClassification', 'AudioPairClassification', 'VideoClassification', 'VideoClustering', 'VideoMultilabelClassification', 'VideoPairClassification', 'VideoZeroshotClassification', 'VideoCentricQA')], prompt types [['query', 'document']], and task names\n"}
,{"stream_name":"stderr","time":1061.997492095,"data":"  resolved_prompts, invalid_prompts = AbsEncoder.validate_task_to_prompt_name(\n"}
,{"stream_name":"stderr","time":1061.99749573,"data":"Task name SentenceSimilarity is not valid. Valid keys are task types [('BitextMining', 'Classification', 'MultilabelClassification', 'Clustering', 'PairClassification', 'Regression', 'Reranking', 'Retrieval', 'STS', 'Summarization', 'InstructionRetrieval', 'InstructionReranking', 'Any2AnyReranking', 'Any2AnyRetrieval', 'Any2AnyMultilingualRetrieval', 'VisionCentricQA', 'ImageClustering', 'ImageClassification', 'DocumentUnderstanding', 'VisualSTS(eng)', 'VisualSTS(multi)', 'ZeroShotClassification', 'Compositionality', 'AudioClustering', 'AudioMultilabelClassification', 'AudioReranking', 'AudioZeroshotClassification', 'AudioClassification', 'AudioPairClassification', 'VideoClassification', 'VideoClustering', 'VideoMultilabelClassification', 'VideoPairClassification', 'VideoZeroshotClassification', 'VideoCentricQA')], prompt types [['query', 'document']], and task names\n"}
,{"stream_name":"stderr","time":1061.99855522,"data":"/usr/local/lib/python3.13/dist-packages/mteb/models/sentence_transformer_wrapper.py:150: UserWarning: Task name SentenceSimilarity is not valid. Valid keys are task types [('BitextMining', 'Classification', 'MultilabelClassification', 'Clustering', 'PairClassification', 'Regression', 'Reranking', 'Retrieval', 'STS', 'Summarization', 'InstructionRetrieval', 'InstructionReranking', 'Any2AnyReranking', 'Any2AnyRetrieval', 'Any2AnyMultilingualRetrieval', 'VisionCentricQA', 'ImageClustering', 'ImageClassification', 'DocumentUnderstanding', 'VisualSTS(eng)', 'VisualSTS(multi)', 'ZeroShotClassification', 'Compositionality', 'AudioClustering', 'AudioMultilabelClassification', 'AudioReranking', 'AudioZeroshotClassification', 'AudioClassification', 'AudioPairClassification', 'VideoClassification', 'VideoClustering', 'VideoMultilabelClassification', 'VideoPairClassification', 'VideoZeroshotClassification', 'VideoCentricQA')], prompt types [['query', 'document']], and task names\n"}
,{"stream_name":"stderr","time":1061.998585317,"data":"  resolved_prompts, invalid_prompts = AbsEncoder.validate_task_to_prompt_name(\n"}
,{"stream_name":"stderr","time":1061.998590888,"data":"Some prompts are not in the expected format and will be ignored. Problems:\n"}
,{"stream_name":"stderr","time":1061.998594884,"data":"\n"}
,{"stream_name":"stderr","time":1061.998598646,"data":"Task name SentenceSimilarity is not valid. Valid keys are task types [('BitextMining', 'Classification', 'MultilabelClassification', 'Clustering', 'PairClassification', 'Regression', 'Reranking', 'Retrieval', 'STS', 'Summarization', 'InstructionRetrieval', 'InstructionReranking', 'Any2AnyReranking', 'Any2AnyRetrieval', 'Any2AnyMultilingualRetrieval', 'VisionCentricQA', 'ImageClustering', 'ImageClassification', 'DocumentUnderstanding', 'VisualSTS(eng)', 'VisualSTS(multi)', 'ZeroShotClassification', 'Compositionality', 'AudioClustering', 'AudioMultilabelClassification', 'AudioReranking', 'AudioZeroshotClassification', 'AudioClassification', 'AudioPairClassification', 'VideoClassification', 'VideoClustering', 'VideoMultilabelClassification', 'VideoPairClassification', 'VideoZeroshotClassification', 'VideoCentricQA')], prompt types [['query', 'document']], and task names\n"}
,{"stream_name":"stderr","time":1061.998605802,"data":"Task name Document is not valid. Valid keys are task types [('BitextMining', 'Classification', 'MultilabelClassification', 'Clustering', 'PairClassification', 'Regression', 'Reranking', 'Retrieval', 'STS', 'Summarization', 'InstructionRetrieval', 'InstructionReranking', 'Any2AnyReranking', 'Any2AnyRetrieval', 'Any2AnyMultilingualRetrieval', 'VisionCentricQA', 'ImageClustering', 'ImageClassification', 'DocumentUnderstanding', 'VisualSTS(eng)', 'VisualSTS(multi)', 'ZeroShotClassification', 'Compositionality', 'AudioClustering', 'AudioMultilabelClassification', 'AudioReranking', 'AudioZeroshotClassification', 'AudioClassification', 'AudioPairClassification', 'VideoClassification', 'VideoClustering', 'VideoMultilabelClassification', 'VideoPairClassification', 'VideoZeroshotClassification', 'VideoCentricQA')], prompt types [['query', 'document']], and task names\n"}
,{"stream_name":"stderr","time":1061.998611454,"data":"Task name CodeRetrieval is not valid. Valid keys are task types [('BitextMining', 'Classification', 'MultilabelClassification', 'Clustering', 'PairClassification', 'Regression', 'Reranking', 'Retrieval', 'STS', 'Summarization', 'InstructionRetrieval', 'InstructionReranking', 'Any2AnyReranking', 'Any2AnyRetrieval', 'Any2AnyMultilingualRetrieval', 'VisionCentricQA', 'ImageClustering', 'ImageClassification', 'DocumentUnderstanding', 'VisualSTS(eng)', 'VisualSTS(multi)', 'ZeroShotClassification', 'Compositionality', 'AudioClustering', 'AudioMultilabelClassification', 'AudioReranking', 'AudioZeroshotClassification', 'AudioClassification', 'AudioPairClassification', 'VideoClassification', 'VideoClustering', 'VideoMultilabelClassification', 'VideoPairClassification', 'VideoZeroshotClassification', 'VideoCentricQA')], prompt types [['query', 'document']], and task names\n"}
,{"stream_name":"stderr","time":1061.998626367,"data":"Task name QuestionAnswering is not valid. Valid keys are task types [('BitextMining', 'Classification', 'MultilabelClassification', 'Clustering', 'PairClassification', 'Regression', 'Reranking', 'Retrieval', 'STS', 'Summarization', 'InstructionRetrieval', 'InstructionReranking', 'Any2AnyReranking', 'Any2AnyRetrieval', 'Any2AnyMultilingualRetrieval', 'VisionCentricQA', 'ImageClustering', 'ImageClassification', 'DocumentUnderstanding', 'VisualSTS(eng)', 'VisualSTS(multi)', 'ZeroShotClassification', 'Compositionality', 'AudioClustering', 'AudioMultilabelClassification', 'AudioReranking', 'AudioZeroshotClassification', 'AudioClassification', 'AudioPairClassification', 'VideoClassification', 'VideoClustering', 'VideoMultilabelClassification', 'VideoPairClassification', 'VideoZeroshotClassification', 'VideoCentricQA')], prompt types [['query', 'document']], and task names\n"}
,{"stream_name":"stderr","time":1061.998638682,"data":"Task name SearchQuery is not valid. Valid keys are task types [('BitextMining', 'Classification', 'MultilabelClassification', 'Clustering', 'PairClassification', 'Regression', 'Reranking', 'Retrieval', 'STS', 'Summarization', 'InstructionRetrieval', 'InstructionReranking', 'Any2AnyReranking', 'Any2AnyRetrieval', 'Any2AnyMultilingualRetrieval', 'VisionCentricQA', 'ImageClustering', 'ImageClassification', 'DocumentUnderstanding', 'VisualSTS(eng)', 'VisualSTS(multi)', 'ZeroShotClassification', 'Compositionality', 'AudioClustering', 'AudioMultilabelClassification', 'AudioReranking', 'AudioZeroshotClassification', 'AudioClassification', 'AudioPairClassification', 'VideoClassification', 'VideoClustering', 'VideoMultilabelClassification', 'VideoPairClassification', 'VideoZeroshotClassification', 'VideoCentricQA')], prompt types [['query', 'document']], and task names\n"}
,{"stream_name":"stderr","time":1061.998642943,"data":"Task name FactChecking is not valid. Valid keys are task types [('BitextMining', 'Classification', 'MultilabelClassification', 'Clustering', 'PairClassification', 'Regression', 'Reranking', 'Retrieval', 'STS', 'Summarization', 'InstructionRetrieval', 'InstructionReranking', 'Any2AnyReranking', 'Any2AnyRetrieval', 'Any2AnyMultilingualRetrieval', 'VisionCentricQA', 'ImageClustering', 'ImageClassification', 'DocumentUnderstanding', 'VisualSTS(eng)', 'VisualSTS(multi)', 'ZeroShotClassification', 'Compositionality', 'AudioClustering', 'AudioMultilabelClassification', 'AudioReranking', 'AudioZeroshotClassification', 'AudioClassification', 'AudioPairClassification', 'VideoClassification', 'VideoClustering', 'VideoMultilabelClassification', 'VideoPairClassification', 'VideoZeroshotClassification', 'VideoCentricQA')], prompt types [['query', 'document']], and task names\n"}
,{"stream_name":"stderr","time":1061.998646482,"data":"\n"}
,{"stream_name":"stderr","time":1061.998648638,"data":"/usr/local/lib/python3.13/dist-packages/mteb/models/sentence_transformer_wrapper.py:150: UserWarning: Task name SentenceSimilarity is not valid. Valid keys are task types [('BitextMining', 'Classification', 'MultilabelClassification', 'Clustering', 'PairClassification', 'Regression', 'Reranking', 'Retrieval', 'STS', 'Summarization', 'InstructionRetrieval', 'InstructionReranking', 'Any2AnyReranking', 'Any2AnyRetrieval', 'Any2AnyMultilingualRetrieval', 'VisionCentricQA', 'ImageClustering', 'ImageClassification', 'DocumentUnderstanding', 'VisualSTS(eng)', 'VisualSTS(multi)', 'ZeroShotClassification', 'Compositionality', 'AudioClustering', 'AudioMultilabelClassification', 'AudioReranking', 'AudioZeroshotClassification', 'AudioClassification', 'AudioPairClassification', 'VideoClassification', 'VideoClustering', 'VideoMultilabelClassification', 'VideoPairClassification', 'VideoZeroshotClassification', 'VideoCentricQA')], prompt types [['query', 'document']], and task names\n"}
,{"stream_name":"stderr","time":1061.998656341,"data":"  resolved_prompts, invalid_prompts = AbsEncoder.validate_task_to_prompt_name(\n"}
,{"stream_name":"stderr","time":1061.998678032,"data":"Some prompts are not in the expected format and will be ignored. Problems:\n"}
,{"stream_name":"stderr","time":1061.998688543,"data":"\n"}
,{"stream_name":"stderr","time":1061.998707627,"data":"Task name SentenceSimilarity is not valid. Valid keys are task types [('BitextMining', 'Classification', 'MultilabelClassification', 'Clustering', 'PairClassification', 'Regression', 'Reranking', 'Retrieval', 'STS', 'Summarization', 'InstructionRetrieval', 'InstructionReranking', 'Any2AnyReranking', 'Any2AnyRetrieval', 'Any2AnyMultilingualRetrieval', 'VisionCentricQA', 'ImageClustering', 'ImageClassification', 'DocumentUnderstanding', 'VisualSTS(eng)', 'VisualSTS(multi)', 'ZeroShotClassification', 'Compositionality', 'AudioClustering', 'AudioMultilabelClassification', 'AudioReranking', 'AudioZeroshotClassification', 'AudioClassification', 'AudioPairClassification', 'VideoClassification', 'VideoClustering', 'VideoMultilabelClassification', 'VideoPairClassification', 'VideoZeroshotClassification', 'VideoCentricQA')], prompt types [['query', 'document']], and task names\n"}
,{"stream_name":"stderr","time":1061.99871391,"data":"Task name Document is not valid. Valid keys are task types [('BitextMining', 'Classification', 'MultilabelClassification', 'Clustering', 'PairClassification', 'Regression', 'Reranking', 'Retrieval', 'STS', 'Summarization', 'InstructionRetrieval', 'InstructionReranking', 'Any2AnyReranking', 'Any2AnyRetrieval', 'Any2AnyMultilingualRetrieval', 'VisionCentricQA', 'ImageClustering', 'ImageClassification', 'DocumentUnderstanding', 'VisualSTS(eng)', 'VisualSTS(multi)', 'ZeroShotClassification', 'Compositionality', 'AudioClustering', 'AudioMultilabelClassification', 'AudioReranking', 'AudioZeroshotClassification', 'AudioClassification', 'AudioPairClassification', 'VideoClassification', 'VideoClustering', 'VideoMultilabelClassification', 'VideoPairClassification', 'VideoZeroshotClassification', 'VideoCentricQA')], prompt types [['query', 'document']], and task names\n"}
,{"stream_name":"stderr","time":1061.99871951,"data":"Task name CodeRetrieval is not valid. Valid keys are task types [('BitextMining', 'Classification', 'MultilabelClassification', 'Clustering', 'PairClassification', 'Regression', 'Reranking', 'Retrieval', 'STS', 'Summarization', 'InstructionRetrieval', 'InstructionReranking', 'Any2AnyReranking', 'Any2AnyRetrieval', 'Any2AnyMultilingualRetrieval', 'VisionCentricQA', 'ImageClustering', 'ImageClassification', 'DocumentUnderstanding', 'VisualSTS(eng)', 'VisualSTS(multi)', 'ZeroShotClassification', 'Compositionality', 'AudioClustering', 'AudioMultilabelClassification', 'AudioReranking', 'AudioZeroshotClassification', 'AudioClassification', 'AudioPairClassification', 'VideoClassification', 'VideoClustering', 'VideoMultilabelClassification', 'VideoPairClassification', 'VideoZeroshotClassification', 'VideoCentricQA')], prompt types [['query', 'document']], and task names\n"}
,{"stream_name":"stderr","time":1061.998725477,"data":"Task name QuestionAnswering is not valid. Valid keys are task types [('BitextMining', 'Classification', 'MultilabelClassification', 'Clustering', 'PairClassification', 'Regression', 'Reranking', 'Retrieval', 'STS', 'Summarization', 'InstructionRetrieval', 'InstructionReranking', 'Any2AnyReranking', 'Any2AnyRetrieval', 'Any2AnyMultilingualRetrieval', 'VisionCentricQA', 'ImageClustering', 'ImageClassification', 'DocumentUnderstanding', 'VisualSTS(eng)', 'VisualSTS(multi)', 'ZeroShotClassification', 'Compositionality', 'AudioClustering', 'AudioMultilabelClassification', 'AudioReranking', 'AudioZeroshotClassification', 'AudioClassification', 'AudioPairClassification', 'VideoClassification', 'VideoClustering', 'VideoMultilabelClassification', 'VideoPairClassification', 'VideoZeroshotClassification', 'VideoCentricQA')], prompt types [['query', 'document']], and task names\n"}
,{"stream_name":"stderr","time":1061.998735671,"data":"Task name SearchQuery is not valid. Valid keys are task types [('BitextMining', 'Classification', 'MultilabelClassification', 'Clustering', 'PairClassification', 'Regression', 'Reranking', 'Retrieval', 'STS', 'Summarization', 'InstructionRetrieval', 'InstructionReranking', 'Any2AnyReranking', 'Any2AnyRetrieval', 'Any2AnyMultilingualRetrieval', 'VisionCentricQA', 'ImageClustering', 'ImageClassification', 'DocumentUnderstanding', 'VisualSTS(eng)', 'VisualSTS(multi)', 'ZeroShotClassification', 'Compositionality', 'AudioClustering', 'AudioMultilabelClassification', 'AudioReranking', 'AudioZeroshotClassification', 'AudioClassification', 'AudioPairClassification', 'VideoClassification', 'VideoClustering', 'VideoMultilabelClassification', 'VideoPairClassification', 'VideoZeroshotClassification', 'VideoCentricQA')], prompt types [['query', 'document']], and task names\n"}
,{"stream_name":"stderr","time":1061.998742389,"data":"Task name FactChecking is not valid. Valid keys are task types [('BitextMining', 'Classification', 'MultilabelClassification', 'Clustering', 'PairClassification', 'Regression', 'Reranking', 'Retrieval', 'STS', 'Summarization', 'InstructionRetrieval', 'InstructionReranking', 'Any2AnyReranking', 'Any2AnyRetrieval', 'Any2AnyMultilingualRetrieval', 'VisionCentricQA', 'ImageClustering', 'ImageClassification', 'DocumentUnderstanding', 'VisualSTS(eng)', 'VisualSTS(multi)', 'ZeroShotClassification', 'Compositionality', 'AudioClustering', 'AudioMultilabelClassification', 'AudioReranking', 'AudioZeroshotClassification', 'AudioClassification', 'AudioPairClassification', 'VideoClassification', 'VideoClustering', 'VideoMultilabelClassification', 'VideoPairClassification', 'VideoZeroshotClassification', 'VideoCentricQA')], prompt types [['query', 'document']], and task names\n"}
,{"stream_name":"stderr","time":1062.01558042,"data":"/usr/local/lib/python3.13/dist-packages/mteb/models/sentence_transformer_wrapper.py:430: UserWarning: Some prompts are not in the expected format and will be ignored. Problems:\n"}
,{"stream_name":"stderr","time":1062.01561563,"data":"\n"}
,{"stream_name":"stderr","time":1062.015622845,"data":"Task name SentenceSimilarity is not valid. Valid keys are task types [('BitextMining', 'Classification', 'MultilabelClassification', 'Clustering', 'PairClassification', 'Regression', 'Reranking', 'Retrieval', 'STS', 'Summarization', 'InstructionRetrieval', 'InstructionReranking', 'Any2AnyReranking', 'Any2AnyRetrieval', 'Any2AnyMultilingualRetrieval', 'VisionCentricQA', 'ImageClustering', 'ImageClassification', 'DocumentUnderstanding', 'VisualSTS(eng)', 'VisualSTS(multi)', 'ZeroShotClassification', 'Compositionality', 'AudioClustering', 'AudioMultilabelClassification', 'AudioReranking', 'AudioZeroshotClassification', 'AudioClassification', 'AudioPairClassification', 'VideoClassification', 'VideoClustering', 'VideoMultilabelClassification', 'VideoPairClassification', 'VideoZeroshotClassification', 'VideoCentricQA')], prompt types [['query', 'document']], and task names\n"}
,{"stream_name":"stderr","time":1062.015631819,"data":"Task name Document is not valid. Valid keys are task types [('BitextMining', 'Classification', 'MultilabelClassification', 'Clustering', 'PairClassification', 'Regression', 'Reranking', 'Retrieval', 'STS', 'Summarization', 'InstructionRetrieval', 'InstructionReranking', 'Any2AnyReranking', 'Any2AnyRetrieval', 'Any2AnyMultilingualRetrieval', 'VisionCentricQA', 'ImageClustering', 'ImageClassification', 'DocumentUnderstanding', 'VisualSTS(eng)', 'VisualSTS(multi)', 'ZeroShotClassification', 'Compositionality', 'AudioClustering', 'AudioMultilabelClassification', 'AudioReranking', 'AudioZeroshotClassification', 'AudioClassification', 'AudioPairClassification', 'VideoClassification', 'VideoClustering', 'VideoMultilabelClassification', 'VideoPairClassification', 'VideoZeroshotClassification', 'VideoCentricQA')], prompt types [['query', 'document']], and task names\n"}
,{"stream_name":"stderr","time":1062.015651999,"data":"Task name CodeRetrieval is not valid. Valid keys are task types [('BitextMining', 'Classification', 'MultilabelClassification', 'Clustering', 'PairClassification', 'Regression', 'Reranking', 'Retrieval', 'STS', 'Summarization', 'InstructionRetrieval', 'InstructionReranking', 'Any2AnyReranking', 'Any2AnyRetrieval', 'Any2AnyMultilingualRetrieval', 'VisionCentricQA', 'ImageClustering', 'ImageClassification', 'DocumentUnderstanding', 'VisualSTS(eng)', 'VisualSTS(multi)', 'ZeroShotClassification', 'Compositionality', 'AudioClustering', 'AudioMultilabelClassification', 'AudioReranking', 'AudioZeroshotClassification', 'AudioClassification', 'AudioPairClassification', 'VideoClassification', 'VideoClustering', 'VideoMultilabelClassification', 'VideoPairClassification', 'VideoZeroshotClassification', 'VideoCentricQA')], prompt types [['query', 'document']], and task names\n"}
,{"stream_name":"stderr","time":1062.015658083,"data":"Task name QuestionAnswering is not valid. Valid keys are task types [('BitextMining', 'Classification', 'MultilabelClassification', 'Clustering', 'PairClassification', 'Regression', 'Reranking', 'Retrieval', 'STS', 'Summarization', 'InstructionRetrieval', 'InstructionReranking', 'Any2AnyReranking', 'Any2AnyRetrieval', 'Any2AnyMultilingualRetrieval', 'VisionCentricQA', 'ImageClustering', 'ImageClassification', 'DocumentUnderstanding', 'VisualSTS(eng)', 'VisualSTS(multi)', 'ZeroShotClassification', 'Compositionality', 'AudioClustering', 'AudioMultilabelClassification', 'AudioReranking', 'AudioZeroshotClassification', 'AudioClassification', 'AudioPairClassification', 'VideoClassification', 'VideoClustering', 'VideoMultilabelClassification', 'VideoPairClassification', 'VideoZeroshotClassification', 'VideoCentricQA')], prompt types [['query', 'document']], and task names\n"}
,{"stream_name":"stderr","time":1062.015664231,"data":"Task name SearchQuery is not valid. Valid keys are task types [('BitextMining', 'Classification', 'MultilabelClassification', 'Clustering', 'PairClassification', 'Regression', 'Reranking', 'Retrieval', 'STS', 'Summarization', 'InstructionRetrieval', 'InstructionReranking', 'Any2AnyReranking', 'Any2AnyRetrieval', 'Any2AnyMultilingualRetrieval', 'VisionCentricQA', 'ImageClustering', 'ImageClassification', 'DocumentUnderstanding', 'VisualSTS(eng)', 'VisualSTS(multi)', 'ZeroShotClassification', 'Compositionality', 'AudioClustering', 'AudioMultilabelClassification', 'AudioReranking', 'AudioZeroshotClassification', 'AudioClassification', 'AudioPairClassification', 'VideoClassification', 'VideoClustering', 'VideoMultilabelClassification', 'VideoPairClassification', 'VideoZeroshotClassification', 'VideoCentricQA')], prompt types [['query', 'document']], and task names\n"}
,{"stream_name":"stderr","time":1062.015670099,"data":"Task name FactChecking is not valid. Valid keys are task types [('BitextMining', 'Classification', 'MultilabelClassification', 'Clustering', 'PairClassification', 'Regression', 'Reranking', 'Retrieval', 'STS', 'Summarization', 'InstructionRetrieval', 'InstructionReranking', 'Any2AnyReranking', 'Any2AnyRetrieval', 'Any2AnyMultilingualRetrieval', 'VisionCentricQA', 'ImageClustering', 'ImageClassification', 'DocumentUnderstanding', 'VisualSTS(eng)', 'VisualSTS(multi)', 'ZeroShotClassification', 'Compositionality', 'AudioClustering', 'AudioMultilabelClassification', 'AudioReranking', 'AudioZeroshotClassification', 'AudioClassification', 'AudioPairClassification', 'VideoClassification', 'VideoClustering', 'VideoMultilabelClassification', 'VideoPairClassification', 'VideoZeroshotClassification', 'VideoCentricQA')], prompt types [['query', 'document']], and task names\n"}
,{"stream_name":"stderr","time":1062.015675851,"data":"  self.model_prompts = _resolve_model_prompts(self.model, model_prompts)\n"}
,{"stream_name":"stderr","time":1062.015679268,"data":"\n"}
,{"stream_name":"stderr","time":1062.015734959,"data":"/usr/local/lib/python3.13/dist-packages/mteb/models/sentence_transformer_wrapper.py:430: UserWarning: Some prompts are not in the expected format and will be ignored. Problems:\n"}
,{"stream_name":"stderr","time":1062.015742931,"data":"\n"}
,{"stream_name":"stderr","time":1062.015747173,"data":"Task name SentenceSimilarity is not valid. Valid keys are task types [('BitextMining', 'Classification', 'MultilabelClassification', 'Clustering', 'PairClassification', 'Regression', 'Reranking', 'Retrieval', 'STS', 'Summarization', 'InstructionRetrieval', 'InstructionReranking', 'Any2AnyReranking', 'Any2AnyRetrieval', 'Any2AnyMultilingualRetrieval', 'VisionCentricQA', 'ImageClustering', 'ImageClassification', 'DocumentUnderstanding', 'VisualSTS(eng)', 'VisualSTS(multi)', 'ZeroShotClassification', 'Compositionality', 'AudioClustering', 'AudioMultilabelClassification', 'AudioReranking', 'AudioZeroshotClassification', 'AudioClassification', 'AudioPairClassification', 'VideoClassification', 'VideoClustering', 'VideoMultilabelClassification', 'VideoPairClassification', 'VideoZeroshotClassification', 'VideoCentricQA')], prompt types [['query', 'document']], and task names\n"}
,{"stream_name":"stderr","time":1062.015753149,"data":"Task name Document is not valid. Valid keys are task types [('BitextMining', 'Classification', 'MultilabelClassification', 'Clustering', 'PairClassification', 'Regression', 'Reranking', 'Retrieval', 'STS', 'Summarization', 'InstructionRetrieval', 'InstructionReranking', 'Any2AnyReranking', 'Any2AnyRetrieval', 'Any2AnyMultilingualRetrieval', 'VisionCentricQA', 'ImageClustering', 'ImageClassification', 'DocumentUnderstanding', 'VisualSTS(eng)', 'VisualSTS(multi)', 'ZeroShotClassification', 'Compositionality', 'AudioClustering', 'AudioMultilabelClassification', 'AudioReranking', 'AudioZeroshotClassification', 'AudioClassification', 'AudioPairClassification', 'VideoClassification', 'VideoClustering', 'VideoMultilabelClassification', 'VideoPairClassification', 'VideoZeroshotClassification', 'VideoCentricQA')], prompt types [['query', 'document']], and task names\n"}
,{"stream_name":"stderr","time":1062.015759241,"data":"Task name CodeRetrieval is not valid. Valid keys are task types [('BitextMining', 'Classification', 'MultilabelClassification', 'Clustering', 'PairClassification', 'Regression', 'Reranking', 'Retrieval', 'STS', 'Summarization', 'InstructionRetrieval', 'InstructionReranking', 'Any2AnyReranking', 'Any2AnyRetrieval', 'Any2AnyMultilingualRetrieval', 'VisionCentricQA', 'ImageClustering', 'ImageClassification', 'DocumentUnderstanding', 'VisualSTS(eng)', 'VisualSTS(multi)', 'ZeroShotClassification', 'Compositionality', 'AudioClustering', 'AudioMultilabelClassification', 'AudioReranking', 'AudioZeroshotClassification', 'AudioClassification', 'AudioPairClassification', 'VideoClassification', 'VideoClustering', 'VideoMultilabelClassification', 'VideoPairClassification', 'VideoZeroshotClassification', 'VideoCentricQA')], prompt types [['query', 'document']], and task names\n"}
,{"stream_name":"stderr","time":1062.015765152,"data":"Task name QuestionAnswering is not valid. Valid keys are task types [('BitextMining', 'Classification', 'MultilabelClassification', 'Clustering', 'PairClassification', 'Regression', 'Reranking', 'Retrieval', 'STS', 'Summarization', 'InstructionRetrieval', 'InstructionReranking', 'Any2AnyReranking', 'Any2AnyRetrieval', 'Any2AnyMultilingualRetrieval', 'VisionCentricQA', 'ImageClustering', 'ImageClassification', 'DocumentUnderstanding', 'VisualSTS(eng)', 'VisualSTS(multi)', 'ZeroShotClassification', 'Compositionality', 'AudioClustering', 'AudioMultilabelClassification', 'AudioReranking', 'AudioZeroshotClassification', 'AudioClassification', 'AudioPairClassification', 'VideoClassification', 'VideoClustering', 'VideoMultilabelClassification', 'VideoPairClassification', 'VideoZeroshotClassification', 'VideoCentricQA')], prompt types [['query', 'document']], and task names\n"}
,{"stream_name":"stderr","time":1062.015798084,"data":"Task name SearchQuery is not valid. Valid keys are task types [('BitextMining', 'Classification', 'MultilabelClassification', 'Clustering', 'PairClassification', 'Regression', 'Reranking', 'Retrieval', 'STS', 'Summarization', 'InstructionRetrieval', 'InstructionReranking', 'Any2AnyReranking', 'Any2AnyRetrieval', 'Any2AnyMultilingualRetrieval', 'VisionCentricQA', 'ImageClustering', 'ImageClassification', 'DocumentUnderstanding', 'VisualSTS(eng)', 'VisualSTS(multi)', 'ZeroShotClassification', 'Compositionality', 'AudioClustering', 'AudioMultilabelClassification', 'AudioReranking', 'AudioZeroshotClassification', 'AudioClassification', 'AudioPairClassification', 'VideoClassification', 'VideoClustering', 'VideoMultilabelClassification', 'VideoPairClassification', 'VideoZeroshotClassification', 'VideoCentricQA')], prompt types [['query', 'document']], and task names\n"}
,{"stream_name":"stderr","time":1062.01580927,"data":"Task name FactChecking is not valid. Valid keys are task types [('BitextMining', 'Classification', 'MultilabelClassification', 'Clustering', 'PairClassification', 'Regression', 'Reranking', 'Retrieval', 'STS', 'Summarization', 'InstructionRetrieval', 'InstructionReranking', 'Any2AnyReranking', 'Any2AnyRetrieval', 'Any2AnyMultilingualRetrieval', 'VisionCentricQA', 'ImageClustering', 'ImageClassification', 'DocumentUnderstanding', 'VisualSTS(eng)', 'VisualSTS(multi)', 'ZeroShotClassification', 'Compositionality', 'AudioClustering', 'AudioMultilabelClassification', 'AudioReranking', 'AudioZeroshotClassification', 'AudioClassification', 'AudioPairClassification', 'VideoClassification', 'VideoClustering', 'VideoMultilabelClassification', 'VideoPairClassification', 'VideoZeroshotClassification', 'VideoCentricQA')], prompt types [['query', 'document']], and task names\n"}
,{"stream_name":"stderr","time":1062.015814965,"data":"  self.model_prompts = _resolve_model_prompts(self.model, model_prompts)\n"}
,{"stream_name":"stdout","time":2695.713557387,"data":"ImdbClassification             main_score=0.9104 rev=3d86128a\n"}
,{"stream_name":"stdout","time":2702.369162759,"data":"en     in-language 0.876 | cosine 0.885\n"}
,{"stream_name":"stdout","time":2710.176547528,"data":"de     in-language 0.796 | en-head transfer 0.772 | cosine 0.777\n"}
,{"stream_name":"stdout","time":2717.005151386,"data":"es     in-language 0.808 | en-head transfer 0.803 | cosine 0.794\n"}
,{"stream_name":"stdout","time":2725.259628258,"data":"fr     in-language 0.819 | en-head transfer 0.812 | cosine 0.803\n"}
,{"stream_name":"stdout","time":2733.542017146,"data":"ru     in-language 0.830 | en-head transfer 0.799 | cosine 0.794\n"}
,{"stream_name":"stdout","time":2739.58825435,"data":"zh-CN  in-language 0.816 | en-head transfer 0.781 | cosine 0.777\n"}
,{"stream_name":"stdout","time":2745.541579851,"data":"ja     in-language 0.830 | en-head transfer 0.792 | cosine 0.781\n"}
,{"stream_name":"stdout","time":2774.222027983,"data":"ScienceQA: 1500 fit / 600 test rows (4-choice, with image)\n"}
,{"stream_name":"stdout","time":4443.672545248,"data":"vision peak allocated GiB: 4.57\n"}
,{"stream_name":"stdout","time":4476.679604895,"data":"full        acc=0.428 [0.388,0.470] log=1.346 cov=1.000 set=4.00\n"}
,{"stream_name":"stdout","time":4476.67965531,"data":"text_only   acc=0.395 [0.362,0.437] log=1.348 cov=1.000 set=4.00\n"}
,{"stream_name":"stdout","time":4476.679662457,"data":"image_only  acc=0.433 [0.398,0.474] log=1.351 cov=1.000 set=4.00\n"}
,{"stream_name":"stdout","time":4476.679667408,"data":"full vs text_only  : -0.0333 [-0.0700, +0.0017] -\u003e indistinguishable\n"}
,{"stream_name":"stdout","time":4476.679673914,"data":"full vs image_only : +0.0050 [-0.0325, +0.0433] -\u003e indistinguishable\n"}
,{"stream_name":"stdout","time":4481.919025611,"data":"static                 esc 0.032-\u003e0.275 unsafe 0.143\n"}
,{"stream_name":"stdout","time":4481.919112075,"data":"glial                  esc 0.080-\u003e0.743 unsafe 0.087\n"}
,{"stream_name":"stdout","time":4481.919119204,"data":"recalibrate(delay=200) esc 0.032-\u003e0.275 unsafe 0.305\n"}
,{"stream_name":"stdout","time":4481.919122895,"data":"recalibrate(delay=0)   esc 0.032-\u003e0.275 unsafe 0.137\n"}
,{"stream_name":"stdout","time":4482.278776733,"data":"'i need to cancel my flight tomorrow'\n"}
,{"stream_name":"stdout","time":4482.278810075,"data":"  -\u003e action=escalate top=0.010 set=['cancel', 'book flight', 'insurance change', 'income']\n"}
,{"stream_name":"stdout","time":4482.278816289,"data":"\n"}
,{"stream_name":"stdout","time":4482.278819829,"data":"'what is the balance on my account'\n"}
,{"stream_name":"stdout","time":4482.278823367,"data":"  -\u003e action=answer top=0.016 set=['balance', 'bill balance', 'rewards balance']\n"}
,{"stream_name":"stdout","time":4482.278827777,"data":"\n"}
,{"stream_name":"stdout","time":4482.278831138,"data":"'tell me something completely unrelated to banking intents xyz'\n"}
,{"stream_name":"stdout","time":4482.278851151,"data":"  -\u003e action=escalate top=0.011 set=['no', 'what can i ask you', 'meaning of life', 'definition']\n"}
,{"stream_name":"stdout","time":4482.278854817,"data":"\n"}
,{"stream_name":"stdout","time":4519.83661086,"data":"prop_in_state: transfer auroc=0.61625 f1@0.5=0.52 f1@t=0.57(t0.50)  restaurant reservation auroc=0.5795833333333333 f1@0.5=0.44 f1@t=0.41(t0.05)  weather auroc=0.70375 f1@0.5=0.51 f1@t=0.57(t0.50)\n"}
,{"stream_name":"stdout","time":4519.836682542,"data":"prop_in_options: transfer auroc=0.9729166666666667 f1@0.5=0.71 f1@t=0.69(t0.50)  restaurant reservation auroc=1.0 f1@0.5=0.91 f1@t=0.93(t0.50)  weather auroc=1.0 f1@0.5=0.87 f1@t=0.90(t0.50)\n"}
,{"stream_name":"stdout","time":4519.836690857,"data":"bundle refuses out-of-schema noul: True\n"}
,{"stream_name":"stdout","time":4536.421238653,"data":"logged 300 real decisions\n"}
,{"stream_name":"stdout","time":4536.421276825,"data":"monitor: alerts=['escalate_rate 0.63 \u003e 0.6', 'top_prob KS=0.247 \u003e 0.15'] escalate=0.63\n"}
,{"stream_name":"stdout","time":4536.421282047,"data":"handlers: {'escalate': 189, 'answer': 109, 'clarify': 2} | escalation queue lines 189\n"}
,{"stream_name":"stdout","time":4536.421285944,"data":"retrain slice 1: 3900 items, 150 classes\n"}
,{"stream_name":"stdout","time":4536.42130232,"data":"retrain slice 2: 4050 items, 150 classes\n"}
,{"stream_name":"stdout","time":4581.973738866,"data":"registry: versions=['v1', 'v2'] v2.parent=v1 promote-\u003ev2 rollback-\u003ev1 now=v1\n"}
,{"stream_name":"stdout","time":4581.973791099,"data":"shadow: n=300 agreement=0.363 failed=0 {'answer-\u003eanswer': 109, 'clarify-\u003eanswer': 2, 'escalate-\u003eanswer': 187, 'escalate-\u003eclarify': 2}\n"}
,{"stream_name":"stdout","time":4581.973804839,"data":"cadence: fired=True via drift (drift: top_prob KS=0.247 \u003e 0.15)\n"}
,{"stream_name":"stdout","time":4581.973809623,"data":"cadence: held=True (drift alert but 120 new labeled samples \u003c 500 floor)\n"}
,{"stream_name":"stdout","time":4614.128511349,"data":"canary: control n=206 unsafe=0.005 | canary n=94 unsafe=0.043 -\u003e rollback (unsafe_rate 0.005 -\u003e 0.043 (+0.038 \u003e 0.02))\n"}
,{"stream_name":"stdout","time":4614.128569457,"data":"causal unsafe: delta=+0.070 [+0.043, +0.100] -\u003e regressed\n"}
,{"stream_name":"stdout","time":4614.128577611,"data":"causal escalate: delta=-0.630 [-0.683, -0.575] -\u003e improved\n"}
,{"stream_name":"stdout","time":4614.295636332,"data":"{\n"}
,{"stream_name":"stdout","time":4614.295700171,"data":"  \"suite_green_on_kaggle\": true,\n"}
,{"stream_name":"stdout","time":4614.29570926,"data":"  \"cosine_resolved_in_band\": true,\n"}
,{"stream_name":"stdout","time":4614.295724505,"data":"  \"head_resolved_in_band\": true,\n"}
,{"stream_name":"stdout","time":4614.295728236,"data":"  \"coverage_in_band\": true,\n"}
,{"stream_name":"stdout","time":4614.295731738,"data":"  \"head_coverage_reported\": 0.9882222222222222,\n"}
,{"stream_name":"stdout","time":4614.295735268,"data":"  \"cosine_sets_small\": true,\n"}
,{"stream_name":"stdout","time":4614.295738678,"data":"  \"head_sets_small\": true,\n"}
,{"stream_name":"stdout","time":4614.295747525,"data":"  \"head_acc_in_band\": true,\n"}
,{"stream_name":"stdout","time":4614.295750541,"data":"  \"bundle_roundtrip_identical\": true,\n"}
,{"stream_name":"stdout","time":4614.295752725,"data":"  \"ordinal_ran\": true,\n"}
,{"stream_name":"stdout","time":4614.295754942,"data":"  \"ordinal_beats_zeroshot\": true,\n"}
,{"stream_name":"stdout","time":4614.295757083,"data":"  \"cli_ran\": true,\n"}
,{"stream_name":"stdout","time":4614.295759341,"data":"  \"cli_inputs\": 12,\n"}
,{"stream_name":"stdout","time":4614.295762533,"data":"  \"cli_adapt_ran\": true,\n"}
,{"stream_name":"stdout","time":4614.295779041,"data":"  \"cli_adapt_roundtrip\": true,\n"}
,{"stream_name":"stdout","time":4614.295782816,"data":"  \"serve_ran\": true,\n"}
,{"stream_name":"stdout","time":4614.295786791,"data":"  \"baselines_ran\": true,\n"}
,{"stream_name":"stdout","time":4614.295796243,"data":"  \"head_beats_tfidf_acc\": true,\n"}
,{"stream_name":"stdout","time":4614.295799502,"data":"  \"rigor_ran\": true,\n"}
,{"stream_name":"stdout","time":4614.295802895,"data":"  \"memorization_ran\": true,\n"}
,{"stream_name":"stdout","time":4614.295806215,"data":"  \"breadth_ran\": true,\n"}
,{"stream_name":"stdout","time":4614.295809253,"data":"  \"breadth_datasets\": 10,\n"}
,{"stream_name":"stdout","time":4614.295812672,"data":"  \"operate_ran\": true,\n"}
,{"stream_name":"stdout","time":4614.295815721,"data":"  \"monitor_ran\": true,\n"}
,{"stream_name":"stdout","time":4614.295819247,"data":"  \"handlers_ran\": true,\n"}
,{"stream_name":"stdout","time":4614.295823266,"data":"  \"escalations_queued\": true,\n"}
,{"stream_name":"stdout","time":4614.295826755,"data":"  \"registry_lineage\": true,\n"}
,{"stream_name":"stdout","time":4614.295829976,"data":"  \"registry_rollback\": true,\n"}
,{"stream_name":"stdout","time":4614.295833401,"data":"  \"shadow_ran\": true,\n"}
,{"stream_name":"stdout","time":4614.295836454,"data":"  \"cadence_ran\": true,\n"}
,{"stream_name":"stdout","time":4614.295839361,"data":"  \"cadence_floored\": true,\n"}
,{"stream_name":"stdout","time":4614.295842363,"data":"  \"canary_ran\": true,\n"}
,{"stream_name":"stdout","time":4614.295845449,"data":"  \"canary_arms_nonempty\": true,\n"}
,{"stream_name":"stdout","time":4614.295848667,"data":"  \"causal_ran\": true,\n"}
,{"stream_name":"stdout","time":4614.295852115,"data":"  \"causal_ci_reported\": true,\n"}
,{"stream_name":"stdout","time":4614.295855558,"data":"  \"cross_task_ran\": true,\n"}
,{"stream_name":"stdout","time":4614.295859645,"data":"  \"cross_task_glial_safer\": true,\n"}
,{"stream_name":"stdout","time":4614.295862923,"data":"  \"multilingual_ran\": true,\n"}
,{"stream_name":"stdout","time":4614.295866697,"data":"  \"multilingual_in_language_holds\": true,\n"}
,{"stream_name":"stdout","time":4614.295870475,"data":"  \"multilingual_en_head_transfers\": true,\n"}
,{"stream_name":"stdout","time":4614.295873855,"data":"  \"multimodal_ran\": true,\n"}
,{"stream_name":"stdout","time":4614.295877358,"data":"  \"multimodal_image_carries_signal\": true,\n"}
,{"stream_name":"stdout","time":4614.29588086,"data":"  \"multimodal_combination_beats_both_singles\": false,\n"}
,{"stream_name":"stdout","time":4614.295891944,"data":"  \"breadth_head_ge_tfidf\": true,\n"}
,{"stream_name":"stdout","time":4614.295895909,"data":"  \"noul_ran\": true,\n"}
,{"stream_name":"stdout","time":4614.295899778,"data":"  \"noul_bundle_refuses_out_of_schema\": true\n"}
,{"stream_name":"stdout","time":4614.295903377,"data":"}\n"}
,{"stream_name":"stdout","time":4649.204729711,"data":"refusal costs: cfp=10.0 cfn=20.0 cr=1.0 -\u003e discard\u003c0.050 assert\u003e0.900\n"}
,{"stream_name":"stdout","time":4649.204792181,"data":"  unsafe answers 0 | over-refusals none | control True\n"}
,{"stream_name":"stdout","time":4649.204799949,"data":"  pass      I1  below the fitted answer bar, the layer must not assert\n"}
,{"stream_name":"stdout","time":4649.204805514,"data":"  pass      I2  below the fitted in-schema boundary, the layer must not \n"}
,{"stream_name":"stdout","time":4649.204810643,"data":"  pass      I4  a gated layer never returns an ungated action\n"}
,{"stream_name":"stdout","time":4649.204822427,"data":"  fail      I5  the action is the Bayes-optimal one for the declared cos\n"}
,{"stream_name":"stdout","time":4649.204827576,"data":"            300 actions off the cost-optimal boundary: ['escalate(p=0.012-\u003ediscard)', 'escalate(p=0.011-\n"}
,{"stream_name":"stdout","time":4649.204832358,"data":"  pass      I3  option order must not change the action\n"}
,{"stream_name":"stdout","time":4649.204837046,"data":"  deferred  I6  raising the bar must not increase assertions\n"}
,{"stream_name":"stdout","time":4649.204841702,"data":"  reasons: no_discriminating_signal=pass, out_of_schema=pass, unsupported_evidence=unverified, no_content=pass, over_length=pass, position_bias=pass, uncalibrated_cost=fail, policy=unverified\n"}
,{"stream_name":"stdout","time":4649.204848524,"data":"\n"}
,{"stream_name":"stdout","time":4649.204855816,"data":"qualification: qualified  (bundle 207cef05b2f0a339...)\n"}
,{"stream_name":"stdout","time":4649.204858985,"data":"  must_pass failed : []\n"}
,{"stream_name":"stdout","time":4649.20486194,"data":"  must_fix open    : ['E4', 'E5']\n"}
,{"stream_name":"stdout","time":4649.20486493,"data":"  deferred         : ['F2']\n"}
,{"stream_name":"stdout","time":4649.204868453,"data":"ML Test Score coverage: 14 covered / 5 partial / 1 missing (82% weighted)\n"}
,{"stream_name":"stdout","time":4649.204885122,"data":"\n"}
,{"stream_name":"stdout","time":4649.204890387,"data":"  data             covered 3/4 (partial 1, missing 0)\n"}
,{"stream_name":"stdout","time":4649.204895672,"data":"  infrastructure   covered 3/4 (partial 1, missing 0)\n"}
,{"stream_name":"stdout","time":4649.204900953,"data":"  model            covered 6/9 (partial 2, missing 1)\n"}
,{"stream_name":"stdout","time":4649.204905507,"data":"  monitoring       covered 2/3 (partial 1, missing 0)\n"}
,{"stream_name":"stdout","time":4649.204915601,"data":"\n"}
,{"stream_name":"stdout","time":4649.204919468,"data":"  gaps:\n"}
,{"stream_name":"stdout","time":4649.204923818,"data":"    [partial] data: the relationship between each feature and the target is understood\n"}
,{"stream_name":"stdout","time":4649.204929049,"data":"    [missing] model: offline proxy metrics correlate with online impact\n"}
,{"stream_name":"stdout","time":4649.204933468,"data":"    [partial] model: hyperparameters are tuned\n"}
,{"stream_name":"stdout","time":4649.204937783,"data":"    [partial] model: quality on important slices is tested\n"}
,{"stream_name":"stdout","time":4649.204942256,"data":"    [partial] infrastructure: training is reproducible\n"}
,{"stream_name":"stdout","time":4649.204946827,"data":"    [partial] monitoring: training/serving skew is detected\n"}
,{"stream_name":"stdout","time":4649.204960833,"data":"model card written: 9 sections, 190 eval metrics in model-index\n"}
,{"stream_name":"stderr","time":4655.258563351,"data":"/usr/local/lib/python3.13/dist-packages/mistune.py:435: SyntaxWarning: invalid escape sequence '\\|'\n"}
,{"stream_name":"stderr","time":4655.25861561,"data":"  cells[i][c] = re.sub('\\\\\\\\\\|', '|', cell)\n"}
,{"stream_name":"stderr","time":4655.430423554,"data":"/usr/local/lib/python3.13/dist-packages/nbconvert/filters/filter_links.py:36: SyntaxWarning: invalid escape sequence '\\_'\n"}
,{"stream_name":"stderr","time":4655.430473578,"data":"  text = re.sub(r'_', '\\_', text) # Escape underscores in display text\n"}
,{"stream_name":"stderr","time":4656.180857199,"data":"[NbConvertApp] Converting notebook __notebook__.ipynb to notebook\n"}
,{"stream_name":"stderr","time":4657.134879682,"data":"[NbConvertApp] Writing 6701733 bytes to __notebook__.ipynb\n"}
,{"stream_name":"stderr","time":4659.597840292,"data":"[NbConvertApp] Converting notebook __notebook__.ipynb to html\n"}
,{"stream_name":"stderr","time":4661.2247956,"data":"[NbConvertApp] Writing 6041087 bytes to __results__.html\n"}
]