[{"stream_name":"stderr","time":5.539994455,"data":"/usr/local/lib/python3.13/dist-packages/nbformat/validator.py:434: MissingIDFieldWarning: Cell is missing an id field, this will become a hard error in future nbformat versions. You may want to use `normalize()` on your notebooks before validations (available since nbformat 5.1.4). Previous versions of nbformat are fixing this issue transparently, and will stop doing so in the future.\n"}
,{"stream_name":"stderr","time":5.540037273,"data":"  _validate(nbdict, ref, version, version_minor, relax_add_props)\n"}
,{"stream_name":"stderr","time":6.393589029,"data":"0.00s - Debugger warning: It seems that frozen modules are being used, which may\n"}
,{"stream_name":"stderr","time":6.393623541,"data":"0.00s - make the debugger miss breakpoints. Please pass -Xfrozen_modules=off\n"}
,{"stream_name":"stderr","time":6.39362733,"data":"0.00s - to python to disable frozen modules.\n"}
,{"stream_name":"stderr","time":6.393629748,"data":"0.00s - Note: Debugging will proceed. Set PYDEVD_DISABLE_FILE_VALIDATION=1 to disable this validation.\n"}
,{"stream_name":"stderr","time":6.976697398,"data":"0.00s - Debugger warning: It seems that frozen modules are being used, which may\n"}
,{"stream_name":"stderr","time":6.976744057,"data":"0.00s - make the debugger miss breakpoints. Please pass -Xfrozen_modules=off\n"}
,{"stream_name":"stderr","time":6.976752556,"data":"0.00s - to python to disable frozen modules.\n"}
,{"stream_name":"stderr","time":6.976757309,"data":"0.00s - Note: Debugging will proceed. Set PYDEVD_DISABLE_FILE_VALIDATION=1 to disable this validation.\n"}
,{"stream_name":"stdout","time":9.922226131,"data":"Tesla T4, 15360 MiB\n"}
,{"stream_name":"stdout","time":9.92225787,"data":"Tesla T4, 15360 MiB\n"}
,{"stream_name":"stdout","time":9.922262866,"data":"\n"}
,{"stream_name":"stdout","time":165.132823903,"data":"........................................................................ [ 15%]\n"}
,{"stream_name":"stdout","time":165.132860358,"data":"........................................................................ [ 31%]\n"}
,{"stream_name":"stdout","time":165.132867005,"data":"........................................................................ [ 47%]\n"}
,{"stream_name":"stdout","time":165.132871616,"data":"..................ss.................................................... [ 63%]\n"}
,{"stream_name":"stdout","time":165.132876214,"data":"...........................s............................................ [ 78%]\n"}
,{"stream_name":"stdout","time":165.132880137,"data":"........................................................................ [ 94%]\n"}
,{"stream_name":"stdout","time":165.132885686,"data":".........................                                                [100%]\n"}
,{"stream_name":"stdout","time":165.132890281,"data":"=============================== warnings summary ===============================\n"}
,{"stream_name":"stdout","time":165.132895121,"data":"tests/test_decision_cli_adapt.py::test_adapt_writes_a_bundle_and_a_report\n"}
,{"stream_name":"stdout","time":165.132899604,"data":"tests/test_decision_cli_adapt.py::test_the_bundle_adapt_produced_can_be_decided_with\n"}
,{"stream_name":"stdout","time":165.132904107,"data":"tests/test_decision_cli_adapt.py::test_jsonl_and_custom_columns\n"}
,{"stream_name":"stdout","time":165.132909263,"data":"tests/test_decision_phase8.py::test_a_decision_makes_no_network_call\n"}
,{"stream_name":"stdout","time":165.132914093,"data":"  /kaggle/working/nanocore-s1/src/decision/scoring.py:141: UserWarning: fit_temperature bound-limited at the ceiling (t=4.0); widen `ceiling` before trusting the fit\n"}
,{"stream_name":"stdout","time":165.132918909,"data":"    warnings.warn(f\"fit_temperature bound-limited at the ceiling \"\n"}
,{"stream_name":"stdout","time":165.132933644,"data":"\n"}
,{"stream_name":"stdout","time":165.132937199,"data":"tests/test_decision_evaluate.py::test_tfidf_baseline_column_alignment\n"}
,{"stream_name":"stdout","time":165.132940953,"data":"tests/test_decision_evaluate.py::test_tfidf_baseline_missing_class\n"}
,{"stream_name":"stdout","time":165.132945694,"data":"tests/test_decision_evaluate.py::test_dataset_suite_end_to_end\n"}
,{"stream_name":"stdout","time":165.132949369,"data":"  /usr/local/lib/python3.13/dist-packages/sklearn/linear_model/_logistic.py:451: DeprecationWarning: scipy.optimize: The `disp` and `iprint` options of the L-BFGS-B solver are deprecated and will be removed in SciPy 1.18.0.\n"}
,{"stream_name":"stdout","time":165.132954822,"data":"    opt_res = optimize.minimize(\n"}
,{"stream_name":"stdout","time":165.132958393,"data":"\n"}
,{"stream_name":"stdout","time":165.132961849,"data":"-- Docs: https://docs.pytest.org/en/stable/how-to/capture-warnings.html\n"}
,{"stream_name":"stdout","time":165.132965316,"data":"454 passed, 3 skipped, 7 warnings in 136.47s (0:02:16)\n"}
,{"stream_name":"stdout","time":165.13296874,"data":"\n"}
,{"stream_name":"stdout","time":168.202539608,"data":"   ━━━━━━━━━━━━━━━━━━━━━━━━━━━━━━━━━━━━━━━━ 740.6/740.6 kB 10.1 MB/s eta 0:00:00\n"}
,{"stream_name":"stdout","time":168.356363523,"data":"   ━━━━━━━━━━━━━━━━━━━━━━━━━━━━━━━━━━━━━━━━ 12.6/12.6 MB 93.2 MB/s eta 0:00:00\n"}
,{"stream_name":"stdout","time":168.405243009,"data":"   ━━━━━━━━━━━━━━━━━━━━━━━━━━━━━━━━━━━━━━━━ 740.6/740.6 kB 10.1 MB/s eta 0:00:00\n"}
,{"stream_name":"stdout","time":168.405268453,"data":"   ━━━━━━━━━━━━━━━━━━━━━━━━━━━━━━━━━━━━━━━━ 12.6/12.6 MB 93.2 MB/s eta 0:00:00\n"}
,{"stream_name":"stdout","time":168.457942715,"data":"   ━━━━━━━━━━━━━━━━━━━━━━━━━━━━━━━━━━━━━━━━ 6.7/6.7 MB 83.6 MB/s eta 0:00:00\n"}
,{"stream_name":"stdout","time":168.49811013,"data":"   ━━━━━━━━━━━━━━━━━━━━━━━━━━━━━━━━━━━━━━━━ 846.4/846.4 kB 39.3 MB/s eta 0:00:00\n"}
,{"stream_name":"stdout","time":168.538540728,"data":"   ━━━━━━━━━━━━━━━━━━━━━━━━━━━━━━━━━━━━━━━━ 304.9/304.9 kB 15.4 MB/s eta 0:00:00\n"}
,{"stream_name":"stdout","time":168.658885501,"data":"   ━━━━━━━━━━━━━━━━━━━━━━━━━━━━━━━━━━━━━━━━ 6.7/6.7 MB 83.6 MB/s eta 0:00:00\n"}
,{"stream_name":"stdout","time":168.658915719,"data":"   ━━━━━━━━━━━━━━━━━━━━━━━━━━━━━━━━━━━━━━━━ 846.4/846.4 kB 39.3 MB/s eta 0:00:00\n"}
,{"stream_name":"stdout","time":168.658920805,"data":"   ━━━━━━━━━━━━━━━━━━━━━━━━━━━━━━━━━━━━━━━━ 304.9/304.9 kB 15.4 MB/s eta 0:00:00\n"}
,{"stream_name":"stderr","time":203.449572004,"data":"Warning: You are sending unauthenticated requests to the HF Hub. Please set a HF_TOKEN to enable higher rate limits and faster downloads.\n"}
,{"stream_name":"stderr","time":203.44961063,"data":"\n"}
,{"stream_name":"stderr","time":203.449615775,"data":"Warning: You are sending unauthenticated requests to the HF Hub. Please set a HF_TOKEN to enable higher rate limits and faster downloads.\n"}
,{"stream_name":"stdout","time":221.605313302,"data":"datasets path failed: HfUriError(\"Invalid HF URI 'hf://datasets/clinc_oos@155b9c710419136e17307b80d0a13e68cd46b4ec/.huggingface.yaml'. Repository id must be 'name\n"}
,{"stream_name":"stdout","time":221.709753449,"data":"source: github json | train 15000 | val 3100 | test 5500\n"}
,{"stream_name":"stdout","time":296.82151011,"data":"peak cuda GiB: 0.88\n"}
,{"stream_name":"stdout","time":307.50321411,"data":"cosine calibration: {\n"}
,{"stream_name":"stdout","time":307.503247324,"data":" \"t_prob\": 0.25,\n"}
,{"stream_name":"stdout","time":307.503254901,"data":" \"tau_answer\": 0.015279530048182147,\n"}
,{"stream_name":"stdout","time":307.503260851,"data":" \"qhat\": 0.02393932927923971,\n"}
,{"stream_name":"stdout","time":307.503266742,"data":" \"t_set\": 1.0,\n"}
,{"stream_name":"stdout","time":307.503271998,"data":" \"n_A\": 1497,\n"}
,{"stream_name":"stdout","time":307.503276693,"data":" \"n_B\": 1503,\n"}
,{"stream_name":"stdout","time":307.503281379,"data":" \"tau_in_schema\": 0.6991039514541626\n"}
,{"stream_name":"stdout","time":307.503286238,"data":"}\n"}
,{"stream_name":"stdout","time":308.153864225,"data":"cosine leg: {\"actions\": {\"escalate\": 3648, \"answer\": 1797, \"clarify\": 55}, \"resolved\": 0.482, \"encodes\": 5555, \"cov_hits\": 4113, \"n_in\": 4500, \"encodes_per_item\": 1.01, \"set_coverage_in_scope\": 0.914, \"mean_set_size\": 3.798, \"singleton_rate\": 0.0}\n"}
,{"stream_name":"stdout","time":311.497564405,"data":"head: {'best_val_loss': 0.09621404856443405, 'epochs_run': 27, 'n_train': 13500, 'n_classes': 150}\n"}
,{"stream_name":"stdout","time":311.49760033,"data":"TaskHead in-scope accuracy: 0.969\n"}
,{"stream_name":"stdout","time":311.497604868,"data":"head calibration: {\n"}
,{"stream_name":"stdout","time":311.497608695,"data":" \"t_prob\": 0.8548387096774194,\n"}
,{"stream_name":"stdout","time":311.497612547,"data":" \"tau_answer\": 0.2898013667933294,\n"}
,{"stream_name":"stdout","time":311.497616348,"data":" \"qhat\": 0.011418504446059703,\n"}
,{"stream_name":"stdout","time":311.49762008,"data":" \"t_set\": 32.0,\n"}
,{"stream_name":"stdout","time":311.497623668,"data":" \"n_A\": 1497,\n"}
,{"stream_name":"stdout","time":311.497627282,"data":" \"n_B\": 1503,\n"}
,{"stream_name":"stdout","time":311.497631016,"data":" \"tau_in_schema\": 9.803707122802734\n"}
,{"stream_name":"stdout","time":311.497634698,"data":"}\n"}
,{"stream_name":"stdout","time":312.29724399,"data":"head leg: {\"actions\": {\"answer\": 4381, \"escalate\": 1119}, \"resolved\": 0.931, \"encodes\": 5500, \"cov_hits\": 4447, \"n_in\": 4500, \"encodes_per_item\": 1.0, \"set_coverage_in_scope\": 0.988, \"mean_set_size\": 1.935, \"singleton_rate\": 0.065}\n"}
,{"stream_name":"stdout","time":312.316407198,"data":"head scores saved for offline re-evaluation\n"}
,{"stream_name":"stdout","time":312.519131462,"data":"cosine_leg   cov high=0.986(n1500) low=0.791(n1500) mid=0.965(n1500) | undercovered ['low']\n"}
,{"stream_name":"stdout","time":312.519164892,"data":"             assert=0.9047085201793722 deferred=0.6586892488954345 enrichment=3.581755176297323 actions={'answer': 1784, 'clarify': 55, 'escalate': 2661}\n"}
,{"stream_name":"stdout","time":312.519169906,"data":"taskhead_leg cov high=1.000(n1500) low=0.969(n1500) mid=0.996(n1500) | undercovered none\n"}
,{"stream_name":"stdout","time":312.519173968,"data":"             assert=0.9813606710158435 deferred=0.7211538461538461 enrichment=14.960096153846175 actions={'answer': 4292, 'escalate': 208}\n"}
,{"stream_name":"stdout","time":312.519178022,"data":"memorization: {\"n_options\": 150, \"chance_top_prob\": 0.006666666666666667, \"rotation_consistency\": 1.0, \"withheld_top_prob\": 0.3520362469218582, \"withheld_answered\": 0, \"rotation_invariant\": true, \"withholding_collapses\": true, \"passed\": true}\n"}
,{"stream_name":"stdout","time":312.676873115,"data":"bundle round-trip: 200/200 identical\n"}
,{"stream_name":"stderr","time":312.85359688,"data":"Repo card metadata block was not found. Setting CardData to empty.\n"}
,{"stream_name":"stderr","time":312.853626063,"data":"\n"}
,{"stream_name":"stderr","time":312.853630802,"data":"Repo card metadata block was not found. Setting CardData to empty.\n"}
,{"stream_name":"stdout","time":341.62824896,"data":"ordinal: acc 0.432 mae 0.732 | zeroshot: acc 0.318 mae 0.875\n"}
,{"stream_name":"stdout","time":359.254641351,"data":"'i need to cancel my flight tomorrow'\n"}
,{"stream_name":"stdout","time":359.254691355,"data":"  -\u003e action=escalate top=0.334 set=['cancel reservation', 'pto request']\n"}
,{"stream_name":"stdout","time":359.254696099,"data":"'what is the balance on my account'\n"}
,{"stream_name":"stdout","time":359.254699115,"data":"  -\u003e action=answer top=0.997 set=['balance', 'bill balance']\n"}
,{"stream_name":"stdout","time":359.2547022,"data":"'how do i activate my new card'\n"}
,{"stream_name":"stdout","time":359.254705005,"data":"  -\u003e action=escalate top=0.970 set=['new card', 'redeem rewards']\n"}
,{"stream_name":"stdout","time":359.254707846,"data":"'i lost my wallet on the bus yesterday'\n"}
,{"stream_name":"stdout","time":359.25471054,"data":"  -\u003e action=escalate top=0.217 set=['lost luggage', 'spending history']\n"}
,{"stream_name":"stdout","time":359.25471339,"data":"'when will my paycheck arrive'\n"}
,{"stream_name":"stdout","time":359.254716096,"data":"  -\u003e action=answer top=0.998 set=['payday', 'income']\n"}
,{"stream_name":"stdout","time":359.254749776,"data":"'can you transfer two hundred dollars to my savings'\n"}
,{"stream_name":"stdout","time":359.254756877,"data":"  -\u003e action=answer top=1.000 set=['transfer', 'balance']\n"}
,{"stream_name":"stdout","time":359.25476169,"data":"'why was my card declined at the store'\n"}
,{"stream_name":"stdout","time":359.254766321,"data":"  -\u003e action=answer top=1.000 set=['card declined', 'account blocked']\n"}
,{"stream_name":"stdout","time":359.254770697,"data":"'i want to dispute this charge i never made'\n"}
,{"stream_name":"stdout","time":359.254774791,"data":"  -\u003e action=escalate top=0.774 set=['report fraud', 'cancel']\n"}
,{"stream_name":"stdout","time":359.254779099,"data":"'do you do currency exchange for euros'\n"}
,{"stream_name":"stdout","time":359.254783164,"data":"  -\u003e action=answer top=0.999 set=['exchange rate', 'plug type']\n"}
,{"stream_name":"stdout","time":359.254787473,"data":"'my phone was stolen and i need to freeze everything'\n"}
,{"stream_name":"stdout","time":359.254793465,"data":"  -\u003e action=escalate top=0.461 set=['sync device', 'freeze account']\n"}
,{"stream_name":"stdout","time":359.254800931,"data":"'tell me something completely unrelated to banking intents xyz'\n"}
,{"stream_name":"stdout","time":359.254804002,"data":"  -\u003e action=escalate top=0.364 set=['no', 'what can i ask you']\n"}
,{"stream_name":"stdout","time":359.25480697,"data":"'blorple snizzle wumpus quack'\n"}
,{"stream_name":"stdout","time":359.254809824,"data":"  -\u003e action=escalate top=0.111 set=['tell joke', 'repeat']\n"}
,{"stream_name":"stdout","time":359.459206423,"data":"wrote 1500 labeled rows over 150 classes\n"}
,{"stream_name":"stdout","time":380.776375843,"data":"adapt: 1500 examples, 150 classes | headroom 0.709 | test acc 0.904 cov 0.947 set 2.02\n"}
,{"stream_name":"stdout","time":397.70623043,"data":"round trip: action=answer top=0.194 set=['book flight', 'pay bill', 'travel notification']\n"}
,{"stream_name":"stdout","time":412.988073625,"data":"serve: POST /decide -\u003e escalate (980ms) | stats: 1 req, p50=980ms\n"}
,{"stream_name":"stdout","time":428.656301573,"data":"cosine     acc=0.756 log=4.287 brier=0.978 ece=0.741\n"}
,{"stream_name":"stdout","time":428.656361676,"data":"taskhead   acc=0.969 log=0.118 brier=0.046 ece=0.006\n"}
,{"stream_name":"stdout","time":428.656369397,"data":"tfidf_lr   acc=0.906 log=0.687 brier=0.230 ece=0.235\n"}
,{"stream_name":"stdout","time":440.149198168,"data":"cosine     acc=0.756 [0.744,0.768] aurc=0.1135 ece15=0.741 acc@80=0.834\n"}
,{"stream_name":"stdout","time":440.149237125,"data":"taskhead   acc=0.969 [0.964,0.974] aurc=0.0026 ece15=0.006 acc@80=0.996\n"}
,{"stream_name":"stdout","time":440.149243977,"data":"tfidf_lr   acc=0.906 [0.898,0.914] aurc=0.0180 ece15=0.235 acc@80=0.969\n"}
,{"stream_name":"stdout","time":440.673237339,"data":"acc by nearest-train-similarity band: {\n"}
,{"stream_name":"stdout","time":440.673271222,"data":" \"[-1,0.8)\": {\n"}
,{"stream_name":"stdout","time":440.673276532,"data":"  \"n\": 190,\n"}
,{"stream_name":"stdout","time":440.673281206,"data":"  \"acc\": 0.9105263157894737\n"}
,{"stream_name":"stdout","time":440.673285748,"data":" },\n"}
,{"stream_name":"stdout","time":440.673290546,"data":" \"[0.8,0.9)\": {\n"}
,{"stream_name":"stdout","time":440.6732959,"data":"  \"n\": 1350,\n"}
,{"stream_name":"stdout","time":440.673301229,"data":"  \"acc\": 0.9422222222222222\n"}
,{"stream_name":"stdout","time":440.673306576,"data":" },\n"}
,{"stream_name":"stdout","time":440.67331093,"data":" \"[0.9,0.95)\": {\n"}
,{"stream_name":"stdout","time":440.673315281,"data":"  \"n\": 1146,\n"}
,{"stream_name":"stdout","time":440.673319733,"data":"  \"acc\": 0.9729493891797557\n"}
,{"stream_name":"stdout","time":440.67332411,"data":" },\n"}
,{"stream_name":"stdout","time":440.673328405,"data":" \"[0.95,1.01)\": {\n"}
,{"stream_name":"stdout","time":440.673332777,"data":"  \"n\": 1814,\n"}
,{"stream_name":"stdout","time":440.673337184,"data":"  \"acc\": 0.9933847850055126\n"}
,{"stream_name":"stdout","time":440.673341634,"data":" }\n"}
,{"stream_name":"stdout","time":440.673346114,"data":"}\n"}
,{"stream_name":"stdout","time":455.859293671,"data":"banking77        k= 77 head=0.930 cos=0.929 tfidf=0.731\n"}
,{"stream_name":"stdout","time":474.666085786,"data":"emotion          k=  6 head=0.625 cos=0.498 tfidf=0.580\n"}
,{"stream_name":"stdout","time":492.592352876,"data":"tweet_emotion    k=  4 head=0.798 cos=0.756 tfidf=0.565\n"}
,{"stream_name":"stdout","time":516.028169484,"data":"tweet_sentiment  k=  3 head=0.666 cos=0.575 tfidf=0.488\n"}
,{"stream_name":"stdout","time":539.531760335,"data":"tweet_hate       k=  2 head=0.586 cos=0.568 tfidf=0.529\n"}
,{"stream_name":"stdout","time":554.178891269,"data":"sst2             k=  2 head=0.847 cos=0.854 tfidf=0.682\n"}
,{"stream_name":"stdout","time":595.10796866,"data":"ag_news          k=  4 head=0.869 cos=0.614 tfidf=0.786\n"}
,{"stream_name":"stdout","time":658.425764076,"data":"dbpedia_14       k= 14 head=0.970 cos=0.776 tfidf=0.927\n"}
,{"stream_name":"stdout","time":697.34987877,"data":"mnli             k=  3 head=0.449 cos=0.368 tfidf=0.379\n"}
,{"stream_name":"stdout","time":708.582812994,"data":"massive_intent_en k= 60 head=0.895 cos=0.888 tfidf=0.678\n"}
,{"stream_name":"stderr","time":710.847164726,"data":"/usr/local/lib/python3.13/dist-packages/mteb/models/model_meta.py:969: FutureWarning: The `get_sentence_embedding_dimension` method has been renamed to `get_embedding_dimension`.\n"}
,{"stream_name":"stderr","time":710.84721028,"data":"  embedding_dimensions = model.get_sentence_embedding_dimension()\n"}
,{"stream_name":"stderr","time":710.847215711,"data":"/usr/local/lib/python3.13/dist-packages/mteb/models/model_meta.py:929: FutureWarning: The `get_sentence_embedding_dimension` method has been renamed to `get_embedding_dimension`.\n"}
,{"stream_name":"stderr","time":710.847220518,"data":"  embed_dim=model.get_sentence_embedding_dimension(),\n"}
,{"stream_name":"stderr","time":710.847227563,"data":"Task name CodeRetrieval is not valid. Valid keys are task types [('BitextMining', 'Classification', 'MultilabelClassification', 'Clustering', 'PairClassification', 'Regression', 'Reranking', 'Retrieval', 'STS', 'Summarization', 'InstructionRetrieval', 'InstructionReranking', 'Any2AnyReranking', 'Any2AnyRetrieval', 'Any2AnyMultilingualRetrieval', 'VisionCentricQA', 'ImageClustering', 'ImageClassification', 'DocumentUnderstanding', 'VisualSTS(eng)', 'VisualSTS(multi)', 'ZeroShotClassification', 'Compositionality', 'AudioClustering', 'AudioMultilabelClassification', 'AudioReranking', 'AudioZeroshotClassification', 'AudioClassification', 'AudioPairClassification', 'VideoClassification', 'VideoClustering', 'VideoMultilabelClassification', 'VideoPairClassification', 'VideoZeroshotClassification', 'VideoCentricQA')], prompt types [['query', 'document']], and task names\n"}
,{"stream_name":"stderr","time":710.847237029,"data":"\n"}
,{"stream_name":"stderr","time":710.847240351,"data":"/usr/local/lib/python3.13/dist-packages/mteb/models/model_meta.py:969: FutureWarning: The `get_sentence_embedding_dimension` method has been renamed to `get_embedding_dimension`.\n"}
,{"stream_name":"stderr","time":710.847244329,"data":"  embedding_dimensions = model.get_sentence_embedding_dimension()\n"}
,{"stream_name":"stderr","time":710.847247873,"data":"/usr/local/lib/python3.13/dist-packages/mteb/models/model_meta.py:929: FutureWarning: The `get_sentence_embedding_dimension` method has been renamed to `get_embedding_dimension`.\n"}
,{"stream_name":"stderr","time":710.847251694,"data":"  embed_dim=model.get_sentence_embedding_dimension(),\n"}
,{"stream_name":"stderr","time":710.847256298,"data":"Task name CodeRetrieval is not valid. Valid keys are task types [('BitextMining', 'Classification', 'MultilabelClassification', 'Clustering', 'PairClassification', 'Regression', 'Reranking', 'Retrieval', 'STS', 'Summarization', 'InstructionRetrieval', 'InstructionReranking', 'Any2AnyReranking', 'Any2AnyRetrieval', 'Any2AnyMultilingualRetrieval', 'VisionCentricQA', 'ImageClustering', 'ImageClassification', 'DocumentUnderstanding', 'VisualSTS(eng)', 'VisualSTS(multi)', 'ZeroShotClassification', 'Compositionality', 'AudioClustering', 'AudioMultilabelClassification', 'AudioReranking', 'AudioZeroshotClassification', 'AudioClassification', 'AudioPairClassification', 'VideoClassification', 'VideoClustering', 'VideoMultilabelClassification', 'VideoPairClassification', 'VideoZeroshotClassification', 'VideoCentricQA')], prompt types [['query', 'document']], and task names\n"}
,{"stream_name":"stderr","time":710.858788899,"data":"/usr/local/lib/python3.13/dist-packages/mteb/models/sentence_transformer_wrapper.py:150: UserWarning: Task name CodeRetrieval is not valid. Valid keys are task types [('BitextMining', 'Classification', 'MultilabelClassification', 'Clustering', 'PairClassification', 'Regression', 'Reranking', 'Retrieval', 'STS', 'Summarization', 'InstructionRetrieval', 'InstructionReranking', 'Any2AnyReranking', 'Any2AnyRetrieval', 'Any2AnyMultilingualRetrieval', 'VisionCentricQA', 'ImageClustering', 'ImageClassification', 'DocumentUnderstanding', 'VisualSTS(eng)', 'VisualSTS(multi)', 'ZeroShotClassification', 'Compositionality', 'AudioClustering', 'AudioMultilabelClassification', 'AudioReranking', 'AudioZeroshotClassification', 'AudioClassification', 'AudioPairClassification', 'VideoClassification', 'VideoClustering', 'VideoMultilabelClassification', 'VideoPairClassification', 'VideoZeroshotClassification', 'VideoCentricQA')], prompt types [['query', 'document']], and task names\n"}
,{"stream_name":"stderr","time":710.858824329,"data":"  resolved_prompts, invalid_prompts = AbsEncoder.validate_task_to_prompt_name(\n"}
,{"stream_name":"stderr","time":710.858834529,"data":"Task name Document is not valid. Valid keys are task types [('BitextMining', 'Classification', 'MultilabelClassification', 'Clustering', 'PairClassification', 'Regression', 'Reranking', 'Retrieval', 'STS', 'Summarization', 'InstructionRetrieval', 'InstructionReranking', 'Any2AnyReranking', 'Any2AnyRetrieval', 'Any2AnyMultilingualRetrieval', 'VisionCentricQA', 'ImageClustering', 'ImageClassification', 'DocumentUnderstanding', 'VisualSTS(eng)', 'VisualSTS(multi)', 'ZeroShotClassification', 'Compositionality', 'AudioClustering', 'AudioMultilabelClassification', 'AudioReranking', 'AudioZeroshotClassification', 'AudioClassification', 'AudioPairClassification', 'VideoClassification', 'VideoClustering', 'VideoMultilabelClassification', 'VideoPairClassification', 'VideoZeroshotClassification', 'VideoCentricQA')], prompt types [['query', 'document']], and task names\n"}
,{"stream_name":"stderr","time":710.858854309,"data":"\n"}
,{"stream_name":"stderr","time":710.858859164,"data":"/usr/local/lib/python3.13/dist-packages/mteb/models/sentence_transformer_wrapper.py:150: UserWarning: Task name CodeRetrieval is not valid. Valid keys are task types [('BitextMining', 'Classification', 'MultilabelClassification', 'Clustering', 'PairClassification', 'Regression', 'Reranking', 'Retrieval', 'STS', 'Summarization', 'InstructionRetrieval', 'InstructionReranking', 'Any2AnyReranking', 'Any2AnyRetrieval', 'Any2AnyMultilingualRetrieval', 'VisionCentricQA', 'ImageClustering', 'ImageClassification', 'DocumentUnderstanding', 'VisualSTS(eng)', 'VisualSTS(multi)', 'ZeroShotClassification', 'Compositionality', 'AudioClustering', 'AudioMultilabelClassification', 'AudioReranking', 'AudioZeroshotClassification', 'AudioClassification', 'AudioPairClassification', 'VideoClassification', 'VideoClustering', 'VideoMultilabelClassification', 'VideoPairClassification', 'VideoZeroshotClassification', 'VideoCentricQA')], prompt types [['query', 'document']], and task names\n"}
,{"stream_name":"stderr","time":710.858866304,"data":"  resolved_prompts, invalid_prompts = AbsEncoder.validate_task_to_prompt_name(\n"}
,{"stream_name":"stderr","time":710.858870461,"data":"Task name Document is not valid. Valid keys are task types [('BitextMining', 'Classification', 'MultilabelClassification', 'Clustering', 'PairClassification', 'Regression', 'Reranking', 'Retrieval', 'STS', 'Summarization', 'InstructionRetrieval', 'InstructionReranking', 'Any2AnyReranking', 'Any2AnyRetrieval', 'Any2AnyMultilingualRetrieval', 'VisionCentricQA', 'ImageClustering', 'ImageClassification', 'DocumentUnderstanding', 'VisualSTS(eng)', 'VisualSTS(multi)', 'ZeroShotClassification', 'Compositionality', 'AudioClustering', 'AudioMultilabelClassification', 'AudioReranking', 'AudioZeroshotClassification', 'AudioClassification', 'AudioPairClassification', 'VideoClassification', 'VideoClustering', 'VideoMultilabelClassification', 'VideoPairClassification', 'VideoZeroshotClassification', 'VideoCentricQA')], prompt types [['query', 'document']], and task names\n"}
,{"stream_name":"stderr","time":710.868880323,"data":"/usr/local/lib/python3.13/dist-packages/mteb/models/sentence_transformer_wrapper.py:150: UserWarning: Task name Document is not valid. Valid keys are task types [('BitextMining', 'Classification', 'MultilabelClassification', 'Clustering', 'PairClassification', 'Regression', 'Reranking', 'Retrieval', 'STS', 'Summarization', 'InstructionRetrieval', 'InstructionReranking', 'Any2AnyReranking', 'Any2AnyRetrieval', 'Any2AnyMultilingualRetrieval', 'VisionCentricQA', 'ImageClustering', 'ImageClassification', 'DocumentUnderstanding', 'VisualSTS(eng)', 'VisualSTS(multi)', 'ZeroShotClassification', 'Compositionality', 'AudioClustering', 'AudioMultilabelClassification', 'AudioReranking', 'AudioZeroshotClassification', 'AudioClassification', 'AudioPairClassification', 'VideoClassification', 'VideoClustering', 'VideoMultilabelClassification', 'VideoPairClassification', 'VideoZeroshotClassification', 'VideoCentricQA')], prompt types [['query', 'document']], and task names\n"}
,{"stream_name":"stderr","time":710.868916871,"data":"  resolved_prompts, invalid_prompts = AbsEncoder.validate_task_to_prompt_name(\n"}
,{"stream_name":"stderr","time":710.868921841,"data":"Task name FactChecking is not valid. Valid keys are task types [('BitextMining', 'Classification', 'MultilabelClassification', 'Clustering', 'PairClassification', 'Regression', 'Reranking', 'Retrieval', 'STS', 'Summarization', 'InstructionRetrieval', 'InstructionReranking', 'Any2AnyReranking', 'Any2AnyRetrieval', 'Any2AnyMultilingualRetrieval', 'VisionCentricQA', 'ImageClustering', 'ImageClassification', 'DocumentUnderstanding', 'VisualSTS(eng)', 'VisualSTS(multi)', 'ZeroShotClassification', 'Compositionality', 'AudioClustering', 'AudioMultilabelClassification', 'AudioReranking', 'AudioZeroshotClassification', 'AudioClassification', 'AudioPairClassification', 'VideoClassification', 'VideoClustering', 'VideoMultilabelClassification', 'VideoPairClassification', 'VideoZeroshotClassification', 'VideoCentricQA')], prompt types [['query', 'document']], and task names\n"}
,{"stream_name":"stderr","time":710.868928151,"data":"\n"}
,{"stream_name":"stderr","time":710.868932379,"data":"/usr/local/lib/python3.13/dist-packages/mteb/models/sentence_transformer_wrapper.py:150: UserWarning: Task name Document is not valid. Valid keys are task types [('BitextMining', 'Classification', 'MultilabelClassification', 'Clustering', 'PairClassification', 'Regression', 'Reranking', 'Retrieval', 'STS', 'Summarization', 'InstructionRetrieval', 'InstructionReranking', 'Any2AnyReranking', 'Any2AnyRetrieval', 'Any2AnyMultilingualRetrieval', 'VisionCentricQA', 'ImageClustering', 'ImageClassification', 'DocumentUnderstanding', 'VisualSTS(eng)', 'VisualSTS(multi)', 'ZeroShotClassification', 'Compositionality', 'AudioClustering', 'AudioMultilabelClassification', 'AudioReranking', 'AudioZeroshotClassification', 'AudioClassification', 'AudioPairClassification', 'VideoClassification', 'VideoClustering', 'VideoMultilabelClassification', 'VideoPairClassification', 'VideoZeroshotClassification', 'VideoCentricQA')], prompt types [['query', 'document']], and task names\n"}
,{"stream_name":"stderr","time":710.868938875,"data":"  resolved_prompts, invalid_prompts = AbsEncoder.validate_task_to_prompt_name(\n"}
,{"stream_name":"stderr","time":710.868942568,"data":"Task name FactChecking is not valid. Valid keys are task types [('BitextMining', 'Classification', 'MultilabelClassification', 'Clustering', 'PairClassification', 'Regression', 'Reranking', 'Retrieval', 'STS', 'Summarization', 'InstructionRetrieval', 'InstructionReranking', 'Any2AnyReranking', 'Any2AnyRetrieval', 'Any2AnyMultilingualRetrieval', 'VisionCentricQA', 'ImageClustering', 'ImageClassification', 'DocumentUnderstanding', 'VisualSTS(eng)', 'VisualSTS(multi)', 'ZeroShotClassification', 'Compositionality', 'AudioClustering', 'AudioMultilabelClassification', 'AudioReranking', 'AudioZeroshotClassification', 'AudioClassification', 'AudioPairClassification', 'VideoClassification', 'VideoClustering', 'VideoMultilabelClassification', 'VideoPairClassification', 'VideoZeroshotClassification', 'VideoCentricQA')], prompt types [['query', 'document']], and task names\n"}
,{"stream_name":"stderr","time":710.86977727,"data":"/usr/local/lib/python3.13/dist-packages/mteb/models/sentence_transformer_wrapper.py:150: UserWarning: Task name FactChecking is not valid. Valid keys are task types [('BitextMining', 'Classification', 'MultilabelClassification', 'Clustering', 'PairClassification', 'Regression', 'Reranking', 'Retrieval', 'STS', 'Summarization', 'InstructionRetrieval', 'InstructionReranking', 'Any2AnyReranking', 'Any2AnyRetrieval', 'Any2AnyMultilingualRetrieval', 'VisionCentricQA', 'ImageClustering', 'ImageClassification', 'DocumentUnderstanding', 'VisualSTS(eng)', 'VisualSTS(multi)', 'ZeroShotClassification', 'Compositionality', 'AudioClustering', 'AudioMultilabelClassification', 'AudioReranking', 'AudioZeroshotClassification', 'AudioClassification', 'AudioPairClassification', 'VideoClassification', 'VideoClustering', 'VideoMultilabelClassification', 'VideoPairClassification', 'VideoZeroshotClassification', 'VideoCentricQA')], prompt types [['query', 'document']], and task names\n"}
,{"stream_name":"stderr","time":710.869802915,"data":"  resolved_prompts, invalid_prompts = AbsEncoder.validate_task_to_prompt_name(\n"}
,{"stream_name":"stderr","time":710.869807114,"data":"Task name QuestionAnswering is not valid. Valid keys are task types [('BitextMining', 'Classification', 'MultilabelClassification', 'Clustering', 'PairClassification', 'Regression', 'Reranking', 'Retrieval', 'STS', 'Summarization', 'InstructionRetrieval', 'InstructionReranking', 'Any2AnyReranking', 'Any2AnyRetrieval', 'Any2AnyMultilingualRetrieval', 'VisionCentricQA', 'ImageClustering', 'ImageClassification', 'DocumentUnderstanding', 'VisualSTS(eng)', 'VisualSTS(multi)', 'ZeroShotClassification', 'Compositionality', 'AudioClustering', 'AudioMultilabelClassification', 'AudioReranking', 'AudioZeroshotClassification', 'AudioClassification', 'AudioPairClassification', 'VideoClassification', 'VideoClustering', 'VideoMultilabelClassification', 'VideoPairClassification', 'VideoZeroshotClassification', 'VideoCentricQA')], prompt types [['query', 'document']], and task names\n"}
,{"stream_name":"stderr","time":710.869813407,"data":"\n"}
,{"stream_name":"stderr","time":710.869817454,"data":"/usr/local/lib/python3.13/dist-packages/mteb/models/sentence_transformer_wrapper.py:150: UserWarning: Task name FactChecking is not valid. Valid keys are task types [('BitextMining', 'Classification', 'MultilabelClassification', 'Clustering', 'PairClassification', 'Regression', 'Reranking', 'Retrieval', 'STS', 'Summarization', 'InstructionRetrieval', 'InstructionReranking', 'Any2AnyReranking', 'Any2AnyRetrieval', 'Any2AnyMultilingualRetrieval', 'VisionCentricQA', 'ImageClustering', 'ImageClassification', 'DocumentUnderstanding', 'VisualSTS(eng)', 'VisualSTS(multi)', 'ZeroShotClassification', 'Compositionality', 'AudioClustering', 'AudioMultilabelClassification', 'AudioReranking', 'AudioZeroshotClassification', 'AudioClassification', 'AudioPairClassification', 'VideoClassification', 'VideoClustering', 'VideoMultilabelClassification', 'VideoPairClassification', 'VideoZeroshotClassification', 'VideoCentricQA')], prompt types [['query', 'document']], and task names\n"}
,{"stream_name":"stderr","time":710.869835717,"data":"  resolved_prompts, invalid_prompts = AbsEncoder.validate_task_to_prompt_name(\n"}
,{"stream_name":"stderr","time":710.869839408,"data":"Task name QuestionAnswering is not valid. Valid keys are task types [('BitextMining', 'Classification', 'MultilabelClassification', 'Clustering', 'PairClassification', 'Regression', 'Reranking', 'Retrieval', 'STS', 'Summarization', 'InstructionRetrieval', 'InstructionReranking', 'Any2AnyReranking', 'Any2AnyRetrieval', 'Any2AnyMultilingualRetrieval', 'VisionCentricQA', 'ImageClustering', 'ImageClassification', 'DocumentUnderstanding', 'VisualSTS(eng)', 'VisualSTS(multi)', 'ZeroShotClassification', 'Compositionality', 'AudioClustering', 'AudioMultilabelClassification', 'AudioReranking', 'AudioZeroshotClassification', 'AudioClassification', 'AudioPairClassification', 'VideoClassification', 'VideoClustering', 'VideoMultilabelClassification', 'VideoPairClassification', 'VideoZeroshotClassification', 'VideoCentricQA')], prompt types [['query', 'document']], and task names\n"}
,{"stream_name":"stderr","time":710.880922251,"data":"/usr/local/lib/python3.13/dist-packages/mteb/models/sentence_transformer_wrapper.py:150: UserWarning: Task name QuestionAnswering is not valid. Valid keys are task types [('BitextMining', 'Classification', 'MultilabelClassification', 'Clustering', 'PairClassification', 'Regression', 'Reranking', 'Retrieval', 'STS', 'Summarization', 'InstructionRetrieval', 'InstructionReranking', 'Any2AnyReranking', 'Any2AnyRetrieval', 'Any2AnyMultilingualRetrieval', 'VisionCentricQA', 'ImageClustering', 'ImageClassification', 'DocumentUnderstanding', 'VisualSTS(eng)', 'VisualSTS(multi)', 'ZeroShotClassification', 'Compositionality', 'AudioClustering', 'AudioMultilabelClassification', 'AudioReranking', 'AudioZeroshotClassification', 'AudioClassification', 'AudioPairClassification', 'VideoClassification', 'VideoClustering', 'VideoMultilabelClassification', 'VideoPairClassification', 'VideoZeroshotClassification', 'VideoCentricQA')], prompt types [['query', 'document']], and task names\n"}
,{"stream_name":"stderr","time":710.880954532,"data":"  resolved_prompts, invalid_prompts = AbsEncoder.validate_task_to_prompt_name(\n"}
,{"stream_name":"stderr","time":710.880959116,"data":"Task name SearchQuery is not valid. Valid keys are task types [('BitextMining', 'Classification', 'MultilabelClassification', 'Clustering', 'PairClassification', 'Regression', 'Reranking', 'Retrieval', 'STS', 'Summarization', 'InstructionRetrieval', 'InstructionReranking', 'Any2AnyReranking', 'Any2AnyRetrieval', 'Any2AnyMultilingualRetrieval', 'VisionCentricQA', 'ImageClustering', 'ImageClassification', 'DocumentUnderstanding', 'VisualSTS(eng)', 'VisualSTS(multi)', 'ZeroShotClassification', 'Compositionality', 'AudioClustering', 'AudioMultilabelClassification', 'AudioReranking', 'AudioZeroshotClassification', 'AudioClassification', 'AudioPairClassification', 'VideoClassification', 'VideoClustering', 'VideoMultilabelClassification', 'VideoPairClassification', 'VideoZeroshotClassification', 'VideoCentricQA')], prompt types [['query', 'document']], and task names\n"}
,{"stream_name":"stderr","time":710.880965286,"data":"\n"}
,{"stream_name":"stderr","time":710.880969569,"data":"/usr/local/lib/python3.13/dist-packages/mteb/models/sentence_transformer_wrapper.py:150: UserWarning: Task name QuestionAnswering is not valid. Valid keys are task types [('BitextMining', 'Classification', 'MultilabelClassification', 'Clustering', 'PairClassification', 'Regression', 'Reranking', 'Retrieval', 'STS', 'Summarization', 'InstructionRetrieval', 'InstructionReranking', 'Any2AnyReranking', 'Any2AnyRetrieval', 'Any2AnyMultilingualRetrieval', 'VisionCentricQA', 'ImageClustering', 'ImageClassification', 'DocumentUnderstanding', 'VisualSTS(eng)', 'VisualSTS(multi)', 'ZeroShotClassification', 'Compositionality', 'AudioClustering', 'AudioMultilabelClassification', 'AudioReranking', 'AudioZeroshotClassification', 'AudioClassification', 'AudioPairClassification', 'VideoClassification', 'VideoClustering', 'VideoMultilabelClassification', 'VideoPairClassification', 'VideoZeroshotClassification', 'VideoCentricQA')], prompt types [['query', 'document']], and task names\n"}
,{"stream_name":"stderr","time":710.880976111,"data":"  resolved_prompts, invalid_prompts = AbsEncoder.validate_task_to_prompt_name(\n"}
,{"stream_name":"stderr","time":710.880979808,"data":"Task name SearchQuery is not valid. Valid keys are task types [('BitextMining', 'Classification', 'MultilabelClassification', 'Clustering', 'PairClassification', 'Regression', 'Reranking', 'Retrieval', 'STS', 'Summarization', 'InstructionRetrieval', 'InstructionReranking', 'Any2AnyReranking', 'Any2AnyRetrieval', 'Any2AnyMultilingualRetrieval', 'VisionCentricQA', 'ImageClustering', 'ImageClassification', 'DocumentUnderstanding', 'VisualSTS(eng)', 'VisualSTS(multi)', 'ZeroShotClassification', 'Compositionality', 'AudioClustering', 'AudioMultilabelClassification', 'AudioReranking', 'AudioZeroshotClassification', 'AudioClassification', 'AudioPairClassification', 'VideoClassification', 'VideoClustering', 'VideoMultilabelClassification', 'VideoPairClassification', 'VideoZeroshotClassification', 'VideoCentricQA')], prompt types [['query', 'document']], and task names\n"}
,{"stream_name":"stderr","time":710.89039422,"data":"/usr/local/lib/python3.13/dist-packages/mteb/models/sentence_transformer_wrapper.py:150: UserWarning: Task name SearchQuery is not valid. Valid keys are task types [('BitextMining', 'Classification', 'MultilabelClassification', 'Clustering', 'PairClassification', 'Regression', 'Reranking', 'Retrieval', 'STS', 'Summarization', 'InstructionRetrieval', 'InstructionReranking', 'Any2AnyReranking', 'Any2AnyRetrieval', 'Any2AnyMultilingualRetrieval', 'VisionCentricQA', 'ImageClustering', 'ImageClassification', 'DocumentUnderstanding', 'VisualSTS(eng)', 'VisualSTS(multi)', 'ZeroShotClassification', 'Compositionality', 'AudioClustering', 'AudioMultilabelClassification', 'AudioReranking', 'AudioZeroshotClassification', 'AudioClassification', 'AudioPairClassification', 'VideoClassification', 'VideoClustering', 'VideoMultilabelClassification', 'VideoPairClassification', 'VideoZeroshotClassification', 'VideoCentricQA')], prompt types [['query', 'document']], and task names\n"}
,{"stream_name":"stderr","time":710.890414938,"data":"  resolved_prompts, invalid_prompts = AbsEncoder.validate_task_to_prompt_name(\n"}
,{"stream_name":"stderr","time":710.890418866,"data":"Task name SentenceSimilarity is not valid. Valid keys are task types [('BitextMining', 'Classification', 'MultilabelClassification', 'Clustering', 'PairClassification', 'Regression', 'Reranking', 'Retrieval', 'STS', 'Summarization', 'InstructionRetrieval', 'InstructionReranking', 'Any2AnyReranking', 'Any2AnyRetrieval', 'Any2AnyMultilingualRetrieval', 'VisionCentricQA', 'ImageClustering', 'ImageClassification', 'DocumentUnderstanding', 'VisualSTS(eng)', 'VisualSTS(multi)', 'ZeroShotClassification', 'Compositionality', 'AudioClustering', 'AudioMultilabelClassification', 'AudioReranking', 'AudioZeroshotClassification', 'AudioClassification', 'AudioPairClassification', 'VideoClassification', 'VideoClustering', 'VideoMultilabelClassification', 'VideoPairClassification', 'VideoZeroshotClassification', 'VideoCentricQA')], prompt types [['query', 'document']], and task names\n"}
,{"stream_name":"stderr","time":710.890424359,"data":"\n"}
,{"stream_name":"stderr","time":710.890428276,"data":"/usr/local/lib/python3.13/dist-packages/mteb/models/sentence_transformer_wrapper.py:150: UserWarning: Task name SearchQuery is not valid. Valid keys are task types [('BitextMining', 'Classification', 'MultilabelClassification', 'Clustering', 'PairClassification', 'Regression', 'Reranking', 'Retrieval', 'STS', 'Summarization', 'InstructionRetrieval', 'InstructionReranking', 'Any2AnyReranking', 'Any2AnyRetrieval', 'Any2AnyMultilingualRetrieval', 'VisionCentricQA', 'ImageClustering', 'ImageClassification', 'DocumentUnderstanding', 'VisualSTS(eng)', 'VisualSTS(multi)', 'ZeroShotClassification', 'Compositionality', 'AudioClustering', 'AudioMultilabelClassification', 'AudioReranking', 'AudioZeroshotClassification', 'AudioClassification', 'AudioPairClassification', 'VideoClassification', 'VideoClustering', 'VideoMultilabelClassification', 'VideoPairClassification', 'VideoZeroshotClassification', 'VideoCentricQA')], prompt types [['query', 'document']], and task names\n"}
,{"stream_name":"stderr","time":710.890434218,"data":"  resolved_prompts, invalid_prompts = AbsEncoder.validate_task_to_prompt_name(\n"}
,{"stream_name":"stderr","time":710.890437639,"data":"Task name SentenceSimilarity is not valid. Valid keys are task types [('BitextMining', 'Classification', 'MultilabelClassification', 'Clustering', 'PairClassification', 'Regression', 'Reranking', 'Retrieval', 'STS', 'Summarization', 'InstructionRetrieval', 'InstructionReranking', 'Any2AnyReranking', 'Any2AnyRetrieval', 'Any2AnyMultilingualRetrieval', 'VisionCentricQA', 'ImageClustering', 'ImageClassification', 'DocumentUnderstanding', 'VisualSTS(eng)', 'VisualSTS(multi)', 'ZeroShotClassification', 'Compositionality', 'AudioClustering', 'AudioMultilabelClassification', 'AudioReranking', 'AudioZeroshotClassification', 'AudioClassification', 'AudioPairClassification', 'VideoClassification', 'VideoClustering', 'VideoMultilabelClassification', 'VideoPairClassification', 'VideoZeroshotClassification', 'VideoCentricQA')], prompt types [['query', 'document']], and task names\n"}
,{"stream_name":"stderr","time":710.891364317,"data":"/usr/local/lib/python3.13/dist-packages/mteb/models/sentence_transformer_wrapper.py:150: UserWarning: Task name SentenceSimilarity is not valid. Valid keys are task types [('BitextMining', 'Classification', 'MultilabelClassification', 'Clustering', 'PairClassification', 'Regression', 'Reranking', 'Retrieval', 'STS', 'Summarization', 'InstructionRetrieval', 'InstructionReranking', 'Any2AnyReranking', 'Any2AnyRetrieval', 'Any2AnyMultilingualRetrieval', 'VisionCentricQA', 'ImageClustering', 'ImageClassification', 'DocumentUnderstanding', 'VisualSTS(eng)', 'VisualSTS(multi)', 'ZeroShotClassification', 'Compositionality', 'AudioClustering', 'AudioMultilabelClassification', 'AudioReranking', 'AudioZeroshotClassification', 'AudioClassification', 'AudioPairClassification', 'VideoClassification', 'VideoClustering', 'VideoMultilabelClassification', 'VideoPairClassification', 'VideoZeroshotClassification', 'VideoCentricQA')], prompt types [['query', 'document']], and task names\n"}
,{"stream_name":"stderr","time":710.891382419,"data":"  resolved_prompts, invalid_prompts = AbsEncoder.validate_task_to_prompt_name(\n"}
,{"stream_name":"stderr","time":710.891385826,"data":"Some prompts are not in the expected format and will be ignored. Problems:\n"}
,{"stream_name":"stderr","time":710.891389544,"data":"\n"}
,{"stream_name":"stderr","time":710.891392809,"data":"Task name CodeRetrieval is not valid. Valid keys are task types [('BitextMining', 'Classification', 'MultilabelClassification', 'Clustering', 'PairClassification', 'Regression', 'Reranking', 'Retrieval', 'STS', 'Summarization', 'InstructionRetrieval', 'InstructionReranking', 'Any2AnyReranking', 'Any2AnyRetrieval', 'Any2AnyMultilingualRetrieval', 'VisionCentricQA', 'ImageClustering', 'ImageClassification', 'DocumentUnderstanding', 'VisualSTS(eng)', 'VisualSTS(multi)', 'ZeroShotClassification', 'Compositionality', 'AudioClustering', 'AudioMultilabelClassification', 'AudioReranking', 'AudioZeroshotClassification', 'AudioClassification', 'AudioPairClassification', 'VideoClassification', 'VideoClustering', 'VideoMultilabelClassification', 'VideoPairClassification', 'VideoZeroshotClassification', 'VideoCentricQA')], prompt types [['query', 'document']], and task names\n"}
,{"stream_name":"stderr","time":710.891399134,"data":"Task name Document is not valid. Valid keys are task types [('BitextMining', 'Classification', 'MultilabelClassification', 'Clustering', 'PairClassification', 'Regression', 'Reranking', 'Retrieval', 'STS', 'Summarization', 'InstructionRetrieval', 'InstructionReranking', 'Any2AnyReranking', 'Any2AnyRetrieval', 'Any2AnyMultilingualRetrieval', 'VisionCentricQA', 'ImageClustering', 'ImageClassification', 'DocumentUnderstanding', 'VisualSTS(eng)', 'VisualSTS(multi)', 'ZeroShotClassification', 'Compositionality', 'AudioClustering', 'AudioMultilabelClassification', 'AudioReranking', 'AudioZeroshotClassification', 'AudioClassification', 'AudioPairClassification', 'VideoClassification', 'VideoClustering', 'VideoMultilabelClassification', 'VideoPairClassification', 'VideoZeroshotClassification', 'VideoCentricQA')], prompt types [['query', 'document']], and task names\n"}
,{"stream_name":"stderr","time":710.89140452,"data":"Task name FactChecking is not valid. Valid keys are task types [('BitextMining', 'Classification', 'MultilabelClassification', 'Clustering', 'PairClassification', 'Regression', 'Reranking', 'Retrieval', 'STS', 'Summarization', 'InstructionRetrieval', 'InstructionReranking', 'Any2AnyReranking', 'Any2AnyRetrieval', 'Any2AnyMultilingualRetrieval', 'VisionCentricQA', 'ImageClustering', 'ImageClassification', 'DocumentUnderstanding', 'VisualSTS(eng)', 'VisualSTS(multi)', 'ZeroShotClassification', 'Compositionality', 'AudioClustering', 'AudioMultilabelClassification', 'AudioReranking', 'AudioZeroshotClassification', 'AudioClassification', 'AudioPairClassification', 'VideoClassification', 'VideoClustering', 'VideoMultilabelClassification', 'VideoPairClassification', 'VideoZeroshotClassification', 'VideoCentricQA')], prompt types [['query', 'document']], and task names\n"}
,{"stream_name":"stderr","time":710.891417091,"data":"Task name SearchQuery is not valid. Valid keys are task types [('BitextMining', 'Classification', 'MultilabelClassification', 'Clustering', 'PairClassification', 'Regression', 'Reranking', 'Retrieval', 'STS', 'Summarization', 'InstructionRetrieval', 'InstructionReranking', 'Any2AnyReranking', 'Any2AnyRetrieval', 'Any2AnyMultilingualRetrieval', 'VisionCentricQA', 'ImageClustering', 'ImageClassification', 'DocumentUnderstanding', 'VisualSTS(eng)', 'VisualSTS(multi)', 'ZeroShotClassification', 'Compositionality', 'AudioClustering', 'AudioMultilabelClassification', 'AudioReranking', 'AudioZeroshotClassification', 'AudioClassification', 'AudioPairClassification', 'VideoClassification', 'VideoClustering', 'VideoMultilabelClassification', 'VideoPairClassification', 'VideoZeroshotClassification', 'VideoCentricQA')], prompt types [['query', 'document']], and task names\n"}
,{"stream_name":"stderr","time":710.89142264,"data":"Task name SentenceSimilarity is not valid. Valid keys are task types [('BitextMining', 'Classification', 'MultilabelClassification', 'Clustering', 'PairClassification', 'Regression', 'Reranking', 'Retrieval', 'STS', 'Summarization', 'InstructionRetrieval', 'InstructionReranking', 'Any2AnyReranking', 'Any2AnyRetrieval', 'Any2AnyMultilingualRetrieval', 'VisionCentricQA', 'ImageClustering', 'ImageClassification', 'DocumentUnderstanding', 'VisualSTS(eng)', 'VisualSTS(multi)', 'ZeroShotClassification', 'Compositionality', 'AudioClustering', 'AudioMultilabelClassification', 'AudioReranking', 'AudioZeroshotClassification', 'AudioClassification', 'AudioPairClassification', 'VideoClassification', 'VideoClustering', 'VideoMultilabelClassification', 'VideoPairClassification', 'VideoZeroshotClassification', 'VideoCentricQA')], prompt types [['query', 'document']], and task names\n"}
,{"stream_name":"stderr","time":710.891428206,"data":"Task name QuestionAnswering is not valid. Valid keys are task types [('BitextMining', 'Classification', 'MultilabelClassification', 'Clustering', 'PairClassification', 'Regression', 'Reranking', 'Retrieval', 'STS', 'Summarization', 'InstructionRetrieval', 'InstructionReranking', 'Any2AnyReranking', 'Any2AnyRetrieval', 'Any2AnyMultilingualRetrieval', 'VisionCentricQA', 'ImageClustering', 'ImageClassification', 'DocumentUnderstanding', 'VisualSTS(eng)', 'VisualSTS(multi)', 'ZeroShotClassification', 'Compositionality', 'AudioClustering', 'AudioMultilabelClassification', 'AudioReranking', 'AudioZeroshotClassification', 'AudioClassification', 'AudioPairClassification', 'VideoClassification', 'VideoClustering', 'VideoMultilabelClassification', 'VideoPairClassification', 'VideoZeroshotClassification', 'VideoCentricQA')], prompt types [['query', 'document']], and task names\n"}
,{"stream_name":"stderr","time":710.891433418,"data":"\n"}
,{"stream_name":"stderr","time":710.891436657,"data":"/usr/local/lib/python3.13/dist-packages/mteb/models/sentence_transformer_wrapper.py:150: UserWarning: Task name SentenceSimilarity is not valid. Valid keys are task types [('BitextMining', 'Classification', 'MultilabelClassification', 'Clustering', 'PairClassification', 'Regression', 'Reranking', 'Retrieval', 'STS', 'Summarization', 'InstructionRetrieval', 'InstructionReranking', 'Any2AnyReranking', 'Any2AnyRetrieval', 'Any2AnyMultilingualRetrieval', 'VisionCentricQA', 'ImageClustering', 'ImageClassification', 'DocumentUnderstanding', 'VisualSTS(eng)', 'VisualSTS(multi)', 'ZeroShotClassification', 'Compositionality', 'AudioClustering', 'AudioMultilabelClassification', 'AudioReranking', 'AudioZeroshotClassification', 'AudioClassification', 'AudioPairClassification', 'VideoClassification', 'VideoClustering', 'VideoMultilabelClassification', 'VideoPairClassification', 'VideoZeroshotClassification', 'VideoCentricQA')], prompt types [['query', 'document']], and task names\n"}
,{"stream_name":"stderr","time":710.891444916,"data":"  resolved_prompts, invalid_prompts = AbsEncoder.validate_task_to_prompt_name(\n"}
,{"stream_name":"stderr","time":710.891448502,"data":"Some prompts are not in the expected format and will be ignored. Problems:\n"}
,{"stream_name":"stderr","time":710.89145179,"data":"\n"}
,{"stream_name":"stderr","time":710.891455044,"data":"Task name CodeRetrieval is not valid. Valid keys are task types [('BitextMining', 'Classification', 'MultilabelClassification', 'Clustering', 'PairClassification', 'Regression', 'Reranking', 'Retrieval', 'STS', 'Summarization', 'InstructionRetrieval', 'InstructionReranking', 'Any2AnyReranking', 'Any2AnyRetrieval', 'Any2AnyMultilingualRetrieval', 'VisionCentricQA', 'ImageClustering', 'ImageClassification', 'DocumentUnderstanding', 'VisualSTS(eng)', 'VisualSTS(multi)', 'ZeroShotClassification', 'Compositionality', 'AudioClustering', 'AudioMultilabelClassification', 'AudioReranking', 'AudioZeroshotClassification', 'AudioClassification', 'AudioPairClassification', 'VideoClassification', 'VideoClustering', 'VideoMultilabelClassification', 'VideoPairClassification', 'VideoZeroshotClassification', 'VideoCentricQA')], prompt types [['query', 'document']], and task names\n"}
,{"stream_name":"stderr","time":710.891461682,"data":"Task name Document is not valid. Valid keys are task types [('BitextMining', 'Classification', 'MultilabelClassification', 'Clustering', 'PairClassification', 'Regression', 'Reranking', 'Retrieval', 'STS', 'Summarization', 'InstructionRetrieval', 'InstructionReranking', 'Any2AnyReranking', 'Any2AnyRetrieval', 'Any2AnyMultilingualRetrieval', 'VisionCentricQA', 'ImageClustering', 'ImageClassification', 'DocumentUnderstanding', 'VisualSTS(eng)', 'VisualSTS(multi)', 'ZeroShotClassification', 'Compositionality', 'AudioClustering', 'AudioMultilabelClassification', 'AudioReranking', 'AudioZeroshotClassification', 'AudioClassification', 'AudioPairClassification', 'VideoClassification', 'VideoClustering', 'VideoMultilabelClassification', 'VideoPairClassification', 'VideoZeroshotClassification', 'VideoCentricQA')], prompt types [['query', 'document']], and task names\n"}
,{"stream_name":"stderr","time":710.891467146,"data":"Task name FactChecking is not valid. Valid keys are task types [('BitextMining', 'Classification', 'MultilabelClassification', 'Clustering', 'PairClassification', 'Regression', 'Reranking', 'Retrieval', 'STS', 'Summarization', 'InstructionRetrieval', 'InstructionReranking', 'Any2AnyReranking', 'Any2AnyRetrieval', 'Any2AnyMultilingualRetrieval', 'VisionCentricQA', 'ImageClustering', 'ImageClassification', 'DocumentUnderstanding', 'VisualSTS(eng)', 'VisualSTS(multi)', 'ZeroShotClassification', 'Compositionality', 'AudioClustering', 'AudioMultilabelClassification', 'AudioReranking', 'AudioZeroshotClassification', 'AudioClassification', 'AudioPairClassification', 'VideoClassification', 'VideoClustering', 'VideoMultilabelClassification', 'VideoPairClassification', 'VideoZeroshotClassification', 'VideoCentricQA')], prompt types [['query', 'document']], and task names\n"}
,{"stream_name":"stderr","time":710.891472983,"data":"Task name SearchQuery is not valid. Valid keys are task types [('BitextMining', 'Classification', 'MultilabelClassification', 'Clustering', 'PairClassification', 'Regression', 'Reranking', 'Retrieval', 'STS', 'Summarization', 'InstructionRetrieval', 'InstructionReranking', 'Any2AnyReranking', 'Any2AnyRetrieval', 'Any2AnyMultilingualRetrieval', 'VisionCentricQA', 'ImageClustering', 'ImageClassification', 'DocumentUnderstanding', 'VisualSTS(eng)', 'VisualSTS(multi)', 'ZeroShotClassification', 'Compositionality', 'AudioClustering', 'AudioMultilabelClassification', 'AudioReranking', 'AudioZeroshotClassification', 'AudioClassification', 'AudioPairClassification', 'VideoClassification', 'VideoClustering', 'VideoMultilabelClassification', 'VideoPairClassification', 'VideoZeroshotClassification', 'VideoCentricQA')], prompt types [['query', 'document']], and task names\n"}
,{"stream_name":"stderr","time":710.891481171,"data":"Task name SentenceSimilarity is not valid. Valid keys are task types [('BitextMining', 'Classification', 'MultilabelClassification', 'Clustering', 'PairClassification', 'Regression', 'Reranking', 'Retrieval', 'STS', 'Summarization', 'InstructionRetrieval', 'InstructionReranking', 'Any2AnyReranking', 'Any2AnyRetrieval', 'Any2AnyMultilingualRetrieval', 'VisionCentricQA', 'ImageClustering', 'ImageClassification', 'DocumentUnderstanding', 'VisualSTS(eng)', 'VisualSTS(multi)', 'ZeroShotClassification', 'Compositionality', 'AudioClustering', 'AudioMultilabelClassification', 'AudioReranking', 'AudioZeroshotClassification', 'AudioClassification', 'AudioPairClassification', 'VideoClassification', 'VideoClustering', 'VideoMultilabelClassification', 'VideoPairClassification', 'VideoZeroshotClassification', 'VideoCentricQA')], prompt types [['query', 'document']], and task names\n"}
,{"stream_name":"stderr","time":710.891486951,"data":"Task name QuestionAnswering is not valid. Valid keys are task types [('BitextMining', 'Classification', 'MultilabelClassification', 'Clustering', 'PairClassification', 'Regression', 'Reranking', 'Retrieval', 'STS', 'Summarization', 'InstructionRetrieval', 'InstructionReranking', 'Any2AnyReranking', 'Any2AnyRetrieval', 'Any2AnyMultilingualRetrieval', 'VisionCentricQA', 'ImageClustering', 'ImageClassification', 'DocumentUnderstanding', 'VisualSTS(eng)', 'VisualSTS(multi)', 'ZeroShotClassification', 'Compositionality', 'AudioClustering', 'AudioMultilabelClassification', 'AudioReranking', 'AudioZeroshotClassification', 'AudioClassification', 'AudioPairClassification', 'VideoClassification', 'VideoClustering', 'VideoMultilabelClassification', 'VideoPairClassification', 'VideoZeroshotClassification', 'VideoCentricQA')], prompt types [['query', 'document']], and task names\n"}
,{"stream_name":"stderr","time":710.910961024,"data":"/usr/local/lib/python3.13/dist-packages/mteb/models/sentence_transformer_wrapper.py:430: UserWarning: Some prompts are not in the expected format and will be ignored. Problems:\n"}
,{"stream_name":"stderr","time":710.910993601,"data":"\n"}
,{"stream_name":"stderr","time":710.91099707,"data":"Task name CodeRetrieval is not valid. Valid keys are task types [('BitextMining', 'Classification', 'MultilabelClassification', 'Clustering', 'PairClassification', 'Regression', 'Reranking', 'Retrieval', 'STS', 'Summarization', 'InstructionRetrieval', 'InstructionReranking', 'Any2AnyReranking', 'Any2AnyRetrieval', 'Any2AnyMultilingualRetrieval', 'VisionCentricQA', 'ImageClustering', 'ImageClassification', 'DocumentUnderstanding', 'VisualSTS(eng)', 'VisualSTS(multi)', 'ZeroShotClassification', 'Compositionality', 'AudioClustering', 'AudioMultilabelClassification', 'AudioReranking', 'AudioZeroshotClassification', 'AudioClassification', 'AudioPairClassification', 'VideoClassification', 'VideoClustering', 'VideoMultilabelClassification', 'VideoPairClassification', 'VideoZeroshotClassification', 'VideoCentricQA')], prompt types [['query', 'document']], and task names\n"}
,{"stream_name":"stderr","time":710.911001153,"data":"Task name Document is not valid. Valid keys are task types [('BitextMining', 'Classification', 'MultilabelClassification', 'Clustering', 'PairClassification', 'Regression', 'Reranking', 'Retrieval', 'STS', 'Summarization', 'InstructionRetrieval', 'InstructionReranking', 'Any2AnyReranking', 'Any2AnyRetrieval', 'Any2AnyMultilingualRetrieval', 'VisionCentricQA', 'ImageClustering', 'ImageClassification', 'DocumentUnderstanding', 'VisualSTS(eng)', 'VisualSTS(multi)', 'ZeroShotClassification', 'Compositionality', 'AudioClustering', 'AudioMultilabelClassification', 'AudioReranking', 'AudioZeroshotClassification', 'AudioClassification', 'AudioPairClassification', 'VideoClassification', 'VideoClustering', 'VideoMultilabelClassification', 'VideoPairClassification', 'VideoZeroshotClassification', 'VideoCentricQA')], prompt types [['query', 'document']], and task names\n"}
,{"stream_name":"stderr","time":710.911014697,"data":"Task name FactChecking is not valid. Valid keys are task types [('BitextMining', 'Classification', 'MultilabelClassification', 'Clustering', 'PairClassification', 'Regression', 'Reranking', 'Retrieval', 'STS', 'Summarization', 'InstructionRetrieval', 'InstructionReranking', 'Any2AnyReranking', 'Any2AnyRetrieval', 'Any2AnyMultilingualRetrieval', 'VisionCentricQA', 'ImageClustering', 'ImageClassification', 'DocumentUnderstanding', 'VisualSTS(eng)', 'VisualSTS(multi)', 'ZeroShotClassification', 'Compositionality', 'AudioClustering', 'AudioMultilabelClassification', 'AudioReranking', 'AudioZeroshotClassification', 'AudioClassification', 'AudioPairClassification', 'VideoClassification', 'VideoClustering', 'VideoMultilabelClassification', 'VideoPairClassification', 'VideoZeroshotClassification', 'VideoCentricQA')], prompt types [['query', 'document']], and task names\n"}
,{"stream_name":"stderr","time":710.91103256,"data":"Task name SearchQuery is not valid. Valid keys are task types [('BitextMining', 'Classification', 'MultilabelClassification', 'Clustering', 'PairClassification', 'Regression', 'Reranking', 'Retrieval', 'STS', 'Summarization', 'InstructionRetrieval', 'InstructionReranking', 'Any2AnyReranking', 'Any2AnyRetrieval', 'Any2AnyMultilingualRetrieval', 'VisionCentricQA', 'ImageClustering', 'ImageClassification', 'DocumentUnderstanding', 'VisualSTS(eng)', 'VisualSTS(multi)', 'ZeroShotClassification', 'Compositionality', 'AudioClustering', 'AudioMultilabelClassification', 'AudioReranking', 'AudioZeroshotClassification', 'AudioClassification', 'AudioPairClassification', 'VideoClassification', 'VideoClustering', 'VideoMultilabelClassification', 'VideoPairClassification', 'VideoZeroshotClassification', 'VideoCentricQA')], prompt types [['query', 'document']], and task names\n"}
,{"stream_name":"stderr","time":710.911039425,"data":"Task name SentenceSimilarity is not valid. Valid keys are task types [('BitextMining', 'Classification', 'MultilabelClassification', 'Clustering', 'PairClassification', 'Regression', 'Reranking', 'Retrieval', 'STS', 'Summarization', 'InstructionRetrieval', 'InstructionReranking', 'Any2AnyReranking', 'Any2AnyRetrieval', 'Any2AnyMultilingualRetrieval', 'VisionCentricQA', 'ImageClustering', 'ImageClassification', 'DocumentUnderstanding', 'VisualSTS(eng)', 'VisualSTS(multi)', 'ZeroShotClassification', 'Compositionality', 'AudioClustering', 'AudioMultilabelClassification', 'AudioReranking', 'AudioZeroshotClassification', 'AudioClassification', 'AudioPairClassification', 'VideoClassification', 'VideoClustering', 'VideoMultilabelClassification', 'VideoPairClassification', 'VideoZeroshotClassification', 'VideoCentricQA')], prompt types [['query', 'document']], and task names\n"}
,{"stream_name":"stderr","time":710.911045735,"data":"Task name QuestionAnswering is not valid. Valid keys are task types [('BitextMining', 'Classification', 'MultilabelClassification', 'Clustering', 'PairClassification', 'Regression', 'Reranking', 'Retrieval', 'STS', 'Summarization', 'InstructionRetrieval', 'InstructionReranking', 'Any2AnyReranking', 'Any2AnyRetrieval', 'Any2AnyMultilingualRetrieval', 'VisionCentricQA', 'ImageClustering', 'ImageClassification', 'DocumentUnderstanding', 'VisualSTS(eng)', 'VisualSTS(multi)', 'ZeroShotClassification', 'Compositionality', 'AudioClustering', 'AudioMultilabelClassification', 'AudioReranking', 'AudioZeroshotClassification', 'AudioClassification', 'AudioPairClassification', 'VideoClassification', 'VideoClustering', 'VideoMultilabelClassification', 'VideoPairClassification', 'VideoZeroshotClassification', 'VideoCentricQA')], prompt types [['query', 'document']], and task names\n"}
,{"stream_name":"stderr","time":710.911055761,"data":"  self.model_prompts = _resolve_model_prompts(self.model, model_prompts)\n"}
,{"stream_name":"stderr","time":710.911059338,"data":"\n"}
,{"stream_name":"stderr","time":710.911062559,"data":"/usr/local/lib/python3.13/dist-packages/mteb/models/sentence_transformer_wrapper.py:430: UserWarning: Some prompts are not in the expected format and will be ignored. Problems:\n"}
,{"stream_name":"stderr","time":710.911066216,"data":"\n"}
,{"stream_name":"stderr","time":710.911070306,"data":"Task name CodeRetrieval is not valid. Valid keys are task types [('BitextMining', 'Classification', 'MultilabelClassification', 'Clustering', 'PairClassification', 'Regression', 'Reranking', 'Retrieval', 'STS', 'Summarization', 'InstructionRetrieval', 'InstructionReranking', 'Any2AnyReranking', 'Any2AnyRetrieval', 'Any2AnyMultilingualRetrieval', 'VisionCentricQA', 'ImageClustering', 'ImageClassification', 'DocumentUnderstanding', 'VisualSTS(eng)', 'VisualSTS(multi)', 'ZeroShotClassification', 'Compositionality', 'AudioClustering', 'AudioMultilabelClassification', 'AudioReranking', 'AudioZeroshotClassification', 'AudioClassification', 'AudioPairClassification', 'VideoClassification', 'VideoClustering', 'VideoMultilabelClassification', 'VideoPairClassification', 'VideoZeroshotClassification', 'VideoCentricQA')], prompt types [['query', 'document']], and task names\n"}
,{"stream_name":"stderr","time":710.911076203,"data":"Task name Document is not valid. Valid keys are task types [('BitextMining', 'Classification', 'MultilabelClassification', 'Clustering', 'PairClassification', 'Regression', 'Reranking', 'Retrieval', 'STS', 'Summarization', 'InstructionRetrieval', 'InstructionReranking', 'Any2AnyReranking', 'Any2AnyRetrieval', 'Any2AnyMultilingualRetrieval', 'VisionCentricQA', 'ImageClustering', 'ImageClassification', 'DocumentUnderstanding', 'VisualSTS(eng)', 'VisualSTS(multi)', 'ZeroShotClassification', 'Compositionality', 'AudioClustering', 'AudioMultilabelClassification', 'AudioReranking', 'AudioZeroshotClassification', 'AudioClassification', 'AudioPairClassification', 'VideoClassification', 'VideoClustering', 'VideoMultilabelClassification', 'VideoPairClassification', 'VideoZeroshotClassification', 'VideoCentricQA')], prompt types [['query', 'document']], and task names\n"}
,{"stream_name":"stderr","time":710.911082356,"data":"Task name FactChecking is not valid. Valid keys are task types [('BitextMining', 'Classification', 'MultilabelClassification', 'Clustering', 'PairClassification', 'Regression', 'Reranking', 'Retrieval', 'STS', 'Summarization', 'InstructionRetrieval', 'InstructionReranking', 'Any2AnyReranking', 'Any2AnyRetrieval', 'Any2AnyMultilingualRetrieval', 'VisionCentricQA', 'ImageClustering', 'ImageClassification', 'DocumentUnderstanding', 'VisualSTS(eng)', 'VisualSTS(multi)', 'ZeroShotClassification', 'Compositionality', 'AudioClustering', 'AudioMultilabelClassification', 'AudioReranking', 'AudioZeroshotClassification', 'AudioClassification', 'AudioPairClassification', 'VideoClassification', 'VideoClustering', 'VideoMultilabelClassification', 'VideoPairClassification', 'VideoZeroshotClassification', 'VideoCentricQA')], prompt types [['query', 'document']], and task names\n"}
,{"stream_name":"stderr","time":710.911088124,"data":"Task name SearchQuery is not valid. Valid keys are task types [('BitextMining', 'Classification', 'MultilabelClassification', 'Clustering', 'PairClassification', 'Regression', 'Reranking', 'Retrieval', 'STS', 'Summarization', 'InstructionRetrieval', 'InstructionReranking', 'Any2AnyReranking', 'Any2AnyRetrieval', 'Any2AnyMultilingualRetrieval', 'VisionCentricQA', 'ImageClustering', 'ImageClassification', 'DocumentUnderstanding', 'VisualSTS(eng)', 'VisualSTS(multi)', 'ZeroShotClassification', 'Compositionality', 'AudioClustering', 'AudioMultilabelClassification', 'AudioReranking', 'AudioZeroshotClassification', 'AudioClassification', 'AudioPairClassification', 'VideoClassification', 'VideoClustering', 'VideoMultilabelClassification', 'VideoPairClassification', 'VideoZeroshotClassification', 'VideoCentricQA')], prompt types [['query', 'document']], and task names\n"}
,{"stream_name":"stderr","time":710.911101559,"data":"Task name SentenceSimilarity is not valid. Valid keys are task types [('BitextMining', 'Classification', 'MultilabelClassification', 'Clustering', 'PairClassification', 'Regression', 'Reranking', 'Retrieval', 'STS', 'Summarization', 'InstructionRetrieval', 'InstructionReranking', 'Any2AnyReranking', 'Any2AnyRetrieval', 'Any2AnyMultilingualRetrieval', 'VisionCentricQA', 'ImageClustering', 'ImageClassification', 'DocumentUnderstanding', 'VisualSTS(eng)', 'VisualSTS(multi)', 'ZeroShotClassification', 'Compositionality', 'AudioClustering', 'AudioMultilabelClassification', 'AudioReranking', 'AudioZeroshotClassification', 'AudioClassification', 'AudioPairClassification', 'VideoClassification', 'VideoClustering', 'VideoMultilabelClassification', 'VideoPairClassification', 'VideoZeroshotClassification', 'VideoCentricQA')], prompt types [['query', 'document']], and task names\n"}
,{"stream_name":"stderr","time":710.911106115,"data":"Task name QuestionAnswering is not valid. Valid keys are task types [('BitextMining', 'Classification', 'MultilabelClassification', 'Clustering', 'PairClassification', 'Regression', 'Reranking', 'Retrieval', 'STS', 'Summarization', 'InstructionRetrieval', 'InstructionReranking', 'Any2AnyReranking', 'Any2AnyRetrieval', 'Any2AnyMultilingualRetrieval', 'VisionCentricQA', 'ImageClustering', 'ImageClassification', 'DocumentUnderstanding', 'VisualSTS(eng)', 'VisualSTS(multi)', 'ZeroShotClassification', 'Compositionality', 'AudioClustering', 'AudioMultilabelClassification', 'AudioReranking', 'AudioZeroshotClassification', 'AudioClassification', 'AudioPairClassification', 'VideoClassification', 'VideoClustering', 'VideoMultilabelClassification', 'VideoPairClassification', 'VideoZeroshotClassification', 'VideoCentricQA')], prompt types [['query', 'document']], and task names\n"}
,{"stream_name":"stderr","time":710.911109711,"data":"  self.model_prompts = _resolve_model_prompts(self.model, model_prompts)\n"}
,{"stream_name":"stderr","time":710.91380527,"data":"The task 'Banking77Classification' is superseded by 'Banking77Classification.v2'. We recommend using the newer version of the task unless you are running a specific benchmark. See `get_task('Banking77Classification.v2').metadata.description` to get a description of the task and changes.\n"}
,{"stream_name":"stderr","time":710.913827792,"data":"\n"}
,{"stream_name":"stderr","time":710.913831871,"data":"The task 'Banking77Classification' is superseded by 'Banking77Classification.v2'. We recommend using the newer version of the task unless you are running a specific benchmark. See `get_task('Banking77Classification.v2').metadata.description` to get a description of the task and changes.\n"}
,{"stream_name":"stderr","time":711.038326774,"data":"/usr/local/lib/python3.13/dist-packages/mteb/evaluate.py:262: UserWarning: The task 'Banking77Classification' is superseded by 'Banking77Classification.v2'. We recommend using the newer version of the task unless you are running a specific benchmark. See `get_task('Banking77Classification.v2').metadata.description` to get a description of the task and changes.\n"}
,{"stream_name":"stderr","time":711.038358607,"data":"  task.check_if_dataset_is_superseded()\n"}
,{"stream_name":"stderr","time":711.038368509,"data":"\n"}
,{"stream_name":"stderr","time":711.038371187,"data":"/usr/local/lib/python3.13/dist-packages/mteb/evaluate.py:262: UserWarning: The task 'Banking77Classification' is superseded by 'Banking77Classification.v2'. We recommend using the newer version of the task unless you are running a specific benchmark. See `get_task('Banking77Classification.v2').metadata.description` to get a description of the task and changes.\n"}
,{"stream_name":"stderr","time":711.038385691,"data":"  task.check_if_dataset_is_superseded()\n"}
,{"stream_name":"stdout","time":809.639074167,"data":"Banking77Classification        main_score=0.9224 rev=0fd18e25\n"}
,{"stream_name":"stderr","time":809.639979748,"data":"/usr/local/lib/python3.13/dist-packages/mteb/models/model_meta.py:969: FutureWarning: The `get_sentence_embedding_dimension` method has been renamed to `get_embedding_dimension`.\n"}
,{"stream_name":"stderr","time":809.640004887,"data":"  embedding_dimensions = model.get_sentence_embedding_dimension()\n"}
,{"stream_name":"stderr","time":809.640010459,"data":"/usr/local/lib/python3.13/dist-packages/mteb/models/model_meta.py:929: FutureWarning: The `get_sentence_embedding_dimension` method has been renamed to `get_embedding_dimension`.\n"}
,{"stream_name":"stderr","time":809.640018659,"data":"  embed_dim=model.get_sentence_embedding_dimension(),\n"}
,{"stream_name":"stderr","time":809.640023179,"data":"Task name CodeRetrieval is not valid. Valid keys are task types [('BitextMining', 'Classification', 'MultilabelClassification', 'Clustering', 'PairClassification', 'Regression', 'Reranking', 'Retrieval', 'STS', 'Summarization', 'InstructionRetrieval', 'InstructionReranking', 'Any2AnyReranking', 'Any2AnyRetrieval', 'Any2AnyMultilingualRetrieval', 'VisionCentricQA', 'ImageClustering', 'ImageClassification', 'DocumentUnderstanding', 'VisualSTS(eng)', 'VisualSTS(multi)', 'ZeroShotClassification', 'Compositionality', 'AudioClustering', 'AudioMultilabelClassification', 'AudioReranking', 'AudioZeroshotClassification', 'AudioClassification', 'AudioPairClassification', 'VideoClassification', 'VideoClustering', 'VideoMultilabelClassification', 'VideoPairClassification', 'VideoZeroshotClassification', 'VideoCentricQA')], prompt types [['query', 'document']], and task names\n"}
,{"stream_name":"stderr","time":809.640030558,"data":"\n"}
,{"stream_name":"stderr","time":809.640034541,"data":"/usr/local/lib/python3.13/dist-packages/mteb/models/model_meta.py:969: FutureWarning: The `get_sentence_embedding_dimension` method has been renamed to `get_embedding_dimension`.\n"}
,{"stream_name":"stderr","time":809.64003927,"data":"  embedding_dimensions = model.get_sentence_embedding_dimension()\n"}
,{"stream_name":"stderr","time":809.640043397,"data":"/usr/local/lib/python3.13/dist-packages/mteb/models/model_meta.py:929: FutureWarning: The `get_sentence_embedding_dimension` method has been renamed to `get_embedding_dimension`.\n"}
,{"stream_name":"stderr","time":809.640047872,"data":"  embed_dim=model.get_sentence_embedding_dimension(),\n"}
,{"stream_name":"stderr","time":809.64005295,"data":"Task name CodeRetrieval is not valid. Valid keys are task types [('BitextMining', 'Classification', 'MultilabelClassification', 'Clustering', 'PairClassification', 'Regression', 'Reranking', 'Retrieval', 'STS', 'Summarization', 'InstructionRetrieval', 'InstructionReranking', 'Any2AnyReranking', 'Any2AnyRetrieval', 'Any2AnyMultilingualRetrieval', 'VisionCentricQA', 'ImageClustering', 'ImageClassification', 'DocumentUnderstanding', 'VisualSTS(eng)', 'VisualSTS(multi)', 'ZeroShotClassification', 'Compositionality', 'AudioClustering', 'AudioMultilabelClassification', 'AudioReranking', 'AudioZeroshotClassification', 'AudioClassification', 'AudioPairClassification', 'VideoClassification', 'VideoClustering', 'VideoMultilabelClassification', 'VideoPairClassification', 'VideoZeroshotClassification', 'VideoCentricQA')], prompt types [['query', 'document']], and task names\n"}
,{"stream_name":"stderr","time":809.643092546,"data":"/usr/local/lib/python3.13/dist-packages/mteb/models/sentence_transformer_wrapper.py:150: UserWarning: Task name CodeRetrieval is not valid. Valid keys are task types [('BitextMining', 'Classification', 'MultilabelClassification', 'Clustering', 'PairClassification', 'Regression', 'Reranking', 'Retrieval', 'STS', 'Summarization', 'InstructionRetrieval', 'InstructionReranking', 'Any2AnyReranking', 'Any2AnyRetrieval', 'Any2AnyMultilingualRetrieval', 'VisionCentricQA', 'ImageClustering', 'ImageClassification', 'DocumentUnderstanding', 'VisualSTS(eng)', 'VisualSTS(multi)', 'ZeroShotClassification', 'Compositionality', 'AudioClustering', 'AudioMultilabelClassification', 'AudioReranking', 'AudioZeroshotClassification', 'AudioClassification', 'AudioPairClassification', 'VideoClassification', 'VideoClustering', 'VideoMultilabelClassification', 'VideoPairClassification', 'VideoZeroshotClassification', 'VideoCentricQA')], prompt types [['query', 'document']], and task names\n"}
,{"stream_name":"stderr","time":809.643133393,"data":"  resolved_prompts, invalid_prompts = AbsEncoder.validate_task_to_prompt_name(\n"}
,{"stream_name":"stderr","time":809.64313959,"data":"Task name Document is not valid. Valid keys are task types [('BitextMining', 'Classification', 'MultilabelClassification', 'Clustering', 'PairClassification', 'Regression', 'Reranking', 'Retrieval', 'STS', 'Summarization', 'InstructionRetrieval', 'InstructionReranking', 'Any2AnyReranking', 'Any2AnyRetrieval', 'Any2AnyMultilingualRetrieval', 'VisionCentricQA', 'ImageClustering', 'ImageClassification', 'DocumentUnderstanding', 'VisualSTS(eng)', 'VisualSTS(multi)', 'ZeroShotClassification', 'Compositionality', 'AudioClustering', 'AudioMultilabelClassification', 'AudioReranking', 'AudioZeroshotClassification', 'AudioClassification', 'AudioPairClassification', 'VideoClassification', 'VideoClustering', 'VideoMultilabelClassification', 'VideoPairClassification', 'VideoZeroshotClassification', 'VideoCentricQA')], prompt types [['query', 'document']], and task names\n"}
,{"stream_name":"stderr","time":809.643145865,"data":"\n"}
,{"stream_name":"stderr","time":809.643150519,"data":"/usr/local/lib/python3.13/dist-packages/mteb/models/sentence_transformer_wrapper.py:150: UserWarning: Task name CodeRetrieval is not valid. Valid keys are task types [('BitextMining', 'Classification', 'MultilabelClassification', 'Clustering', 'PairClassification', 'Regression', 'Reranking', 'Retrieval', 'STS', 'Summarization', 'InstructionRetrieval', 'InstructionReranking', 'Any2AnyReranking', 'Any2AnyRetrieval', 'Any2AnyMultilingualRetrieval', 'VisionCentricQA', 'ImageClustering', 'ImageClassification', 'DocumentUnderstanding', 'VisualSTS(eng)', 'VisualSTS(multi)', 'ZeroShotClassification', 'Compositionality', 'AudioClustering', 'AudioMultilabelClassification', 'AudioReranking', 'AudioZeroshotClassification', 'AudioClassification', 'AudioPairClassification', 'VideoClassification', 'VideoClustering', 'VideoMultilabelClassification', 'VideoPairClassification', 'VideoZeroshotClassification', 'VideoCentricQA')], prompt types [['query', 'document']], and task names\n"}
,{"stream_name":"stderr","time":809.643159965,"data":"  resolved_prompts, invalid_prompts = AbsEncoder.validate_task_to_prompt_name(\n"}
,{"stream_name":"stderr","time":809.643163655,"data":"Task name Document is not valid. Valid keys are task types [('BitextMining', 'Classification', 'MultilabelClassification', 'Clustering', 'PairClassification', 'Regression', 'Reranking', 'Retrieval', 'STS', 'Summarization', 'InstructionRetrieval', 'InstructionReranking', 'Any2AnyReranking', 'Any2AnyRetrieval', 'Any2AnyMultilingualRetrieval', 'VisionCentricQA', 'ImageClustering', 'ImageClassification', 'DocumentUnderstanding', 'VisualSTS(eng)', 'VisualSTS(multi)', 'ZeroShotClassification', 'Compositionality', 'AudioClustering', 'AudioMultilabelClassification', 'AudioReranking', 'AudioZeroshotClassification', 'AudioClassification', 'AudioPairClassification', 'VideoClassification', 'VideoClustering', 'VideoMultilabelClassification', 'VideoPairClassification', 'VideoZeroshotClassification', 'VideoCentricQA')], prompt types [['query', 'document']], and task names\n"}
,{"stream_name":"stderr","time":809.659741138,"data":"/usr/local/lib/python3.13/dist-packages/mteb/models/sentence_transformer_wrapper.py:150: UserWarning: Task name Document is not valid. Valid keys are task types [('BitextMining', 'Classification', 'MultilabelClassification', 'Clustering', 'PairClassification', 'Regression', 'Reranking', 'Retrieval', 'STS', 'Summarization', 'InstructionRetrieval', 'InstructionReranking', 'Any2AnyReranking', 'Any2AnyRetrieval', 'Any2AnyMultilingualRetrieval', 'VisionCentricQA', 'ImageClustering', 'ImageClassification', 'DocumentUnderstanding', 'VisualSTS(eng)', 'VisualSTS(multi)', 'ZeroShotClassification', 'Compositionality', 'AudioClustering', 'AudioMultilabelClassification', 'AudioReranking', 'AudioZeroshotClassification', 'AudioClassification', 'AudioPairClassification', 'VideoClassification', 'VideoClustering', 'VideoMultilabelClassification', 'VideoPairClassification', 'VideoZeroshotClassification', 'VideoCentricQA')], prompt types [['query', 'document']], and task names\n"}
,{"stream_name":"stderr","time":809.659773019,"data":"  resolved_prompts, invalid_prompts = AbsEncoder.validate_task_to_prompt_name(\n"}
,{"stream_name":"stderr","time":809.659777679,"data":"Task name FactChecking is not valid. Valid keys are task types [('BitextMining', 'Classification', 'MultilabelClassification', 'Clustering', 'PairClassification', 'Regression', 'Reranking', 'Retrieval', 'STS', 'Summarization', 'InstructionRetrieval', 'InstructionReranking', 'Any2AnyReranking', 'Any2AnyRetrieval', 'Any2AnyMultilingualRetrieval', 'VisionCentricQA', 'ImageClustering', 'ImageClassification', 'DocumentUnderstanding', 'VisualSTS(eng)', 'VisualSTS(multi)', 'ZeroShotClassification', 'Compositionality', 'AudioClustering', 'AudioMultilabelClassification', 'AudioReranking', 'AudioZeroshotClassification', 'AudioClassification', 'AudioPairClassification', 'VideoClassification', 'VideoClustering', 'VideoMultilabelClassification', 'VideoPairClassification', 'VideoZeroshotClassification', 'VideoCentricQA')], prompt types [['query', 'document']], and task names\n"}
,{"stream_name":"stderr","time":809.659784204,"data":"\n"}
,{"stream_name":"stderr","time":809.659788548,"data":"/usr/local/lib/python3.13/dist-packages/mteb/models/sentence_transformer_wrapper.py:150: UserWarning: Task name Document is not valid. Valid keys are task types [('BitextMining', 'Classification', 'MultilabelClassification', 'Clustering', 'PairClassification', 'Regression', 'Reranking', 'Retrieval', 'STS', 'Summarization', 'InstructionRetrieval', 'InstructionReranking', 'Any2AnyReranking', 'Any2AnyRetrieval', 'Any2AnyMultilingualRetrieval', 'VisionCentricQA', 'ImageClustering', 'ImageClassification', 'DocumentUnderstanding', 'VisualSTS(eng)', 'VisualSTS(multi)', 'ZeroShotClassification', 'Compositionality', 'AudioClustering', 'AudioMultilabelClassification', 'AudioReranking', 'AudioZeroshotClassification', 'AudioClassification', 'AudioPairClassification', 'VideoClassification', 'VideoClustering', 'VideoMultilabelClassification', 'VideoPairClassification', 'VideoZeroshotClassification', 'VideoCentricQA')], prompt types [['query', 'document']], and task names\n"}
,{"stream_name":"stderr","time":809.659795252,"data":"  resolved_prompts, invalid_prompts = AbsEncoder.validate_task_to_prompt_name(\n"}
,{"stream_name":"stderr","time":809.659799086,"data":"Task name FactChecking is not valid. Valid keys are task types [('BitextMining', 'Classification', 'MultilabelClassification', 'Clustering', 'PairClassification', 'Regression', 'Reranking', 'Retrieval', 'STS', 'Summarization', 'InstructionRetrieval', 'InstructionReranking', 'Any2AnyReranking', 'Any2AnyRetrieval', 'Any2AnyMultilingualRetrieval', 'VisionCentricQA', 'ImageClustering', 'ImageClassification', 'DocumentUnderstanding', 'VisualSTS(eng)', 'VisualSTS(multi)', 'ZeroShotClassification', 'Compositionality', 'AudioClustering', 'AudioMultilabelClassification', 'AudioReranking', 'AudioZeroshotClassification', 'AudioClassification', 'AudioPairClassification', 'VideoClassification', 'VideoClustering', 'VideoMultilabelClassification', 'VideoPairClassification', 'VideoZeroshotClassification', 'VideoCentricQA')], prompt types [['query', 'document']], and task names\n"}
,{"stream_name":"stderr","time":809.66558281,"data":"/usr/local/lib/python3.13/dist-packages/mteb/models/sentence_transformer_wrapper.py:150: UserWarning: Task name FactChecking is not valid. Valid keys are task types [('BitextMining', 'Classification', 'MultilabelClassification', 'Clustering', 'PairClassification', 'Regression', 'Reranking', 'Retrieval', 'STS', 'Summarization', 'InstructionRetrieval', 'InstructionReranking', 'Any2AnyReranking', 'Any2AnyRetrieval', 'Any2AnyMultilingualRetrieval', 'VisionCentricQA', 'ImageClustering', 'ImageClassification', 'DocumentUnderstanding', 'VisualSTS(eng)', 'VisualSTS(multi)', 'ZeroShotClassification', 'Compositionality', 'AudioClustering', 'AudioMultilabelClassification', 'AudioReranking', 'AudioZeroshotClassification', 'AudioClassification', 'AudioPairClassification', 'VideoClassification', 'VideoClustering', 'VideoMultilabelClassification', 'VideoPairClassification', 'VideoZeroshotClassification', 'VideoCentricQA')], prompt types [['query', 'document']], and task names\n"}
,{"stream_name":"stderr","time":809.665604397,"data":"  resolved_prompts, invalid_prompts = AbsEncoder.validate_task_to_prompt_name(\n"}
,{"stream_name":"stderr","time":809.665608872,"data":"Task name QuestionAnswering is not valid. Valid keys are task types [('BitextMining', 'Classification', 'MultilabelClassification', 'Clustering', 'PairClassification', 'Regression', 'Reranking', 'Retrieval', 'STS', 'Summarization', 'InstructionRetrieval', 'InstructionReranking', 'Any2AnyReranking', 'Any2AnyRetrieval', 'Any2AnyMultilingualRetrieval', 'VisionCentricQA', 'ImageClustering', 'ImageClassification', 'DocumentUnderstanding', 'VisualSTS(eng)', 'VisualSTS(multi)', 'ZeroShotClassification', 'Compositionality', 'AudioClustering', 'AudioMultilabelClassification', 'AudioReranking', 'AudioZeroshotClassification', 'AudioClassification', 'AudioPairClassification', 'VideoClassification', 'VideoClustering', 'VideoMultilabelClassification', 'VideoPairClassification', 'VideoZeroshotClassification', 'VideoCentricQA')], prompt types [['query', 'document']], and task names\n"}
,{"stream_name":"stderr","time":809.665615437,"data":"\n"}
,{"stream_name":"stderr","time":809.665619598,"data":"/usr/local/lib/python3.13/dist-packages/mteb/models/sentence_transformer_wrapper.py:150: UserWarning: Task name FactChecking is not valid. Valid keys are task types [('BitextMining', 'Classification', 'MultilabelClassification', 'Clustering', 'PairClassification', 'Regression', 'Reranking', 'Retrieval', 'STS', 'Summarization', 'InstructionRetrieval', 'InstructionReranking', 'Any2AnyReranking', 'Any2AnyRetrieval', 'Any2AnyMultilingualRetrieval', 'VisionCentricQA', 'ImageClustering', 'ImageClassification', 'DocumentUnderstanding', 'VisualSTS(eng)', 'VisualSTS(multi)', 'ZeroShotClassification', 'Compositionality', 'AudioClustering', 'AudioMultilabelClassification', 'AudioReranking', 'AudioZeroshotClassification', 'AudioClassification', 'AudioPairClassification', 'VideoClassification', 'VideoClustering', 'VideoMultilabelClassification', 'VideoPairClassification', 'VideoZeroshotClassification', 'VideoCentricQA')], prompt types [['query', 'document']], and task names\n"}
,{"stream_name":"stderr","time":809.665626288,"data":"  resolved_prompts, invalid_prompts = AbsEncoder.validate_task_to_prompt_name(\n"}
,{"stream_name":"stderr","time":809.665629861,"data":"Task name QuestionAnswering is not valid. Valid keys are task types [('BitextMining', 'Classification', 'MultilabelClassification', 'Clustering', 'PairClassification', 'Regression', 'Reranking', 'Retrieval', 'STS', 'Summarization', 'InstructionRetrieval', 'InstructionReranking', 'Any2AnyReranking', 'Any2AnyRetrieval', 'Any2AnyMultilingualRetrieval', 'VisionCentricQA', 'ImageClustering', 'ImageClassification', 'DocumentUnderstanding', 'VisualSTS(eng)', 'VisualSTS(multi)', 'ZeroShotClassification', 'Compositionality', 'AudioClustering', 'AudioMultilabelClassification', 'AudioReranking', 'AudioZeroshotClassification', 'AudioClassification', 'AudioPairClassification', 'VideoClassification', 'VideoClustering', 'VideoMultilabelClassification', 'VideoPairClassification', 'VideoZeroshotClassification', 'VideoCentricQA')], prompt types [['query', 'document']], and task names\n"}
,{"stream_name":"stderr","time":809.679042205,"data":"/usr/local/lib/python3.13/dist-packages/mteb/models/sentence_transformer_wrapper.py:150: UserWarning: Task name QuestionAnswering is not valid. Valid keys are task types [('BitextMining', 'Classification', 'MultilabelClassification', 'Clustering', 'PairClassification', 'Regression', 'Reranking', 'Retrieval', 'STS', 'Summarization', 'InstructionRetrieval', 'InstructionReranking', 'Any2AnyReranking', 'Any2AnyRetrieval', 'Any2AnyMultilingualRetrieval', 'VisionCentricQA', 'ImageClustering', 'ImageClassification', 'DocumentUnderstanding', 'VisualSTS(eng)', 'VisualSTS(multi)', 'ZeroShotClassification', 'Compositionality', 'AudioClustering', 'AudioMultilabelClassification', 'AudioReranking', 'AudioZeroshotClassification', 'AudioClassification', 'AudioPairClassification', 'VideoClassification', 'VideoClustering', 'VideoMultilabelClassification', 'VideoPairClassification', 'VideoZeroshotClassification', 'VideoCentricQA')], prompt types [['query', 'document']], and task names\n"}
,{"stream_name":"stderr","time":809.679061503,"data":"  resolved_prompts, invalid_prompts = AbsEncoder.validate_task_to_prompt_name(\n"}
,{"stream_name":"stderr","time":809.679066469,"data":"Task name SearchQuery is not valid. Valid keys are task types [('BitextMining', 'Classification', 'MultilabelClassification', 'Clustering', 'PairClassification', 'Regression', 'Reranking', 'Retrieval', 'STS', 'Summarization', 'InstructionRetrieval', 'InstructionReranking', 'Any2AnyReranking', 'Any2AnyRetrieval', 'Any2AnyMultilingualRetrieval', 'VisionCentricQA', 'ImageClustering', 'ImageClassification', 'DocumentUnderstanding', 'VisualSTS(eng)', 'VisualSTS(multi)', 'ZeroShotClassification', 'Compositionality', 'AudioClustering', 'AudioMultilabelClassification', 'AudioReranking', 'AudioZeroshotClassification', 'AudioClassification', 'AudioPairClassification', 'VideoClassification', 'VideoClustering', 'VideoMultilabelClassification', 'VideoPairClassification', 'VideoZeroshotClassification', 'VideoCentricQA')], prompt types [['query', 'document']], and task names\n"}
,{"stream_name":"stderr","time":809.679073508,"data":"\n"}
,{"stream_name":"stderr","time":809.679077228,"data":"/usr/local/lib/python3.13/dist-packages/mteb/models/sentence_transformer_wrapper.py:150: UserWarning: Task name QuestionAnswering is not valid. Valid keys are task types [('BitextMining', 'Classification', 'MultilabelClassification', 'Clustering', 'PairClassification', 'Regression', 'Reranking', 'Retrieval', 'STS', 'Summarization', 'InstructionRetrieval', 'InstructionReranking', 'Any2AnyReranking', 'Any2AnyRetrieval', 'Any2AnyMultilingualRetrieval', 'VisionCentricQA', 'ImageClustering', 'ImageClassification', 'DocumentUnderstanding', 'VisualSTS(eng)', 'VisualSTS(multi)', 'ZeroShotClassification', 'Compositionality', 'AudioClustering', 'AudioMultilabelClassification', 'AudioReranking', 'AudioZeroshotClassification', 'AudioClassification', 'AudioPairClassification', 'VideoClassification', 'VideoClustering', 'VideoMultilabelClassification', 'VideoPairClassification', 'VideoZeroshotClassification', 'VideoCentricQA')], prompt types [['query', 'document']], and task names\n"}
,{"stream_name":"stderr","time":809.679082497,"data":"  resolved_prompts, invalid_prompts = AbsEncoder.validate_task_to_prompt_name(\n"}
,{"stream_name":"stderr","time":809.679086046,"data":"Task name SearchQuery is not valid. Valid keys are task types [('BitextMining', 'Classification', 'MultilabelClassification', 'Clustering', 'PairClassification', 'Regression', 'Reranking', 'Retrieval', 'STS', 'Summarization', 'InstructionRetrieval', 'InstructionReranking', 'Any2AnyReranking', 'Any2AnyRetrieval', 'Any2AnyMultilingualRetrieval', 'VisionCentricQA', 'ImageClustering', 'ImageClassification', 'DocumentUnderstanding', 'VisualSTS(eng)', 'VisualSTS(multi)', 'ZeroShotClassification', 'Compositionality', 'AudioClustering', 'AudioMultilabelClassification', 'AudioReranking', 'AudioZeroshotClassification', 'AudioClassification', 'AudioPairClassification', 'VideoClassification', 'VideoClustering', 'VideoMultilabelClassification', 'VideoPairClassification', 'VideoZeroshotClassification', 'VideoCentricQA')], prompt types [['query', 'document']], and task names\n"}
,{"stream_name":"stderr","time":809.679872419,"data":"/usr/local/lib/python3.13/dist-packages/mteb/models/sentence_transformer_wrapper.py:150: UserWarning: Task name SearchQuery is not valid. Valid keys are task types [('BitextMining', 'Classification', 'MultilabelClassification', 'Clustering', 'PairClassification', 'Regression', 'Reranking', 'Retrieval', 'STS', 'Summarization', 'InstructionRetrieval', 'InstructionReranking', 'Any2AnyReranking', 'Any2AnyRetrieval', 'Any2AnyMultilingualRetrieval', 'VisionCentricQA', 'ImageClustering', 'ImageClassification', 'DocumentUnderstanding', 'VisualSTS(eng)', 'VisualSTS(multi)', 'ZeroShotClassification', 'Compositionality', 'AudioClustering', 'AudioMultilabelClassification', 'AudioReranking', 'AudioZeroshotClassification', 'AudioClassification', 'AudioPairClassification', 'VideoClassification', 'VideoClustering', 'VideoMultilabelClassification', 'VideoPairClassification', 'VideoZeroshotClassification', 'VideoCentricQA')], prompt types [['query', 'document']], and task names\n"}
,{"stream_name":"stderr","time":809.679889039,"data":"  resolved_prompts, invalid_prompts = AbsEncoder.validate_task_to_prompt_name(\n"}
,{"stream_name":"stderr","time":809.67989272,"data":"Task name SentenceSimilarity is not valid. Valid keys are task types [('BitextMining', 'Classification', 'MultilabelClassification', 'Clustering', 'PairClassification', 'Regression', 'Reranking', 'Retrieval', 'STS', 'Summarization', 'InstructionRetrieval', 'InstructionReranking', 'Any2AnyReranking', 'Any2AnyRetrieval', 'Any2AnyMultilingualRetrieval', 'VisionCentricQA', 'ImageClustering', 'ImageClassification', 'DocumentUnderstanding', 'VisualSTS(eng)', 'VisualSTS(multi)', 'ZeroShotClassification', 'Compositionality', 'AudioClustering', 'AudioMultilabelClassification', 'AudioReranking', 'AudioZeroshotClassification', 'AudioClassification', 'AudioPairClassification', 'VideoClassification', 'VideoClustering', 'VideoMultilabelClassification', 'VideoPairClassification', 'VideoZeroshotClassification', 'VideoCentricQA')], prompt types [['query', 'document']], and task names\n"}
,{"stream_name":"stderr","time":809.679898004,"data":"\n"}
,{"stream_name":"stderr","time":809.679901666,"data":"/usr/local/lib/python3.13/dist-packages/mteb/models/sentence_transformer_wrapper.py:150: UserWarning: Task name SearchQuery is not valid. Valid keys are task types [('BitextMining', 'Classification', 'MultilabelClassification', 'Clustering', 'PairClassification', 'Regression', 'Reranking', 'Retrieval', 'STS', 'Summarization', 'InstructionRetrieval', 'InstructionReranking', 'Any2AnyReranking', 'Any2AnyRetrieval', 'Any2AnyMultilingualRetrieval', 'VisionCentricQA', 'ImageClustering', 'ImageClassification', 'DocumentUnderstanding', 'VisualSTS(eng)', 'VisualSTS(multi)', 'ZeroShotClassification', 'Compositionality', 'AudioClustering', 'AudioMultilabelClassification', 'AudioReranking', 'AudioZeroshotClassification', 'AudioClassification', 'AudioPairClassification', 'VideoClassification', 'VideoClustering', 'VideoMultilabelClassification', 'VideoPairClassification', 'VideoZeroshotClassification', 'VideoCentricQA')], prompt types [['query', 'document']], and task names\n"}
,{"stream_name":"stderr","time":809.679906998,"data":"  resolved_prompts, invalid_prompts = AbsEncoder.validate_task_to_prompt_name(\n"}
,{"stream_name":"stderr","time":809.679917177,"data":"Task name SentenceSimilarity is not valid. Valid keys are task types [('BitextMining', 'Classification', 'MultilabelClassification', 'Clustering', 'PairClassification', 'Regression', 'Reranking', 'Retrieval', 'STS', 'Summarization', 'InstructionRetrieval', 'InstructionReranking', 'Any2AnyReranking', 'Any2AnyRetrieval', 'Any2AnyMultilingualRetrieval', 'VisionCentricQA', 'ImageClustering', 'ImageClassification', 'DocumentUnderstanding', 'VisualSTS(eng)', 'VisualSTS(multi)', 'ZeroShotClassification', 'Compositionality', 'AudioClustering', 'AudioMultilabelClassification', 'AudioReranking', 'AudioZeroshotClassification', 'AudioClassification', 'AudioPairClassification', 'VideoClassification', 'VideoClustering', 'VideoMultilabelClassification', 'VideoPairClassification', 'VideoZeroshotClassification', 'VideoCentricQA')], prompt types [['query', 'document']], and task names\n"}
,{"stream_name":"stderr","time":809.687611488,"data":"/usr/local/lib/python3.13/dist-packages/mteb/models/sentence_transformer_wrapper.py:150: UserWarning: Task name SentenceSimilarity is not valid. Valid keys are task types [('BitextMining', 'Classification', 'MultilabelClassification', 'Clustering', 'PairClassification', 'Regression', 'Reranking', 'Retrieval', 'STS', 'Summarization', 'InstructionRetrieval', 'InstructionReranking', 'Any2AnyReranking', 'Any2AnyRetrieval', 'Any2AnyMultilingualRetrieval', 'VisionCentricQA', 'ImageClustering', 'ImageClassification', 'DocumentUnderstanding', 'VisualSTS(eng)', 'VisualSTS(multi)', 'ZeroShotClassification', 'Compositionality', 'AudioClustering', 'AudioMultilabelClassification', 'AudioReranking', 'AudioZeroshotClassification', 'AudioClassification', 'AudioPairClassification', 'VideoClassification', 'VideoClustering', 'VideoMultilabelClassification', 'VideoPairClassification', 'VideoZeroshotClassification', 'VideoCentricQA')], prompt types [['query', 'document']], and task names\n"}
,{"stream_name":"stderr","time":809.687633954,"data":"  resolved_prompts, invalid_prompts = AbsEncoder.validate_task_to_prompt_name(\n"}
,{"stream_name":"stderr","time":809.687638391,"data":"Some prompts are not in the expected format and will be ignored. Problems:\n"}
,{"stream_name":"stderr","time":809.687642249,"data":"\n"}
,{"stream_name":"stderr","time":809.687645839,"data":"Task name CodeRetrieval is not valid. Valid keys are task types [('BitextMining', 'Classification', 'MultilabelClassification', 'Clustering', 'PairClassification', 'Regression', 'Reranking', 'Retrieval', 'STS', 'Summarization', 'InstructionRetrieval', 'InstructionReranking', 'Any2AnyReranking', 'Any2AnyRetrieval', 'Any2AnyMultilingualRetrieval', 'VisionCentricQA', 'ImageClustering', 'ImageClassification', 'DocumentUnderstanding', 'VisualSTS(eng)', 'VisualSTS(multi)', 'ZeroShotClassification', 'Compositionality', 'AudioClustering', 'AudioMultilabelClassification', 'AudioReranking', 'AudioZeroshotClassification', 'AudioClassification', 'AudioPairClassification', 'VideoClassification', 'VideoClustering', 'VideoMultilabelClassification', 'VideoPairClassification', 'VideoZeroshotClassification', 'VideoCentricQA')], prompt types [['query', 'document']], and task names\n"}
,{"stream_name":"stderr","time":809.687653279,"data":"Task name Document is not valid. Valid keys are task types [('BitextMining', 'Classification', 'MultilabelClassification', 'Clustering', 'PairClassification', 'Regression', 'Reranking', 'Retrieval', 'STS', 'Summarization', 'InstructionRetrieval', 'InstructionReranking', 'Any2AnyReranking', 'Any2AnyRetrieval', 'Any2AnyMultilingualRetrieval', 'VisionCentricQA', 'ImageClustering', 'ImageClassification', 'DocumentUnderstanding', 'VisualSTS(eng)', 'VisualSTS(multi)', 'ZeroShotClassification', 'Compositionality', 'AudioClustering', 'AudioMultilabelClassification', 'AudioReranking', 'AudioZeroshotClassification', 'AudioClassification', 'AudioPairClassification', 'VideoClassification', 'VideoClustering', 'VideoMultilabelClassification', 'VideoPairClassification', 'VideoZeroshotClassification', 'VideoCentricQA')], prompt types [['query', 'document']], and task names\n"}
,{"stream_name":"stderr","time":809.687668519,"data":"Task name FactChecking is not valid. Valid keys are task types [('BitextMining', 'Classification', 'MultilabelClassification', 'Clustering', 'PairClassification', 'Regression', 'Reranking', 'Retrieval', 'STS', 'Summarization', 'InstructionRetrieval', 'InstructionReranking', 'Any2AnyReranking', 'Any2AnyRetrieval', 'Any2AnyMultilingualRetrieval', 'VisionCentricQA', 'ImageClustering', 'ImageClassification', 'DocumentUnderstanding', 'VisualSTS(eng)', 'VisualSTS(multi)', 'ZeroShotClassification', 'Compositionality', 'AudioClustering', 'AudioMultilabelClassification', 'AudioReranking', 'AudioZeroshotClassification', 'AudioClassification', 'AudioPairClassification', 'VideoClassification', 'VideoClustering', 'VideoMultilabelClassification', 'VideoPairClassification', 'VideoZeroshotClassification', 'VideoCentricQA')], prompt types [['query', 'document']], and task names\n"}
,{"stream_name":"stderr","time":809.687675246,"data":"Task name SearchQuery is not valid. Valid keys are task types [('BitextMining', 'Classification', 'MultilabelClassification', 'Clustering', 'PairClassification', 'Regression', 'Reranking', 'Retrieval', 'STS', 'Summarization', 'InstructionRetrieval', 'InstructionReranking', 'Any2AnyReranking', 'Any2AnyRetrieval', 'Any2AnyMultilingualRetrieval', 'VisionCentricQA', 'ImageClustering', 'ImageClassification', 'DocumentUnderstanding', 'VisualSTS(eng)', 'VisualSTS(multi)', 'ZeroShotClassification', 'Compositionality', 'AudioClustering', 'AudioMultilabelClassification', 'AudioReranking', 'AudioZeroshotClassification', 'AudioClassification', 'AudioPairClassification', 'VideoClassification', 'VideoClustering', 'VideoMultilabelClassification', 'VideoPairClassification', 'VideoZeroshotClassification', 'VideoCentricQA')], prompt types [['query', 'document']], and task names\n"}
,{"stream_name":"stderr","time":809.687681145,"data":"Task name SentenceSimilarity is not valid. Valid keys are task types [('BitextMining', 'Classification', 'MultilabelClassification', 'Clustering', 'PairClassification', 'Regression', 'Reranking', 'Retrieval', 'STS', 'Summarization', 'InstructionRetrieval', 'InstructionReranking', 'Any2AnyReranking', 'Any2AnyRetrieval', 'Any2AnyMultilingualRetrieval', 'VisionCentricQA', 'ImageClustering', 'ImageClassification', 'DocumentUnderstanding', 'VisualSTS(eng)', 'VisualSTS(multi)', 'ZeroShotClassification', 'Compositionality', 'AudioClustering', 'AudioMultilabelClassification', 'AudioReranking', 'AudioZeroshotClassification', 'AudioClassification', 'AudioPairClassification', 'VideoClassification', 'VideoClustering', 'VideoMultilabelClassification', 'VideoPairClassification', 'VideoZeroshotClassification', 'VideoCentricQA')], prompt types [['query', 'document']], and task names\n"}
,{"stream_name":"stderr","time":809.687687215,"data":"Task name QuestionAnswering is not valid. Valid keys are task types [('BitextMining', 'Classification', 'MultilabelClassification', 'Clustering', 'PairClassification', 'Regression', 'Reranking', 'Retrieval', 'STS', 'Summarization', 'InstructionRetrieval', 'InstructionReranking', 'Any2AnyReranking', 'Any2AnyRetrieval', 'Any2AnyMultilingualRetrieval', 'VisionCentricQA', 'ImageClustering', 'ImageClassification', 'DocumentUnderstanding', 'VisualSTS(eng)', 'VisualSTS(multi)', 'ZeroShotClassification', 'Compositionality', 'AudioClustering', 'AudioMultilabelClassification', 'AudioReranking', 'AudioZeroshotClassification', 'AudioClassification', 'AudioPairClassification', 'VideoClassification', 'VideoClustering', 'VideoMultilabelClassification', 'VideoPairClassification', 'VideoZeroshotClassification', 'VideoCentricQA')], prompt types [['query', 'document']], and task names\n"}
,{"stream_name":"stderr","time":809.687693266,"data":"\n"}
,{"stream_name":"stderr","time":809.687699716,"data":"/usr/local/lib/python3.13/dist-packages/mteb/models/sentence_transformer_wrapper.py:150: UserWarning: Task name SentenceSimilarity is not valid. Valid keys are task types [('BitextMining', 'Classification', 'MultilabelClassification', 'Clustering', 'PairClassification', 'Regression', 'Reranking', 'Retrieval', 'STS', 'Summarization', 'InstructionRetrieval', 'InstructionReranking', 'Any2AnyReranking', 'Any2AnyRetrieval', 'Any2AnyMultilingualRetrieval', 'VisionCentricQA', 'ImageClustering', 'ImageClassification', 'DocumentUnderstanding', 'VisualSTS(eng)', 'VisualSTS(multi)', 'ZeroShotClassification', 'Compositionality', 'AudioClustering', 'AudioMultilabelClassification', 'AudioReranking', 'AudioZeroshotClassification', 'AudioClassification', 'AudioPairClassification', 'VideoClassification', 'VideoClustering', 'VideoMultilabelClassification', 'VideoPairClassification', 'VideoZeroshotClassification', 'VideoCentricQA')], prompt types [['query', 'document']], and task names\n"}
,{"stream_name":"stderr","time":809.687705979,"data":"  resolved_prompts, invalid_prompts = AbsEncoder.validate_task_to_prompt_name(\n"}
,{"stream_name":"stderr","time":809.6877096,"data":"Some prompts are not in the expected format and will be ignored. Problems:\n"}
,{"stream_name":"stderr","time":809.687713036,"data":"\n"}
,{"stream_name":"stderr","time":809.687716706,"data":"Task name CodeRetrieval is not valid. Valid keys are task types [('BitextMining', 'Classification', 'MultilabelClassification', 'Clustering', 'PairClassification', 'Regression', 'Reranking', 'Retrieval', 'STS', 'Summarization', 'InstructionRetrieval', 'InstructionReranking', 'Any2AnyReranking', 'Any2AnyRetrieval', 'Any2AnyMultilingualRetrieval', 'VisionCentricQA', 'ImageClustering', 'ImageClassification', 'DocumentUnderstanding', 'VisualSTS(eng)', 'VisualSTS(multi)', 'ZeroShotClassification', 'Compositionality', 'AudioClustering', 'AudioMultilabelClassification', 'AudioReranking', 'AudioZeroshotClassification', 'AudioClassification', 'AudioPairClassification', 'VideoClassification', 'VideoClustering', 'VideoMultilabelClassification', 'VideoPairClassification', 'VideoZeroshotClassification', 'VideoCentricQA')], prompt types [['query', 'document']], and task names\n"}
,{"stream_name":"stderr","time":809.687739121,"data":"Task name Document is not valid. Valid keys are task types [('BitextMining', 'Classification', 'MultilabelClassification', 'Clustering', 'PairClassification', 'Regression', 'Reranking', 'Retrieval', 'STS', 'Summarization', 'InstructionRetrieval', 'InstructionReranking', 'Any2AnyReranking', 'Any2AnyRetrieval', 'Any2AnyMultilingualRetrieval', 'VisionCentricQA', 'ImageClustering', 'ImageClassification', 'DocumentUnderstanding', 'VisualSTS(eng)', 'VisualSTS(multi)', 'ZeroShotClassification', 'Compositionality', 'AudioClustering', 'AudioMultilabelClassification', 'AudioReranking', 'AudioZeroshotClassification', 'AudioClassification', 'AudioPairClassification', 'VideoClassification', 'VideoClustering', 'VideoMultilabelClassification', 'VideoPairClassification', 'VideoZeroshotClassification', 'VideoCentricQA')], prompt types [['query', 'document']], and task names\n"}
,{"stream_name":"stderr","time":809.687745419,"data":"Task name FactChecking is not valid. Valid keys are task types [('BitextMining', 'Classification', 'MultilabelClassification', 'Clustering', 'PairClassification', 'Regression', 'Reranking', 'Retrieval', 'STS', 'Summarization', 'InstructionRetrieval', 'InstructionReranking', 'Any2AnyReranking', 'Any2AnyRetrieval', 'Any2AnyMultilingualRetrieval', 'VisionCentricQA', 'ImageClustering', 'ImageClassification', 'DocumentUnderstanding', 'VisualSTS(eng)', 'VisualSTS(multi)', 'ZeroShotClassification', 'Compositionality', 'AudioClustering', 'AudioMultilabelClassification', 'AudioReranking', 'AudioZeroshotClassification', 'AudioClassification', 'AudioPairClassification', 'VideoClassification', 'VideoClustering', 'VideoMultilabelClassification', 'VideoPairClassification', 'VideoZeroshotClassification', 'VideoCentricQA')], prompt types [['query', 'document']], and task names\n"}
,{"stream_name":"stderr","time":809.687754962,"data":"Task name SearchQuery is not valid. Valid keys are task types [('BitextMining', 'Classification', 'MultilabelClassification', 'Clustering', 'PairClassification', 'Regression', 'Reranking', 'Retrieval', 'STS', 'Summarization', 'InstructionRetrieval', 'InstructionReranking', 'Any2AnyReranking', 'Any2AnyRetrieval', 'Any2AnyMultilingualRetrieval', 'VisionCentricQA', 'ImageClustering', 'ImageClassification', 'DocumentUnderstanding', 'VisualSTS(eng)', 'VisualSTS(multi)', 'ZeroShotClassification', 'Compositionality', 'AudioClustering', 'AudioMultilabelClassification', 'AudioReranking', 'AudioZeroshotClassification', 'AudioClassification', 'AudioPairClassification', 'VideoClassification', 'VideoClustering', 'VideoMultilabelClassification', 'VideoPairClassification', 'VideoZeroshotClassification', 'VideoCentricQA')], prompt types [['query', 'document']], and task names\n"}
,{"stream_name":"stderr","time":809.687760758,"data":"Task name SentenceSimilarity is not valid. Valid keys are task types [('BitextMining', 'Classification', 'MultilabelClassification', 'Clustering', 'PairClassification', 'Regression', 'Reranking', 'Retrieval', 'STS', 'Summarization', 'InstructionRetrieval', 'InstructionReranking', 'Any2AnyReranking', 'Any2AnyRetrieval', 'Any2AnyMultilingualRetrieval', 'VisionCentricQA', 'ImageClustering', 'ImageClassification', 'DocumentUnderstanding', 'VisualSTS(eng)', 'VisualSTS(multi)', 'ZeroShotClassification', 'Compositionality', 'AudioClustering', 'AudioMultilabelClassification', 'AudioReranking', 'AudioZeroshotClassification', 'AudioClassification', 'AudioPairClassification', 'VideoClassification', 'VideoClustering', 'VideoMultilabelClassification', 'VideoPairClassification', 'VideoZeroshotClassification', 'VideoCentricQA')], prompt types [['query', 'document']], and task names\n"}
,{"stream_name":"stderr","time":809.687767321,"data":"Task name QuestionAnswering is not valid. Valid keys are task types [('BitextMining', 'Classification', 'MultilabelClassification', 'Clustering', 'PairClassification', 'Regression', 'Reranking', 'Retrieval', 'STS', 'Summarization', 'InstructionRetrieval', 'InstructionReranking', 'Any2AnyReranking', 'Any2AnyRetrieval', 'Any2AnyMultilingualRetrieval', 'VisionCentricQA', 'ImageClustering', 'ImageClassification', 'DocumentUnderstanding', 'VisualSTS(eng)', 'VisualSTS(multi)', 'ZeroShotClassification', 'Compositionality', 'AudioClustering', 'AudioMultilabelClassification', 'AudioReranking', 'AudioZeroshotClassification', 'AudioClassification', 'AudioPairClassification', 'VideoClassification', 'VideoClustering', 'VideoMultilabelClassification', 'VideoPairClassification', 'VideoZeroshotClassification', 'VideoCentricQA')], prompt types [['query', 'document']], and task names\n"}
,{"stream_name":"stderr","time":809.697221862,"data":"/usr/local/lib/python3.13/dist-packages/mteb/models/sentence_transformer_wrapper.py:430: UserWarning: Some prompts are not in the expected format and will be ignored. Problems:\n"}
,{"stream_name":"stderr","time":809.697243537,"data":"\n"}
,{"stream_name":"stderr","time":809.69725072,"data":"Task name CodeRetrieval is not valid. Valid keys are task types [('BitextMining', 'Classification', 'MultilabelClassification', 'Clustering', 'PairClassification', 'Regression', 'Reranking', 'Retrieval', 'STS', 'Summarization', 'InstructionRetrieval', 'InstructionReranking', 'Any2AnyReranking', 'Any2AnyRetrieval', 'Any2AnyMultilingualRetrieval', 'VisionCentricQA', 'ImageClustering', 'ImageClassification', 'DocumentUnderstanding', 'VisualSTS(eng)', 'VisualSTS(multi)', 'ZeroShotClassification', 'Compositionality', 'AudioClustering', 'AudioMultilabelClassification', 'AudioReranking', 'AudioZeroshotClassification', 'AudioClassification', 'AudioPairClassification', 'VideoClassification', 'VideoClustering', 'VideoMultilabelClassification', 'VideoPairClassification', 'VideoZeroshotClassification', 'VideoCentricQA')], prompt types [['query', 'document']], and task names\n"}
,{"stream_name":"stderr","time":809.697268201,"data":"Task name Document is not valid. Valid keys are task types [('BitextMining', 'Classification', 'MultilabelClassification', 'Clustering', 'PairClassification', 'Regression', 'Reranking', 'Retrieval', 'STS', 'Summarization', 'InstructionRetrieval', 'InstructionReranking', 'Any2AnyReranking', 'Any2AnyRetrieval', 'Any2AnyMultilingualRetrieval', 'VisionCentricQA', 'ImageClustering', 'ImageClassification', 'DocumentUnderstanding', 'VisualSTS(eng)', 'VisualSTS(multi)', 'ZeroShotClassification', 'Compositionality', 'AudioClustering', 'AudioMultilabelClassification', 'AudioReranking', 'AudioZeroshotClassification', 'AudioClassification', 'AudioPairClassification', 'VideoClassification', 'VideoClustering', 'VideoMultilabelClassification', 'VideoPairClassification', 'VideoZeroshotClassification', 'VideoCentricQA')], prompt types [['query', 'document']], and task names\n"}
,{"stream_name":"stderr","time":809.697275286,"data":"Task name FactChecking is not valid. Valid keys are task types [('BitextMining', 'Classification', 'MultilabelClassification', 'Clustering', 'PairClassification', 'Regression', 'Reranking', 'Retrieval', 'STS', 'Summarization', 'InstructionRetrieval', 'InstructionReranking', 'Any2AnyReranking', 'Any2AnyRetrieval', 'Any2AnyMultilingualRetrieval', 'VisionCentricQA', 'ImageClustering', 'ImageClassification', 'DocumentUnderstanding', 'VisualSTS(eng)', 'VisualSTS(multi)', 'ZeroShotClassification', 'Compositionality', 'AudioClustering', 'AudioMultilabelClassification', 'AudioReranking', 'AudioZeroshotClassification', 'AudioClassification', 'AudioPairClassification', 'VideoClassification', 'VideoClustering', 'VideoMultilabelClassification', 'VideoPairClassification', 'VideoZeroshotClassification', 'VideoCentricQA')], prompt types [['query', 'document']], and task names\n"}
,{"stream_name":"stderr","time":809.697285772,"data":"Task name SearchQuery is not valid. Valid keys are task types [('BitextMining', 'Classification', 'MultilabelClassification', 'Clustering', 'PairClassification', 'Regression', 'Reranking', 'Retrieval', 'STS', 'Summarization', 'InstructionRetrieval', 'InstructionReranking', 'Any2AnyReranking', 'Any2AnyRetrieval', 'Any2AnyMultilingualRetrieval', 'VisionCentricQA', 'ImageClustering', 'ImageClassification', 'DocumentUnderstanding', 'VisualSTS(eng)', 'VisualSTS(multi)', 'ZeroShotClassification', 'Compositionality', 'AudioClustering', 'AudioMultilabelClassification', 'AudioReranking', 'AudioZeroshotClassification', 'AudioClassification', 'AudioPairClassification', 'VideoClassification', 'VideoClustering', 'VideoMultilabelClassification', 'VideoPairClassification', 'VideoZeroshotClassification', 'VideoCentricQA')], prompt types [['query', 'document']], and task names\n"}
,{"stream_name":"stderr","time":809.697289722,"data":"Task name SentenceSimilarity is not valid. Valid keys are task types [('BitextMining', 'Classification', 'MultilabelClassification', 'Clustering', 'PairClassification', 'Regression', 'Reranking', 'Retrieval', 'STS', 'Summarization', 'InstructionRetrieval', 'InstructionReranking', 'Any2AnyReranking', 'Any2AnyRetrieval', 'Any2AnyMultilingualRetrieval', 'VisionCentricQA', 'ImageClustering', 'ImageClassification', 'DocumentUnderstanding', 'VisualSTS(eng)', 'VisualSTS(multi)', 'ZeroShotClassification', 'Compositionality', 'AudioClustering', 'AudioMultilabelClassification', 'AudioReranking', 'AudioZeroshotClassification', 'AudioClassification', 'AudioPairClassification', 'VideoClassification', 'VideoClustering', 'VideoMultilabelClassification', 'VideoPairClassification', 'VideoZeroshotClassification', 'VideoCentricQA')], prompt types [['query', 'document']], and task names\n"}
,{"stream_name":"stderr","time":809.697293252,"data":"Task name QuestionAnswering is not valid. Valid keys are task types [('BitextMining', 'Classification', 'MultilabelClassification', 'Clustering', 'PairClassification', 'Regression', 'Reranking', 'Retrieval', 'STS', 'Summarization', 'InstructionRetrieval', 'InstructionReranking', 'Any2AnyReranking', 'Any2AnyRetrieval', 'Any2AnyMultilingualRetrieval', 'VisionCentricQA', 'ImageClustering', 'ImageClassification', 'DocumentUnderstanding', 'VisualSTS(eng)', 'VisualSTS(multi)', 'ZeroShotClassification', 'Compositionality', 'AudioClustering', 'AudioMultilabelClassification', 'AudioReranking', 'AudioZeroshotClassification', 'AudioClassification', 'AudioPairClassification', 'VideoClassification', 'VideoClustering', 'VideoMultilabelClassification', 'VideoPairClassification', 'VideoZeroshotClassification', 'VideoCentricQA')], prompt types [['query', 'document']], and task names\n"}
,{"stream_name":"stderr","time":809.697299086,"data":"  self.model_prompts = _resolve_model_prompts(self.model, model_prompts)\n"}
,{"stream_name":"stderr","time":809.697301412,"data":"\n"}
,{"stream_name":"stderr","time":809.69730351,"data":"/usr/local/lib/python3.13/dist-packages/mteb/models/sentence_transformer_wrapper.py:430: UserWarning: Some prompts are not in the expected format and will be ignored. Problems:\n"}
,{"stream_name":"stderr","time":809.697305889,"data":"\n"}
,{"stream_name":"stderr","time":809.697308517,"data":"Task name CodeRetrieval is not valid. Valid keys are task types [('BitextMining', 'Classification', 'MultilabelClassification', 'Clustering', 'PairClassification', 'Regression', 'Reranking', 'Retrieval', 'STS', 'Summarization', 'InstructionRetrieval', 'InstructionReranking', 'Any2AnyReranking', 'Any2AnyRetrieval', 'Any2AnyMultilingualRetrieval', 'VisionCentricQA', 'ImageClustering', 'ImageClassification', 'DocumentUnderstanding', 'VisualSTS(eng)', 'VisualSTS(multi)', 'ZeroShotClassification', 'Compositionality', 'AudioClustering', 'AudioMultilabelClassification', 'AudioReranking', 'AudioZeroshotClassification', 'AudioClassification', 'AudioPairClassification', 'VideoClassification', 'VideoClustering', 'VideoMultilabelClassification', 'VideoPairClassification', 'VideoZeroshotClassification', 'VideoCentricQA')], prompt types [['query', 'document']], and task names\n"}
,{"stream_name":"stderr","time":809.697312065,"data":"Task name Document is not valid. Valid keys are task types [('BitextMining', 'Classification', 'MultilabelClassification', 'Clustering', 'PairClassification', 'Regression', 'Reranking', 'Retrieval', 'STS', 'Summarization', 'InstructionRetrieval', 'InstructionReranking', 'Any2AnyReranking', 'Any2AnyRetrieval', 'Any2AnyMultilingualRetrieval', 'VisionCentricQA', 'ImageClustering', 'ImageClassification', 'DocumentUnderstanding', 'VisualSTS(eng)', 'VisualSTS(multi)', 'ZeroShotClassification', 'Compositionality', 'AudioClustering', 'AudioMultilabelClassification', 'AudioReranking', 'AudioZeroshotClassification', 'AudioClassification', 'AudioPairClassification', 'VideoClassification', 'VideoClustering', 'VideoMultilabelClassification', 'VideoPairClassification', 'VideoZeroshotClassification', 'VideoCentricQA')], prompt types [['query', 'document']], and task names\n"}
,{"stream_name":"stderr","time":809.697315852,"data":"Task name FactChecking is not valid. Valid keys are task types [('BitextMining', 'Classification', 'MultilabelClassification', 'Clustering', 'PairClassification', 'Regression', 'Reranking', 'Retrieval', 'STS', 'Summarization', 'InstructionRetrieval', 'InstructionReranking', 'Any2AnyReranking', 'Any2AnyRetrieval', 'Any2AnyMultilingualRetrieval', 'VisionCentricQA', 'ImageClustering', 'ImageClassification', 'DocumentUnderstanding', 'VisualSTS(eng)', 'VisualSTS(multi)', 'ZeroShotClassification', 'Compositionality', 'AudioClustering', 'AudioMultilabelClassification', 'AudioReranking', 'AudioZeroshotClassification', 'AudioClassification', 'AudioPairClassification', 'VideoClassification', 'VideoClustering', 'VideoMultilabelClassification', 'VideoPairClassification', 'VideoZeroshotClassification', 'VideoCentricQA')], prompt types [['query', 'document']], and task names\n"}
,{"stream_name":"stderr","time":809.697333165,"data":"Task name SearchQuery is not valid. Valid keys are task types [('BitextMining', 'Classification', 'MultilabelClassification', 'Clustering', 'PairClassification', 'Regression', 'Reranking', 'Retrieval', 'STS', 'Summarization', 'InstructionRetrieval', 'InstructionReranking', 'Any2AnyReranking', 'Any2AnyRetrieval', 'Any2AnyMultilingualRetrieval', 'VisionCentricQA', 'ImageClustering', 'ImageClassification', 'DocumentUnderstanding', 'VisualSTS(eng)', 'VisualSTS(multi)', 'ZeroShotClassification', 'Compositionality', 'AudioClustering', 'AudioMultilabelClassification', 'AudioReranking', 'AudioZeroshotClassification', 'AudioClassification', 'AudioPairClassification', 'VideoClassification', 'VideoClustering', 'VideoMultilabelClassification', 'VideoPairClassification', 'VideoZeroshotClassification', 'VideoCentricQA')], prompt types [['query', 'document']], and task names\n"}
,{"stream_name":"stderr","time":809.697339742,"data":"Task name SentenceSimilarity is not valid. Valid keys are task types [('BitextMining', 'Classification', 'MultilabelClassification', 'Clustering', 'PairClassification', 'Regression', 'Reranking', 'Retrieval', 'STS', 'Summarization', 'InstructionRetrieval', 'InstructionReranking', 'Any2AnyReranking', 'Any2AnyRetrieval', 'Any2AnyMultilingualRetrieval', 'VisionCentricQA', 'ImageClustering', 'ImageClassification', 'DocumentUnderstanding', 'VisualSTS(eng)', 'VisualSTS(multi)', 'ZeroShotClassification', 'Compositionality', 'AudioClustering', 'AudioMultilabelClassification', 'AudioReranking', 'AudioZeroshotClassification', 'AudioClassification', 'AudioPairClassification', 'VideoClassification', 'VideoClustering', 'VideoMultilabelClassification', 'VideoPairClassification', 'VideoZeroshotClassification', 'VideoCentricQA')], prompt types [['query', 'document']], and task names\n"}
,{"stream_name":"stderr","time":809.697345998,"data":"Task name QuestionAnswering is not valid. Valid keys are task types [('BitextMining', 'Classification', 'MultilabelClassification', 'Clustering', 'PairClassification', 'Regression', 'Reranking', 'Retrieval', 'STS', 'Summarization', 'InstructionRetrieval', 'InstructionReranking', 'Any2AnyReranking', 'Any2AnyRetrieval', 'Any2AnyMultilingualRetrieval', 'VisionCentricQA', 'ImageClustering', 'ImageClassification', 'DocumentUnderstanding', 'VisualSTS(eng)', 'VisualSTS(multi)', 'ZeroShotClassification', 'Compositionality', 'AudioClustering', 'AudioMultilabelClassification', 'AudioReranking', 'AudioZeroshotClassification', 'AudioClassification', 'AudioPairClassification', 'VideoClassification', 'VideoClustering', 'VideoMultilabelClassification', 'VideoPairClassification', 'VideoZeroshotClassification', 'VideoCentricQA')], prompt types [['query', 'document']], and task names\n"}
,{"stream_name":"stderr","time":809.697352359,"data":"  self.model_prompts = _resolve_model_prompts(self.model, model_prompts)\n"}
,{"stream_name":"stderr","time":809.699918431,"data":"The task 'EmotionClassification' is superseded by 'EmotionClassification.v2'. We recommend using the newer version of the task unless you are running a specific benchmark. See `get_task('EmotionClassification.v2').metadata.description` to get a description of the task and changes.\n"}
,{"stream_name":"stderr","time":809.699935702,"data":"\n"}
,{"stream_name":"stderr","time":809.699939878,"data":"The task 'EmotionClassification' is superseded by 'EmotionClassification.v2'. We recommend using the newer version of the task unless you are running a specific benchmark. See `get_task('EmotionClassification.v2').metadata.description` to get a description of the task and changes.\n"}
,{"stream_name":"stderr","time":809.759932682,"data":"/usr/local/lib/python3.13/dist-packages/mteb/evaluate.py:262: UserWarning: The task 'EmotionClassification' is superseded by 'EmotionClassification.v2'. We recommend using the newer version of the task unless you are running a specific benchmark. See `get_task('EmotionClassification.v2').metadata.description` to get a description of the task and changes.\n"}
,{"stream_name":"stderr","time":809.759968568,"data":"  task.check_if_dataset_is_superseded()\n"}
,{"stream_name":"stderr","time":809.759973466,"data":"\n"}
,{"stream_name":"stderr","time":809.759976883,"data":"/usr/local/lib/python3.13/dist-packages/mteb/evaluate.py:262: UserWarning: The task 'EmotionClassification' is superseded by 'EmotionClassification.v2'. We recommend using the newer version of the task unless you are running a specific benchmark. See `get_task('EmotionClassification.v2').metadata.description` to get a description of the task and changes.\n"}
,{"stream_name":"stderr","time":809.75998097,"data":"  task.check_if_dataset_is_superseded()\n"}
,{"stream_name":"stderr","time":809.830602653,"data":"Repo card metadata block was not found. Setting CardData to empty.\n"}
,{"stream_name":"stderr","time":809.830638318,"data":"\n"}
,{"stream_name":"stderr","time":809.830643367,"data":"Repo card metadata block was not found. Setting CardData to empty.\n"}
,{"stream_name":"stdout","time":866.46413508,"data":"EmotionClassification          main_score=0.5736 rev=4f58c6b2\n"}
,{"stream_name":"stderr","time":866.467871187,"data":"/usr/local/lib/python3.13/dist-packages/mteb/models/model_meta.py:969: FutureWarning: The `get_sentence_embedding_dimension` method has been renamed to `get_embedding_dimension`.\n"}
,{"stream_name":"stderr","time":866.467902287,"data":"  embedding_dimensions = model.get_sentence_embedding_dimension()\n"}
,{"stream_name":"stderr","time":866.467908487,"data":"/usr/local/lib/python3.13/dist-packages/mteb/models/model_meta.py:929: FutureWarning: The `get_sentence_embedding_dimension` method has been renamed to `get_embedding_dimension`.\n"}
,{"stream_name":"stderr","time":866.467913672,"data":"  embed_dim=model.get_sentence_embedding_dimension(),\n"}
,{"stream_name":"stderr","time":866.467918061,"data":"Task name CodeRetrieval is not valid. Valid keys are task types [('BitextMining', 'Classification', 'MultilabelClassification', 'Clustering', 'PairClassification', 'Regression', 'Reranking', 'Retrieval', 'STS', 'Summarization', 'InstructionRetrieval', 'InstructionReranking', 'Any2AnyReranking', 'Any2AnyRetrieval', 'Any2AnyMultilingualRetrieval', 'VisionCentricQA', 'ImageClustering', 'ImageClassification', 'DocumentUnderstanding', 'VisualSTS(eng)', 'VisualSTS(multi)', 'ZeroShotClassification', 'Compositionality', 'AudioClustering', 'AudioMultilabelClassification', 'AudioReranking', 'AudioZeroshotClassification', 'AudioClassification', 'AudioPairClassification', 'VideoClassification', 'VideoClustering', 'VideoMultilabelClassification', 'VideoPairClassification', 'VideoZeroshotClassification', 'VideoCentricQA')], prompt types [['query', 'document']], and task names\n"}
,{"stream_name":"stderr","time":866.467925076,"data":"\n"}
,{"stream_name":"stderr","time":866.46792913,"data":"/usr/local/lib/python3.13/dist-packages/mteb/models/model_meta.py:969: FutureWarning: The `get_sentence_embedding_dimension` method has been renamed to `get_embedding_dimension`.\n"}
,{"stream_name":"stderr","time":866.46793392,"data":"  embedding_dimensions = model.get_sentence_embedding_dimension()\n"}
,{"stream_name":"stderr","time":866.467938262,"data":"/usr/local/lib/python3.13/dist-packages/mteb/models/model_meta.py:929: FutureWarning: The `get_sentence_embedding_dimension` method has been renamed to `get_embedding_dimension`.\n"}
,{"stream_name":"stderr","time":866.467943938,"data":"  embed_dim=model.get_sentence_embedding_dimension(),\n"}
,{"stream_name":"stderr","time":866.467949865,"data":"Task name CodeRetrieval is not valid. Valid keys are task types [('BitextMining', 'Classification', 'MultilabelClassification', 'Clustering', 'PairClassification', 'Regression', 'Reranking', 'Retrieval', 'STS', 'Summarization', 'InstructionRetrieval', 'InstructionReranking', 'Any2AnyReranking', 'Any2AnyRetrieval', 'Any2AnyMultilingualRetrieval', 'VisionCentricQA', 'ImageClustering', 'ImageClassification', 'DocumentUnderstanding', 'VisualSTS(eng)', 'VisualSTS(multi)', 'ZeroShotClassification', 'Compositionality', 'AudioClustering', 'AudioMultilabelClassification', 'AudioReranking', 'AudioZeroshotClassification', 'AudioClassification', 'AudioPairClassification', 'VideoClassification', 'VideoClustering', 'VideoMultilabelClassification', 'VideoPairClassification', 'VideoZeroshotClassification', 'VideoCentricQA')], prompt types [['query', 'document']], and task names\n"}
,{"stream_name":"stderr","time":866.469009199,"data":"/usr/local/lib/python3.13/dist-packages/mteb/models/sentence_transformer_wrapper.py:150: UserWarning: Task name CodeRetrieval is not valid. Valid keys are task types [('BitextMining', 'Classification', 'MultilabelClassification', 'Clustering', 'PairClassification', 'Regression', 'Reranking', 'Retrieval', 'STS', 'Summarization', 'InstructionRetrieval', 'InstructionReranking', 'Any2AnyReranking', 'Any2AnyRetrieval', 'Any2AnyMultilingualRetrieval', 'VisionCentricQA', 'ImageClustering', 'ImageClassification', 'DocumentUnderstanding', 'VisualSTS(eng)', 'VisualSTS(multi)', 'ZeroShotClassification', 'Compositionality', 'AudioClustering', 'AudioMultilabelClassification', 'AudioReranking', 'AudioZeroshotClassification', 'AudioClassification', 'AudioPairClassification', 'VideoClassification', 'VideoClustering', 'VideoMultilabelClassification', 'VideoPairClassification', 'VideoZeroshotClassification', 'VideoCentricQA')], prompt types [['query', 'document']], and task names\n"}
,{"stream_name":"stderr","time":866.469031257,"data":"  resolved_prompts, invalid_prompts = AbsEncoder.validate_task_to_prompt_name(\n"}
,{"stream_name":"stderr","time":866.469036334,"data":"Task name Document is not valid. Valid keys are task types [('BitextMining', 'Classification', 'MultilabelClassification', 'Clustering', 'PairClassification', 'Regression', 'Reranking', 'Retrieval', 'STS', 'Summarization', 'InstructionRetrieval', 'InstructionReranking', 'Any2AnyReranking', 'Any2AnyRetrieval', 'Any2AnyMultilingualRetrieval', 'VisionCentricQA', 'ImageClustering', 'ImageClassification', 'DocumentUnderstanding', 'VisualSTS(eng)', 'VisualSTS(multi)', 'ZeroShotClassification', 'Compositionality', 'AudioClustering', 'AudioMultilabelClassification', 'AudioReranking', 'AudioZeroshotClassification', 'AudioClassification', 'AudioPairClassification', 'VideoClassification', 'VideoClustering', 'VideoMultilabelClassification', 'VideoPairClassification', 'VideoZeroshotClassification', 'VideoCentricQA')], prompt types [['query', 'document']], and task names\n"}
,{"stream_name":"stderr","time":866.46904309,"data":"\n"}
,{"stream_name":"stderr","time":866.469047756,"data":"/usr/local/lib/python3.13/dist-packages/mteb/models/sentence_transformer_wrapper.py:150: UserWarning: Task name CodeRetrieval is not valid. Valid keys are task types [('BitextMining', 'Classification', 'MultilabelClassification', 'Clustering', 'PairClassification', 'Regression', 'Reranking', 'Retrieval', 'STS', 'Summarization', 'InstructionRetrieval', 'InstructionReranking', 'Any2AnyReranking', 'Any2AnyRetrieval', 'Any2AnyMultilingualRetrieval', 'VisionCentricQA', 'ImageClustering', 'ImageClassification', 'DocumentUnderstanding', 'VisualSTS(eng)', 'VisualSTS(multi)', 'ZeroShotClassification', 'Compositionality', 'AudioClustering', 'AudioMultilabelClassification', 'AudioReranking', 'AudioZeroshotClassification', 'AudioClassification', 'AudioPairClassification', 'VideoClassification', 'VideoClustering', 'VideoMultilabelClassification', 'VideoPairClassification', 'VideoZeroshotClassification', 'VideoCentricQA')], prompt types [['query', 'document']], and task names\n"}
,{"stream_name":"stderr","time":866.469052993,"data":"  resolved_prompts, invalid_prompts = AbsEncoder.validate_task_to_prompt_name(\n"}
,{"stream_name":"stderr","time":866.469065897,"data":"Task name Document is not valid. Valid keys are task types [('BitextMining', 'Classification', 'MultilabelClassification', 'Clustering', 'PairClassification', 'Regression', 'Reranking', 'Retrieval', 'STS', 'Summarization', 'InstructionRetrieval', 'InstructionReranking', 'Any2AnyReranking', 'Any2AnyRetrieval', 'Any2AnyMultilingualRetrieval', 'VisionCentricQA', 'ImageClustering', 'ImageClassification', 'DocumentUnderstanding', 'VisualSTS(eng)', 'VisualSTS(multi)', 'ZeroShotClassification', 'Compositionality', 'AudioClustering', 'AudioMultilabelClassification', 'AudioReranking', 'AudioZeroshotClassification', 'AudioClassification', 'AudioPairClassification', 'VideoClassification', 'VideoClustering', 'VideoMultilabelClassification', 'VideoPairClassification', 'VideoZeroshotClassification', 'VideoCentricQA')], prompt types [['query', 'document']], and task names\n"}
,{"stream_name":"stderr","time":866.482884374,"data":"/usr/local/lib/python3.13/dist-packages/mteb/models/sentence_transformer_wrapper.py:150: UserWarning: Task name Document is not valid. Valid keys are task types [('BitextMining', 'Classification', 'MultilabelClassification', 'Clustering', 'PairClassification', 'Regression', 'Reranking', 'Retrieval', 'STS', 'Summarization', 'InstructionRetrieval', 'InstructionReranking', 'Any2AnyReranking', 'Any2AnyRetrieval', 'Any2AnyMultilingualRetrieval', 'VisionCentricQA', 'ImageClustering', 'ImageClassification', 'DocumentUnderstanding', 'VisualSTS(eng)', 'VisualSTS(multi)', 'ZeroShotClassification', 'Compositionality', 'AudioClustering', 'AudioMultilabelClassification', 'AudioReranking', 'AudioZeroshotClassification', 'AudioClassification', 'AudioPairClassification', 'VideoClassification', 'VideoClustering', 'VideoMultilabelClassification', 'VideoPairClassification', 'VideoZeroshotClassification', 'VideoCentricQA')], prompt types [['query', 'document']], and task names\n"}
,{"stream_name":"stderr","time":866.482910713,"data":"  resolved_prompts, invalid_prompts = AbsEncoder.validate_task_to_prompt_name(\n"}
,{"stream_name":"stderr","time":866.48291553,"data":"Task name FactChecking is not valid. Valid keys are task types [('BitextMining', 'Classification', 'MultilabelClassification', 'Clustering', 'PairClassification', 'Regression', 'Reranking', 'Retrieval', 'STS', 'Summarization', 'InstructionRetrieval', 'InstructionReranking', 'Any2AnyReranking', 'Any2AnyRetrieval', 'Any2AnyMultilingualRetrieval', 'VisionCentricQA', 'ImageClustering', 'ImageClassification', 'DocumentUnderstanding', 'VisualSTS(eng)', 'VisualSTS(multi)', 'ZeroShotClassification', 'Compositionality', 'AudioClustering', 'AudioMultilabelClassification', 'AudioReranking', 'AudioZeroshotClassification', 'AudioClassification', 'AudioPairClassification', 'VideoClassification', 'VideoClustering', 'VideoMultilabelClassification', 'VideoPairClassification', 'VideoZeroshotClassification', 'VideoCentricQA')], prompt types [['query', 'document']], and task names\n"}
,{"stream_name":"stderr","time":866.482921626,"data":"\n"}
,{"stream_name":"stderr","time":866.482925964,"data":"/usr/local/lib/python3.13/dist-packages/mteb/models/sentence_transformer_wrapper.py:150: UserWarning: Task name Document is not valid. Valid keys are task types [('BitextMining', 'Classification', 'MultilabelClassification', 'Clustering', 'PairClassification', 'Regression', 'Reranking', 'Retrieval', 'STS', 'Summarization', 'InstructionRetrieval', 'InstructionReranking', 'Any2AnyReranking', 'Any2AnyRetrieval', 'Any2AnyMultilingualRetrieval', 'VisionCentricQA', 'ImageClustering', 'ImageClassification', 'DocumentUnderstanding', 'VisualSTS(eng)', 'VisualSTS(multi)', 'ZeroShotClassification', 'Compositionality', 'AudioClustering', 'AudioMultilabelClassification', 'AudioReranking', 'AudioZeroshotClassification', 'AudioClassification', 'AudioPairClassification', 'VideoClassification', 'VideoClustering', 'VideoMultilabelClassification', 'VideoPairClassification', 'VideoZeroshotClassification', 'VideoCentricQA')], prompt types [['query', 'document']], and task names\n"}
,{"stream_name":"stderr","time":866.482950968,"data":"  resolved_prompts, invalid_prompts = AbsEncoder.validate_task_to_prompt_name(\n"}
,{"stream_name":"stderr","time":866.482953673,"data":"Task name FactChecking is not valid. Valid keys are task types [('BitextMining', 'Classification', 'MultilabelClassification', 'Clustering', 'PairClassification', 'Regression', 'Reranking', 'Retrieval', 'STS', 'Summarization', 'InstructionRetrieval', 'InstructionReranking', 'Any2AnyReranking', 'Any2AnyRetrieval', 'Any2AnyMultilingualRetrieval', 'VisionCentricQA', 'ImageClustering', 'ImageClassification', 'DocumentUnderstanding', 'VisualSTS(eng)', 'VisualSTS(multi)', 'ZeroShotClassification', 'Compositionality', 'AudioClustering', 'AudioMultilabelClassification', 'AudioReranking', 'AudioZeroshotClassification', 'AudioClassification', 'AudioPairClassification', 'VideoClassification', 'VideoClustering', 'VideoMultilabelClassification', 'VideoPairClassification', 'VideoZeroshotClassification', 'VideoCentricQA')], prompt types [['query', 'document']], and task names\n"}
,{"stream_name":"stderr","time":866.493819151,"data":"/usr/local/lib/python3.13/dist-packages/mteb/models/sentence_transformer_wrapper.py:150: UserWarning: Task name FactChecking is not valid. Valid keys are task types [('BitextMining', 'Classification', 'MultilabelClassification', 'Clustering', 'PairClassification', 'Regression', 'Reranking', 'Retrieval', 'STS', 'Summarization', 'InstructionRetrieval', 'InstructionReranking', 'Any2AnyReranking', 'Any2AnyRetrieval', 'Any2AnyMultilingualRetrieval', 'VisionCentricQA', 'ImageClustering', 'ImageClassification', 'DocumentUnderstanding', 'VisualSTS(eng)', 'VisualSTS(multi)', 'ZeroShotClassification', 'Compositionality', 'AudioClustering', 'AudioMultilabelClassification', 'AudioReranking', 'AudioZeroshotClassification', 'AudioClassification', 'AudioPairClassification', 'VideoClassification', 'VideoClustering', 'VideoMultilabelClassification', 'VideoPairClassification', 'VideoZeroshotClassification', 'VideoCentricQA')], prompt types [['query', 'document']], and task names\n"}
,{"stream_name":"stderr","time":866.493843706,"data":"  resolved_prompts, invalid_prompts = AbsEncoder.validate_task_to_prompt_name(\n"}
,{"stream_name":"stderr","time":866.493848545,"data":"Task name QuestionAnswering is not valid. Valid keys are task types [('BitextMining', 'Classification', 'MultilabelClassification', 'Clustering', 'PairClassification', 'Regression', 'Reranking', 'Retrieval', 'STS', 'Summarization', 'InstructionRetrieval', 'InstructionReranking', 'Any2AnyReranking', 'Any2AnyRetrieval', 'Any2AnyMultilingualRetrieval', 'VisionCentricQA', 'ImageClustering', 'ImageClassification', 'DocumentUnderstanding', 'VisualSTS(eng)', 'VisualSTS(multi)', 'ZeroShotClassification', 'Compositionality', 'AudioClustering', 'AudioMultilabelClassification', 'AudioReranking', 'AudioZeroshotClassification', 'AudioClassification', 'AudioPairClassification', 'VideoClassification', 'VideoClustering', 'VideoMultilabelClassification', 'VideoPairClassification', 'VideoZeroshotClassification', 'VideoCentricQA')], prompt types [['query', 'document']], and task names\n"}
,{"stream_name":"stderr","time":866.493855181,"data":"\n"}
,{"stream_name":"stderr","time":866.493859357,"data":"/usr/local/lib/python3.13/dist-packages/mteb/models/sentence_transformer_wrapper.py:150: UserWarning: Task name FactChecking is not valid. Valid keys are task types [('BitextMining', 'Classification', 'MultilabelClassification', 'Clustering', 'PairClassification', 'Regression', 'Reranking', 'Retrieval', 'STS', 'Summarization', 'InstructionRetrieval', 'InstructionReranking', 'Any2AnyReranking', 'Any2AnyRetrieval', 'Any2AnyMultilingualRetrieval', 'VisionCentricQA', 'ImageClustering', 'ImageClassification', 'DocumentUnderstanding', 'VisualSTS(eng)', 'VisualSTS(multi)', 'ZeroShotClassification', 'Compositionality', 'AudioClustering', 'AudioMultilabelClassification', 'AudioReranking', 'AudioZeroshotClassification', 'AudioClassification', 'AudioPairClassification', 'VideoClassification', 'VideoClustering', 'VideoMultilabelClassification', 'VideoPairClassification', 'VideoZeroshotClassification', 'VideoCentricQA')], prompt types [['query', 'document']], and task names\n"}
,{"stream_name":"stderr","time":866.493878291,"data":"  resolved_prompts, invalid_prompts = AbsEncoder.validate_task_to_prompt_name(\n"}
,{"stream_name":"stderr","time":866.493882609,"data":"Task name QuestionAnswering is not valid. Valid keys are task types [('BitextMining', 'Classification', 'MultilabelClassification', 'Clustering', 'PairClassification', 'Regression', 'Reranking', 'Retrieval', 'STS', 'Summarization', 'InstructionRetrieval', 'InstructionReranking', 'Any2AnyReranking', 'Any2AnyRetrieval', 'Any2AnyMultilingualRetrieval', 'VisionCentricQA', 'ImageClustering', 'ImageClassification', 'DocumentUnderstanding', 'VisualSTS(eng)', 'VisualSTS(multi)', 'ZeroShotClassification', 'Compositionality', 'AudioClustering', 'AudioMultilabelClassification', 'AudioReranking', 'AudioZeroshotClassification', 'AudioClassification', 'AudioPairClassification', 'VideoClassification', 'VideoClustering', 'VideoMultilabelClassification', 'VideoPairClassification', 'VideoZeroshotClassification', 'VideoCentricQA')], prompt types [['query', 'document']], and task names\n"}
,{"stream_name":"stderr","time":866.49463937,"data":"/usr/local/lib/python3.13/dist-packages/mteb/models/sentence_transformer_wrapper.py:150: UserWarning: Task name QuestionAnswering is not valid. Valid keys are task types [('BitextMining', 'Classification', 'MultilabelClassification', 'Clustering', 'PairClassification', 'Regression', 'Reranking', 'Retrieval', 'STS', 'Summarization', 'InstructionRetrieval', 'InstructionReranking', 'Any2AnyReranking', 'Any2AnyRetrieval', 'Any2AnyMultilingualRetrieval', 'VisionCentricQA', 'ImageClustering', 'ImageClassification', 'DocumentUnderstanding', 'VisualSTS(eng)', 'VisualSTS(multi)', 'ZeroShotClassification', 'Compositionality', 'AudioClustering', 'AudioMultilabelClassification', 'AudioReranking', 'AudioZeroshotClassification', 'AudioClassification', 'AudioPairClassification', 'VideoClassification', 'VideoClustering', 'VideoMultilabelClassification', 'VideoPairClassification', 'VideoZeroshotClassification', 'VideoCentricQA')], prompt types [['query', 'document']], and task names\n"}
,{"stream_name":"stderr","time":866.494665165,"data":"  resolved_prompts, invalid_prompts = AbsEncoder.validate_task_to_prompt_name(\n"}
,{"stream_name":"stderr","time":866.494669922,"data":"Task name SearchQuery is not valid. Valid keys are task types [('BitextMining', 'Classification', 'MultilabelClassification', 'Clustering', 'PairClassification', 'Regression', 'Reranking', 'Retrieval', 'STS', 'Summarization', 'InstructionRetrieval', 'InstructionReranking', 'Any2AnyReranking', 'Any2AnyRetrieval', 'Any2AnyMultilingualRetrieval', 'VisionCentricQA', 'ImageClustering', 'ImageClassification', 'DocumentUnderstanding', 'VisualSTS(eng)', 'VisualSTS(multi)', 'ZeroShotClassification', 'Compositionality', 'AudioClustering', 'AudioMultilabelClassification', 'AudioReranking', 'AudioZeroshotClassification', 'AudioClassification', 'AudioPairClassification', 'VideoClassification', 'VideoClustering', 'VideoMultilabelClassification', 'VideoPairClassification', 'VideoZeroshotClassification', 'VideoCentricQA')], prompt types [['query', 'document']], and task names\n"}
,{"stream_name":"stderr","time":866.49467713,"data":"\n"}
,{"stream_name":"stderr","time":866.494681405,"data":"/usr/local/lib/python3.13/dist-packages/mteb/models/sentence_transformer_wrapper.py:150: UserWarning: Task name QuestionAnswering is not valid. Valid keys are task types [('BitextMining', 'Classification', 'MultilabelClassification', 'Clustering', 'PairClassification', 'Regression', 'Reranking', 'Retrieval', 'STS', 'Summarization', 'InstructionRetrieval', 'InstructionReranking', 'Any2AnyReranking', 'Any2AnyRetrieval', 'Any2AnyMultilingualRetrieval', 'VisionCentricQA', 'ImageClustering', 'ImageClassification', 'DocumentUnderstanding', 'VisualSTS(eng)', 'VisualSTS(multi)', 'ZeroShotClassification', 'Compositionality', 'AudioClustering', 'AudioMultilabelClassification', 'AudioReranking', 'AudioZeroshotClassification', 'AudioClassification', 'AudioPairClassification', 'VideoClassification', 'VideoClustering', 'VideoMultilabelClassification', 'VideoPairClassification', 'VideoZeroshotClassification', 'VideoCentricQA')], prompt types [['query', 'document']], and task names\n"}
,{"stream_name":"stderr","time":866.494697229,"data":"  resolved_prompts, invalid_prompts = AbsEncoder.validate_task_to_prompt_name(\n"}
,{"stream_name":"stderr","time":866.49470111,"data":"Task name SearchQuery is not valid. Valid keys are task types [('BitextMining', 'Classification', 'MultilabelClassification', 'Clustering', 'PairClassification', 'Regression', 'Reranking', 'Retrieval', 'STS', 'Summarization', 'InstructionRetrieval', 'InstructionReranking', 'Any2AnyReranking', 'Any2AnyRetrieval', 'Any2AnyMultilingualRetrieval', 'VisionCentricQA', 'ImageClustering', 'ImageClassification', 'DocumentUnderstanding', 'VisualSTS(eng)', 'VisualSTS(multi)', 'ZeroShotClassification', 'Compositionality', 'AudioClustering', 'AudioMultilabelClassification', 'AudioReranking', 'AudioZeroshotClassification', 'AudioClassification', 'AudioPairClassification', 'VideoClassification', 'VideoClustering', 'VideoMultilabelClassification', 'VideoPairClassification', 'VideoZeroshotClassification', 'VideoCentricQA')], prompt types [['query', 'document']], and task names\n"}
,{"stream_name":"stderr","time":866.508445114,"data":"/usr/local/lib/python3.13/dist-packages/mteb/models/sentence_transformer_wrapper.py:150: UserWarning: Task name SearchQuery is not valid. Valid keys are task types [('BitextMining', 'Classification', 'MultilabelClassification', 'Clustering', 'PairClassification', 'Regression', 'Reranking', 'Retrieval', 'STS', 'Summarization', 'InstructionRetrieval', 'InstructionReranking', 'Any2AnyReranking', 'Any2AnyRetrieval', 'Any2AnyMultilingualRetrieval', 'VisionCentricQA', 'ImageClustering', 'ImageClassification', 'DocumentUnderstanding', 'VisualSTS(eng)', 'VisualSTS(multi)', 'ZeroShotClassification', 'Compositionality', 'AudioClustering', 'AudioMultilabelClassification', 'AudioReranking', 'AudioZeroshotClassification', 'AudioClassification', 'AudioPairClassification', 'VideoClassification', 'VideoClustering', 'VideoMultilabelClassification', 'VideoPairClassification', 'VideoZeroshotClassification', 'VideoCentricQA')], prompt types [['query', 'document']], and task names\n"}
,{"stream_name":"stderr","time":866.50847036,"data":"  resolved_prompts, invalid_prompts = AbsEncoder.validate_task_to_prompt_name(\n"}
,{"stream_name":"stderr","time":866.508474887,"data":"Task name SentenceSimilarity is not valid. Valid keys are task types [('BitextMining', 'Classification', 'MultilabelClassification', 'Clustering', 'PairClassification', 'Regression', 'Reranking', 'Retrieval', 'STS', 'Summarization', 'InstructionRetrieval', 'InstructionReranking', 'Any2AnyReranking', 'Any2AnyRetrieval', 'Any2AnyMultilingualRetrieval', 'VisionCentricQA', 'ImageClustering', 'ImageClassification', 'DocumentUnderstanding', 'VisualSTS(eng)', 'VisualSTS(multi)', 'ZeroShotClassification', 'Compositionality', 'AudioClustering', 'AudioMultilabelClassification', 'AudioReranking', 'AudioZeroshotClassification', 'AudioClassification', 'AudioPairClassification', 'VideoClassification', 'VideoClustering', 'VideoMultilabelClassification', 'VideoPairClassification', 'VideoZeroshotClassification', 'VideoCentricQA')], prompt types [['query', 'document']], and task names\n"}
,{"stream_name":"stderr","time":866.508480996,"data":"\n"}
,{"stream_name":"stderr","time":866.508485172,"data":"/usr/local/lib/python3.13/dist-packages/mteb/models/sentence_transformer_wrapper.py:150: UserWarning: Task name SearchQuery is not valid. Valid keys are task types [('BitextMining', 'Classification', 'MultilabelClassification', 'Clustering', 'PairClassification', 'Regression', 'Reranking', 'Retrieval', 'STS', 'Summarization', 'InstructionRetrieval', 'InstructionReranking', 'Any2AnyReranking', 'Any2AnyRetrieval', 'Any2AnyMultilingualRetrieval', 'VisionCentricQA', 'ImageClustering', 'ImageClassification', 'DocumentUnderstanding', 'VisualSTS(eng)', 'VisualSTS(multi)', 'ZeroShotClassification', 'Compositionality', 'AudioClustering', 'AudioMultilabelClassification', 'AudioReranking', 'AudioZeroshotClassification', 'AudioClassification', 'AudioPairClassification', 'VideoClassification', 'VideoClustering', 'VideoMultilabelClassification', 'VideoPairClassification', 'VideoZeroshotClassification', 'VideoCentricQA')], prompt types [['query', 'document']], and task names\n"}
,{"stream_name":"stderr","time":866.508502207,"data":"  resolved_prompts, invalid_prompts = AbsEncoder.validate_task_to_prompt_name(\n"}
,{"stream_name":"stderr","time":866.50850727,"data":"Task name SentenceSimilarity is not valid. Valid keys are task types [('BitextMining', 'Classification', 'MultilabelClassification', 'Clustering', 'PairClassification', 'Regression', 'Reranking', 'Retrieval', 'STS', 'Summarization', 'InstructionRetrieval', 'InstructionReranking', 'Any2AnyReranking', 'Any2AnyRetrieval', 'Any2AnyMultilingualRetrieval', 'VisionCentricQA', 'ImageClustering', 'ImageClassification', 'DocumentUnderstanding', 'VisualSTS(eng)', 'VisualSTS(multi)', 'ZeroShotClassification', 'Compositionality', 'AudioClustering', 'AudioMultilabelClassification', 'AudioReranking', 'AudioZeroshotClassification', 'AudioClassification', 'AudioPairClassification', 'VideoClassification', 'VideoClustering', 'VideoMultilabelClassification', 'VideoPairClassification', 'VideoZeroshotClassification', 'VideoCentricQA')], prompt types [['query', 'document']], and task names\n"}
,{"stream_name":"stderr","time":866.509559349,"data":"/usr/local/lib/python3.13/dist-packages/mteb/models/sentence_transformer_wrapper.py:150: UserWarning: Task name SentenceSimilarity is not valid. Valid keys are task types [('BitextMining', 'Classification', 'MultilabelClassification', 'Clustering', 'PairClassification', 'Regression', 'Reranking', 'Retrieval', 'STS', 'Summarization', 'InstructionRetrieval', 'InstructionReranking', 'Any2AnyReranking', 'Any2AnyRetrieval', 'Any2AnyMultilingualRetrieval', 'VisionCentricQA', 'ImageClustering', 'ImageClassification', 'DocumentUnderstanding', 'VisualSTS(eng)', 'VisualSTS(multi)', 'ZeroShotClassification', 'Compositionality', 'AudioClustering', 'AudioMultilabelClassification', 'AudioReranking', 'AudioZeroshotClassification', 'AudioClassification', 'AudioPairClassification', 'VideoClassification', 'VideoClustering', 'VideoMultilabelClassification', 'VideoPairClassification', 'VideoZeroshotClassification', 'VideoCentricQA')], prompt types [['query', 'document']], and task names\n"}
,{"stream_name":"stderr","time":866.509581534,"data":"  resolved_prompts, invalid_prompts = AbsEncoder.validate_task_to_prompt_name(\n"}
,{"stream_name":"stderr","time":866.509587175,"data":"Some prompts are not in the expected format and will be ignored. Problems:\n"}
,{"stream_name":"stderr","time":866.509591844,"data":"\n"}
,{"stream_name":"stderr","time":866.509596226,"data":"Task name CodeRetrieval is not valid. Valid keys are task types [('BitextMining', 'Classification', 'MultilabelClassification', 'Clustering', 'PairClassification', 'Regression', 'Reranking', 'Retrieval', 'STS', 'Summarization', 'InstructionRetrieval', 'InstructionReranking', 'Any2AnyReranking', 'Any2AnyRetrieval', 'Any2AnyMultilingualRetrieval', 'VisionCentricQA', 'ImageClustering', 'ImageClassification', 'DocumentUnderstanding', 'VisualSTS(eng)', 'VisualSTS(multi)', 'ZeroShotClassification', 'Compositionality', 'AudioClustering', 'AudioMultilabelClassification', 'AudioReranking', 'AudioZeroshotClassification', 'AudioClassification', 'AudioPairClassification', 'VideoClassification', 'VideoClustering', 'VideoMultilabelClassification', 'VideoPairClassification', 'VideoZeroshotClassification', 'VideoCentricQA')], prompt types [['query', 'document']], and task names\n"}
,{"stream_name":"stderr","time":866.509621019,"data":"Task name Document is not valid. Valid keys are task types [('BitextMining', 'Classification', 'MultilabelClassification', 'Clustering', 'PairClassification', 'Regression', 'Reranking', 'Retrieval', 'STS', 'Summarization', 'InstructionRetrieval', 'InstructionReranking', 'Any2AnyReranking', 'Any2AnyRetrieval', 'Any2AnyMultilingualRetrieval', 'VisionCentricQA', 'ImageClustering', 'ImageClassification', 'DocumentUnderstanding', 'VisualSTS(eng)', 'VisualSTS(multi)', 'ZeroShotClassification', 'Compositionality', 'AudioClustering', 'AudioMultilabelClassification', 'AudioReranking', 'AudioZeroshotClassification', 'AudioClassification', 'AudioPairClassification', 'VideoClassification', 'VideoClustering', 'VideoMultilabelClassification', 'VideoPairClassification', 'VideoZeroshotClassification', 'VideoCentricQA')], prompt types [['query', 'document']], and task names\n"}
,{"stream_name":"stderr","time":866.509625881,"data":"Task name FactChecking is not valid. Valid keys are task types [('BitextMining', 'Classification', 'MultilabelClassification', 'Clustering', 'PairClassification', 'Regression', 'Reranking', 'Retrieval', 'STS', 'Summarization', 'InstructionRetrieval', 'InstructionReranking', 'Any2AnyReranking', 'Any2AnyRetrieval', 'Any2AnyMultilingualRetrieval', 'VisionCentricQA', 'ImageClustering', 'ImageClassification', 'DocumentUnderstanding', 'VisualSTS(eng)', 'VisualSTS(multi)', 'ZeroShotClassification', 'Compositionality', 'AudioClustering', 'AudioMultilabelClassification', 'AudioReranking', 'AudioZeroshotClassification', 'AudioClassification', 'AudioPairClassification', 'VideoClassification', 'VideoClustering', 'VideoMultilabelClassification', 'VideoPairClassification', 'VideoZeroshotClassification', 'VideoCentricQA')], prompt types [['query', 'document']], and task names\n"}
,{"stream_name":"stderr","time":866.509630374,"data":"Task name SearchQuery is not valid. Valid keys are task types [('BitextMining', 'Classification', 'MultilabelClassification', 'Clustering', 'PairClassification', 'Regression', 'Reranking', 'Retrieval', 'STS', 'Summarization', 'InstructionRetrieval', 'InstructionReranking', 'Any2AnyReranking', 'Any2AnyRetrieval', 'Any2AnyMultilingualRetrieval', 'VisionCentricQA', 'ImageClustering', 'ImageClassification', 'DocumentUnderstanding', 'VisualSTS(eng)', 'VisualSTS(multi)', 'ZeroShotClassification', 'Compositionality', 'AudioClustering', 'AudioMultilabelClassification', 'AudioReranking', 'AudioZeroshotClassification', 'AudioClassification', 'AudioPairClassification', 'VideoClassification', 'VideoClustering', 'VideoMultilabelClassification', 'VideoPairClassification', 'VideoZeroshotClassification', 'VideoCentricQA')], prompt types [['query', 'document']], and task names\n"}
,{"stream_name":"stderr","time":866.509634602,"data":"Task name SentenceSimilarity is not valid. Valid keys are task types [('BitextMining', 'Classification', 'MultilabelClassification', 'Clustering', 'PairClassification', 'Regression', 'Reranking', 'Retrieval', 'STS', 'Summarization', 'InstructionRetrieval', 'InstructionReranking', 'Any2AnyReranking', 'Any2AnyRetrieval', 'Any2AnyMultilingualRetrieval', 'VisionCentricQA', 'ImageClustering', 'ImageClassification', 'DocumentUnderstanding', 'VisualSTS(eng)', 'VisualSTS(multi)', 'ZeroShotClassification', 'Compositionality', 'AudioClustering', 'AudioMultilabelClassification', 'AudioReranking', 'AudioZeroshotClassification', 'AudioClassification', 'AudioPairClassification', 'VideoClassification', 'VideoClustering', 'VideoMultilabelClassification', 'VideoPairClassification', 'VideoZeroshotClassification', 'VideoCentricQA')], prompt types [['query', 'document']], and task names\n"}
,{"stream_name":"stderr","time":866.509651957,"data":"Task name QuestionAnswering is not valid. Valid keys are task types [('BitextMining', 'Classification', 'MultilabelClassification', 'Clustering', 'PairClassification', 'Regression', 'Reranking', 'Retrieval', 'STS', 'Summarization', 'InstructionRetrieval', 'InstructionReranking', 'Any2AnyReranking', 'Any2AnyRetrieval', 'Any2AnyMultilingualRetrieval', 'VisionCentricQA', 'ImageClustering', 'ImageClassification', 'DocumentUnderstanding', 'VisualSTS(eng)', 'VisualSTS(multi)', 'ZeroShotClassification', 'Compositionality', 'AudioClustering', 'AudioMultilabelClassification', 'AudioReranking', 'AudioZeroshotClassification', 'AudioClassification', 'AudioPairClassification', 'VideoClassification', 'VideoClustering', 'VideoMultilabelClassification', 'VideoPairClassification', 'VideoZeroshotClassification', 'VideoCentricQA')], prompt types [['query', 'document']], and task names\n"}
,{"stream_name":"stderr","time":866.509659288,"data":"\n"}
,{"stream_name":"stderr","time":866.509661974,"data":"/usr/local/lib/python3.13/dist-packages/mteb/models/sentence_transformer_wrapper.py:150: UserWarning: Task name SentenceSimilarity is not valid. Valid keys are task types [('BitextMining', 'Classification', 'MultilabelClassification', 'Clustering', 'PairClassification', 'Regression', 'Reranking', 'Retrieval', 'STS', 'Summarization', 'InstructionRetrieval', 'InstructionReranking', 'Any2AnyReranking', 'Any2AnyRetrieval', 'Any2AnyMultilingualRetrieval', 'VisionCentricQA', 'ImageClustering', 'ImageClassification', 'DocumentUnderstanding', 'VisualSTS(eng)', 'VisualSTS(multi)', 'ZeroShotClassification', 'Compositionality', 'AudioClustering', 'AudioMultilabelClassification', 'AudioReranking', 'AudioZeroshotClassification', 'AudioClassification', 'AudioPairClassification', 'VideoClassification', 'VideoClustering', 'VideoMultilabelClassification', 'VideoPairClassification', 'VideoZeroshotClassification', 'VideoCentricQA')], prompt types [['query', 'document']], and task names\n"}
,{"stream_name":"stderr","time":866.509666315,"data":"  resolved_prompts, invalid_prompts = AbsEncoder.validate_task_to_prompt_name(\n"}
,{"stream_name":"stderr","time":866.509668934,"data":"Some prompts are not in the expected format and will be ignored. Problems:\n"}
,{"stream_name":"stderr","time":866.509671621,"data":"\n"}
,{"stream_name":"stderr","time":866.509674455,"data":"Task name CodeRetrieval is not valid. Valid keys are task types [('BitextMining', 'Classification', 'MultilabelClassification', 'Clustering', 'PairClassification', 'Regression', 'Reranking', 'Retrieval', 'STS', 'Summarization', 'InstructionRetrieval', 'InstructionReranking', 'Any2AnyReranking', 'Any2AnyRetrieval', 'Any2AnyMultilingualRetrieval', 'VisionCentricQA', 'ImageClustering', 'ImageClassification', 'DocumentUnderstanding', 'VisualSTS(eng)', 'VisualSTS(multi)', 'ZeroShotClassification', 'Compositionality', 'AudioClustering', 'AudioMultilabelClassification', 'AudioReranking', 'AudioZeroshotClassification', 'AudioClassification', 'AudioPairClassification', 'VideoClassification', 'VideoClustering', 'VideoMultilabelClassification', 'VideoPairClassification', 'VideoZeroshotClassification', 'VideoCentricQA')], prompt types [['query', 'document']], and task names\n"}
,{"stream_name":"stderr","time":866.509678668,"data":"Task name Document is not valid. Valid keys are task types [('BitextMining', 'Classification', 'MultilabelClassification', 'Clustering', 'PairClassification', 'Regression', 'Reranking', 'Retrieval', 'STS', 'Summarization', 'InstructionRetrieval', 'InstructionReranking', 'Any2AnyReranking', 'Any2AnyRetrieval', 'Any2AnyMultilingualRetrieval', 'VisionCentricQA', 'ImageClustering', 'ImageClassification', 'DocumentUnderstanding', 'VisualSTS(eng)', 'VisualSTS(multi)', 'ZeroShotClassification', 'Compositionality', 'AudioClustering', 'AudioMultilabelClassification', 'AudioReranking', 'AudioZeroshotClassification', 'AudioClassification', 'AudioPairClassification', 'VideoClassification', 'VideoClustering', 'VideoMultilabelClassification', 'VideoPairClassification', 'VideoZeroshotClassification', 'VideoCentricQA')], prompt types [['query', 'document']], and task names\n"}
,{"stream_name":"stderr","time":866.509685676,"data":"Task name FactChecking is not valid. Valid keys are task types [('BitextMining', 'Classification', 'MultilabelClassification', 'Clustering', 'PairClassification', 'Regression', 'Reranking', 'Retrieval', 'STS', 'Summarization', 'InstructionRetrieval', 'InstructionReranking', 'Any2AnyReranking', 'Any2AnyRetrieval', 'Any2AnyMultilingualRetrieval', 'VisionCentricQA', 'ImageClustering', 'ImageClassification', 'DocumentUnderstanding', 'VisualSTS(eng)', 'VisualSTS(multi)', 'ZeroShotClassification', 'Compositionality', 'AudioClustering', 'AudioMultilabelClassification', 'AudioReranking', 'AudioZeroshotClassification', 'AudioClassification', 'AudioPairClassification', 'VideoClassification', 'VideoClustering', 'VideoMultilabelClassification', 'VideoPairClassification', 'VideoZeroshotClassification', 'VideoCentricQA')], prompt types [['query', 'document']], and task names\n"}
,{"stream_name":"stderr","time":866.509690357,"data":"Task name SearchQuery is not valid. Valid keys are task types [('BitextMining', 'Classification', 'MultilabelClassification', 'Clustering', 'PairClassification', 'Regression', 'Reranking', 'Retrieval', 'STS', 'Summarization', 'InstructionRetrieval', 'InstructionReranking', 'Any2AnyReranking', 'Any2AnyRetrieval', 'Any2AnyMultilingualRetrieval', 'VisionCentricQA', 'ImageClustering', 'ImageClassification', 'DocumentUnderstanding', 'VisualSTS(eng)', 'VisualSTS(multi)', 'ZeroShotClassification', 'Compositionality', 'AudioClustering', 'AudioMultilabelClassification', 'AudioReranking', 'AudioZeroshotClassification', 'AudioClassification', 'AudioPairClassification', 'VideoClassification', 'VideoClustering', 'VideoMultilabelClassification', 'VideoPairClassification', 'VideoZeroshotClassification', 'VideoCentricQA')], prompt types [['query', 'document']], and task names\n"}
,{"stream_name":"stderr","time":866.509694466,"data":"Task name SentenceSimilarity is not valid. Valid keys are task types [('BitextMining', 'Classification', 'MultilabelClassification', 'Clustering', 'PairClassification', 'Regression', 'Reranking', 'Retrieval', 'STS', 'Summarization', 'InstructionRetrieval', 'InstructionReranking', 'Any2AnyReranking', 'Any2AnyRetrieval', 'Any2AnyMultilingualRetrieval', 'VisionCentricQA', 'ImageClustering', 'ImageClassification', 'DocumentUnderstanding', 'VisualSTS(eng)', 'VisualSTS(multi)', 'ZeroShotClassification', 'Compositionality', 'AudioClustering', 'AudioMultilabelClassification', 'AudioReranking', 'AudioZeroshotClassification', 'AudioClassification', 'AudioPairClassification', 'VideoClassification', 'VideoClustering', 'VideoMultilabelClassification', 'VideoPairClassification', 'VideoZeroshotClassification', 'VideoCentricQA')], prompt types [['query', 'document']], and task names\n"}
,{"stream_name":"stderr","time":866.509699054,"data":"Task name QuestionAnswering is not valid. Valid keys are task types [('BitextMining', 'Classification', 'MultilabelClassification', 'Clustering', 'PairClassification', 'Regression', 'Reranking', 'Retrieval', 'STS', 'Summarization', 'InstructionRetrieval', 'InstructionReranking', 'Any2AnyReranking', 'Any2AnyRetrieval', 'Any2AnyMultilingualRetrieval', 'VisionCentricQA', 'ImageClustering', 'ImageClassification', 'DocumentUnderstanding', 'VisualSTS(eng)', 'VisualSTS(multi)', 'ZeroShotClassification', 'Compositionality', 'AudioClustering', 'AudioMultilabelClassification', 'AudioReranking', 'AudioZeroshotClassification', 'AudioClassification', 'AudioPairClassification', 'VideoClassification', 'VideoClustering', 'VideoMultilabelClassification', 'VideoPairClassification', 'VideoZeroshotClassification', 'VideoCentricQA')], prompt types [['query', 'document']], and task names\n"}
,{"stream_name":"stderr","time":866.52571174,"data":"/usr/local/lib/python3.13/dist-packages/mteb/models/sentence_transformer_wrapper.py:430: UserWarning: Some prompts are not in the expected format and will be ignored. Problems:\n"}
,{"stream_name":"stderr","time":866.525765879,"data":"\n"}
,{"stream_name":"stderr","time":866.525770833,"data":"Task name CodeRetrieval is not valid. Valid keys are task types [('BitextMining', 'Classification', 'MultilabelClassification', 'Clustering', 'PairClassification', 'Regression', 'Reranking', 'Retrieval', 'STS', 'Summarization', 'InstructionRetrieval', 'InstructionReranking', 'Any2AnyReranking', 'Any2AnyRetrieval', 'Any2AnyMultilingualRetrieval', 'VisionCentricQA', 'ImageClustering', 'ImageClassification', 'DocumentUnderstanding', 'VisualSTS(eng)', 'VisualSTS(multi)', 'ZeroShotClassification', 'Compositionality', 'AudioClustering', 'AudioMultilabelClassification', 'AudioReranking', 'AudioZeroshotClassification', 'AudioClassification', 'AudioPairClassification', 'VideoClassification', 'VideoClustering', 'VideoMultilabelClassification', 'VideoPairClassification', 'VideoZeroshotClassification', 'VideoCentricQA')], prompt types [['query', 'document']], and task names\n"}
,{"stream_name":"stderr","time":866.525776853,"data":"Task name Document is not valid. Valid keys are task types [('BitextMining', 'Classification', 'MultilabelClassification', 'Clustering', 'PairClassification', 'Regression', 'Reranking', 'Retrieval', 'STS', 'Summarization', 'InstructionRetrieval', 'InstructionReranking', 'Any2AnyReranking', 'Any2AnyRetrieval', 'Any2AnyMultilingualRetrieval', 'VisionCentricQA', 'ImageClustering', 'ImageClassification', 'DocumentUnderstanding', 'VisualSTS(eng)', 'VisualSTS(multi)', 'ZeroShotClassification', 'Compositionality', 'AudioClustering', 'AudioMultilabelClassification', 'AudioReranking', 'AudioZeroshotClassification', 'AudioClassification', 'AudioPairClassification', 'VideoClassification', 'VideoClustering', 'VideoMultilabelClassification', 'VideoPairClassification', 'VideoZeroshotClassification', 'VideoCentricQA')], prompt types [['query', 'document']], and task names\n"}
,{"stream_name":"stderr","time":866.525783709,"data":"Task name FactChecking is not valid. Valid keys are task types [('BitextMining', 'Classification', 'MultilabelClassification', 'Clustering', 'PairClassification', 'Regression', 'Reranking', 'Retrieval', 'STS', 'Summarization', 'InstructionRetrieval', 'InstructionReranking', 'Any2AnyReranking', 'Any2AnyRetrieval', 'Any2AnyMultilingualRetrieval', 'VisionCentricQA', 'ImageClustering', 'ImageClassification', 'DocumentUnderstanding', 'VisualSTS(eng)', 'VisualSTS(multi)', 'ZeroShotClassification', 'Compositionality', 'AudioClustering', 'AudioMultilabelClassification', 'AudioReranking', 'AudioZeroshotClassification', 'AudioClassification', 'AudioPairClassification', 'VideoClassification', 'VideoClustering', 'VideoMultilabelClassification', 'VideoPairClassification', 'VideoZeroshotClassification', 'VideoCentricQA')], prompt types [['query', 'document']], and task names\n"}
,{"stream_name":"stderr","time":866.525789585,"data":"Task name SearchQuery is not valid. Valid keys are task types [('BitextMining', 'Classification', 'MultilabelClassification', 'Clustering', 'PairClassification', 'Regression', 'Reranking', 'Retrieval', 'STS', 'Summarization', 'InstructionRetrieval', 'InstructionReranking', 'Any2AnyReranking', 'Any2AnyRetrieval', 'Any2AnyMultilingualRetrieval', 'VisionCentricQA', 'ImageClustering', 'ImageClassification', 'DocumentUnderstanding', 'VisualSTS(eng)', 'VisualSTS(multi)', 'ZeroShotClassification', 'Compositionality', 'AudioClustering', 'AudioMultilabelClassification', 'AudioReranking', 'AudioZeroshotClassification', 'AudioClassification', 'AudioPairClassification', 'VideoClassification', 'VideoClustering', 'VideoMultilabelClassification', 'VideoPairClassification', 'VideoZeroshotClassification', 'VideoCentricQA')], prompt types [['query', 'document']], and task names\n"}
,{"stream_name":"stderr","time":866.525795671,"data":"Task name SentenceSimilarity is not valid. Valid keys are task types [('BitextMining', 'Classification', 'MultilabelClassification', 'Clustering', 'PairClassification', 'Regression', 'Reranking', 'Retrieval', 'STS', 'Summarization', 'InstructionRetrieval', 'InstructionReranking', 'Any2AnyReranking', 'Any2AnyRetrieval', 'Any2AnyMultilingualRetrieval', 'VisionCentricQA', 'ImageClustering', 'ImageClassification', 'DocumentUnderstanding', 'VisualSTS(eng)', 'VisualSTS(multi)', 'ZeroShotClassification', 'Compositionality', 'AudioClustering', 'AudioMultilabelClassification', 'AudioReranking', 'AudioZeroshotClassification', 'AudioClassification', 'AudioPairClassification', 'VideoClassification', 'VideoClustering', 'VideoMultilabelClassification', 'VideoPairClassification', 'VideoZeroshotClassification', 'VideoCentricQA')], prompt types [['query', 'document']], and task names\n"}
,{"stream_name":"stderr","time":866.525804595,"data":"Task name QuestionAnswering is not valid. Valid keys are task types [('BitextMining', 'Classification', 'MultilabelClassification', 'Clustering', 'PairClassification', 'Regression', 'Reranking', 'Retrieval', 'STS', 'Summarization', 'InstructionRetrieval', 'InstructionReranking', 'Any2AnyReranking', 'Any2AnyRetrieval', 'Any2AnyMultilingualRetrieval', 'VisionCentricQA', 'ImageClustering', 'ImageClassification', 'DocumentUnderstanding', 'VisualSTS(eng)', 'VisualSTS(multi)', 'ZeroShotClassification', 'Compositionality', 'AudioClustering', 'AudioMultilabelClassification', 'AudioReranking', 'AudioZeroshotClassification', 'AudioClassification', 'AudioPairClassification', 'VideoClassification', 'VideoClustering', 'VideoMultilabelClassification', 'VideoPairClassification', 'VideoZeroshotClassification', 'VideoCentricQA')], prompt types [['query', 'document']], and task names\n"}
,{"stream_name":"stderr","time":866.525816282,"data":"  self.model_prompts = _resolve_model_prompts(self.model, model_prompts)\n"}
,{"stream_name":"stderr","time":866.52583778,"data":"\n"}
,{"stream_name":"stderr","time":866.525841784,"data":"/usr/local/lib/python3.13/dist-packages/mteb/models/sentence_transformer_wrapper.py:430: UserWarning: Some prompts are not in the expected format and will be ignored. Problems:\n"}
,{"stream_name":"stderr","time":866.525846153,"data":"\n"}
,{"stream_name":"stderr","time":866.525850864,"data":"Task name CodeRetrieval is not valid. Valid keys are task types [('BitextMining', 'Classification', 'MultilabelClassification', 'Clustering', 'PairClassification', 'Regression', 'Reranking', 'Retrieval', 'STS', 'Summarization', 'InstructionRetrieval', 'InstructionReranking', 'Any2AnyReranking', 'Any2AnyRetrieval', 'Any2AnyMultilingualRetrieval', 'VisionCentricQA', 'ImageClustering', 'ImageClassification', 'DocumentUnderstanding', 'VisualSTS(eng)', 'VisualSTS(multi)', 'ZeroShotClassification', 'Compositionality', 'AudioClustering', 'AudioMultilabelClassification', 'AudioReranking', 'AudioZeroshotClassification', 'AudioClassification', 'AudioPairClassification', 'VideoClassification', 'VideoClustering', 'VideoMultilabelClassification', 'VideoPairClassification', 'VideoZeroshotClassification', 'VideoCentricQA')], prompt types [['query', 'document']], and task names\n"}
,{"stream_name":"stderr","time":866.525857655,"data":"Task name Document is not valid. Valid keys are task types [('BitextMining', 'Classification', 'MultilabelClassification', 'Clustering', 'PairClassification', 'Regression', 'Reranking', 'Retrieval', 'STS', 'Summarization', 'InstructionRetrieval', 'InstructionReranking', 'Any2AnyReranking', 'Any2AnyRetrieval', 'Any2AnyMultilingualRetrieval', 'VisionCentricQA', 'ImageClustering', 'ImageClassification', 'DocumentUnderstanding', 'VisualSTS(eng)', 'VisualSTS(multi)', 'ZeroShotClassification', 'Compositionality', 'AudioClustering', 'AudioMultilabelClassification', 'AudioReranking', 'AudioZeroshotClassification', 'AudioClassification', 'AudioPairClassification', 'VideoClassification', 'VideoClustering', 'VideoMultilabelClassification', 'VideoPairClassification', 'VideoZeroshotClassification', 'VideoCentricQA')], prompt types [['query', 'document']], and task names\n"}
,{"stream_name":"stderr","time":866.525867137,"data":"Task name FactChecking is not valid. Valid keys are task types [('BitextMining', 'Classification', 'MultilabelClassification', 'Clustering', 'PairClassification', 'Regression', 'Reranking', 'Retrieval', 'STS', 'Summarization', 'InstructionRetrieval', 'InstructionReranking', 'Any2AnyReranking', 'Any2AnyRetrieval', 'Any2AnyMultilingualRetrieval', 'VisionCentricQA', 'ImageClustering', 'ImageClassification', 'DocumentUnderstanding', 'VisualSTS(eng)', 'VisualSTS(multi)', 'ZeroShotClassification', 'Compositionality', 'AudioClustering', 'AudioMultilabelClassification', 'AudioReranking', 'AudioZeroshotClassification', 'AudioClassification', 'AudioPairClassification', 'VideoClassification', 'VideoClustering', 'VideoMultilabelClassification', 'VideoPairClassification', 'VideoZeroshotClassification', 'VideoCentricQA')], prompt types [['query', 'document']], and task names\n"}
,{"stream_name":"stderr","time":866.525873063,"data":"Task name SearchQuery is not valid. Valid keys are task types [('BitextMining', 'Classification', 'MultilabelClassification', 'Clustering', 'PairClassification', 'Regression', 'Reranking', 'Retrieval', 'STS', 'Summarization', 'InstructionRetrieval', 'InstructionReranking', 'Any2AnyReranking', 'Any2AnyRetrieval', 'Any2AnyMultilingualRetrieval', 'VisionCentricQA', 'ImageClustering', 'ImageClassification', 'DocumentUnderstanding', 'VisualSTS(eng)', 'VisualSTS(multi)', 'ZeroShotClassification', 'Compositionality', 'AudioClustering', 'AudioMultilabelClassification', 'AudioReranking', 'AudioZeroshotClassification', 'AudioClassification', 'AudioPairClassification', 'VideoClassification', 'VideoClustering', 'VideoMultilabelClassification', 'VideoPairClassification', 'VideoZeroshotClassification', 'VideoCentricQA')], prompt types [['query', 'document']], and task names\n"}
,{"stream_name":"stderr","time":866.525878813,"data":"Task name SentenceSimilarity is not valid. Valid keys are task types [('BitextMining', 'Classification', 'MultilabelClassification', 'Clustering', 'PairClassification', 'Regression', 'Reranking', 'Retrieval', 'STS', 'Summarization', 'InstructionRetrieval', 'InstructionReranking', 'Any2AnyReranking', 'Any2AnyRetrieval', 'Any2AnyMultilingualRetrieval', 'VisionCentricQA', 'ImageClustering', 'ImageClassification', 'DocumentUnderstanding', 'VisualSTS(eng)', 'VisualSTS(multi)', 'ZeroShotClassification', 'Compositionality', 'AudioClustering', 'AudioMultilabelClassification', 'AudioReranking', 'AudioZeroshotClassification', 'AudioClassification', 'AudioPairClassification', 'VideoClassification', 'VideoClustering', 'VideoMultilabelClassification', 'VideoPairClassification', 'VideoZeroshotClassification', 'VideoCentricQA')], prompt types [['query', 'document']], and task names\n"}
,{"stream_name":"stderr","time":866.525884999,"data":"Task name QuestionAnswering is not valid. Valid keys are task types [('BitextMining', 'Classification', 'MultilabelClassification', 'Clustering', 'PairClassification', 'Regression', 'Reranking', 'Retrieval', 'STS', 'Summarization', 'InstructionRetrieval', 'InstructionReranking', 'Any2AnyReranking', 'Any2AnyRetrieval', 'Any2AnyMultilingualRetrieval', 'VisionCentricQA', 'ImageClustering', 'ImageClassification', 'DocumentUnderstanding', 'VisualSTS(eng)', 'VisualSTS(multi)', 'ZeroShotClassification', 'Compositionality', 'AudioClustering', 'AudioMultilabelClassification', 'AudioReranking', 'AudioZeroshotClassification', 'AudioClassification', 'AudioPairClassification', 'VideoClassification', 'VideoClustering', 'VideoMultilabelClassification', 'VideoPairClassification', 'VideoZeroshotClassification', 'VideoCentricQA')], prompt types [['query', 'document']], and task names\n"}
,{"stream_name":"stderr","time":866.525890746,"data":"  self.model_prompts = _resolve_model_prompts(self.model, model_prompts)\n"}
,{"stream_name":"stderr","time":926.831111529,"data":"/usr/local/lib/python3.13/dist-packages/sklearn/metrics/_classification.py:1565: UndefinedMetricWarning: Precision is ill-defined and being set to 0.0 in labels with no predicted samples. Use `zero_division` parameter to control this behavior.\n"}
,{"stream_name":"stderr","time":926.831155371,"data":"  _warn_prf(average, modifier, f\"{metric.capitalize()} is\", len(result))\n"}
,{"stream_name":"stderr","time":926.831160877,"data":"/usr/local/lib/python3.13/dist-packages/sklearn/metrics/_classification.py:1565: UndefinedMetricWarning: Precision is ill-defined and being set to 0.0 in labels with no predicted samples. Use `zero_division` parameter to control this behavior.\n"}
,{"stream_name":"stderr","time":926.831165217,"data":"  _warn_prf(average, modifier, f\"{metric.capitalize()} is\", len(result))\n"}
,{"stream_name":"stderr","time":926.831168711,"data":"\n"}
,{"stream_name":"stderr","time":926.831171858,"data":"/usr/local/lib/python3.13/dist-packages/sklearn/metrics/_classification.py:1565: UndefinedMetricWarning: Precision is ill-defined and being set to 0.0 in labels with no predicted samples. Use `zero_division` parameter to control this behavior.\n"}
,{"stream_name":"stderr","time":926.831175551,"data":"  _warn_prf(average, modifier, f\"{metric.capitalize()} is\", len(result))\n"}
,{"stream_name":"stderr","time":926.831183798,"data":"/usr/local/lib/python3.13/dist-packages/sklearn/metrics/_classification.py:1565: UndefinedMetricWarning: Precision is ill-defined and being set to 0.0 in labels with no predicted samples. Use `zero_division` parameter to control this behavior.\n"}
,{"stream_name":"stderr","time":926.831187823,"data":"  _warn_prf(average, modifier, f\"{metric.capitalize()} is\", len(result))\n"}
,{"stream_name":"stderr","time":929.289948168,"data":"/usr/local/lib/python3.13/dist-packages/sklearn/metrics/_classification.py:1565: UndefinedMetricWarning: Precision is ill-defined and being set to 0.0 in labels with no predicted samples. Use `zero_division` parameter to control this behavior.\n"}
,{"stream_name":"stderr","time":929.289988365,"data":"  _warn_prf(average, modifier, f\"{metric.capitalize()} is\", len(result))\n"}
,{"stream_name":"stderr","time":929.289995521,"data":"/usr/local/lib/python3.13/dist-packages/sklearn/metrics/_classification.py:1565: UndefinedMetricWarning: Precision is ill-defined and being set to 0.0 in labels with no predicted samples. Use `zero_division` parameter to control this behavior.\n"}
,{"stream_name":"stderr","time":929.290001706,"data":"  _warn_prf(average, modifier, f\"{metric.capitalize()} is\", len(result))\n"}
,{"stream_name":"stderr","time":929.290006568,"data":"\n"}
,{"stream_name":"stderr","time":929.290011034,"data":"/usr/local/lib/python3.13/dist-packages/sklearn/metrics/_classification.py:1565: UndefinedMetricWarning: Precision is ill-defined and being set to 0.0 in labels with no predicted samples. Use `zero_division` parameter to control this behavior.\n"}
,{"stream_name":"stderr","time":929.290016716,"data":"  _warn_prf(average, modifier, f\"{metric.capitalize()} is\", len(result))\n"}
,{"stream_name":"stderr","time":929.290021517,"data":"/usr/local/lib/python3.13/dist-packages/sklearn/metrics/_classification.py:1565: UndefinedMetricWarning: Precision is ill-defined and being set to 0.0 in labels with no predicted samples. Use `zero_division` parameter to control this behavior.\n"}
,{"stream_name":"stderr","time":929.290027189,"data":"  _warn_prf(average, modifier, f\"{metric.capitalize()} is\", len(result))\n"}
,{"stream_name":"stderr","time":931.870573997,"data":"/usr/local/lib/python3.13/dist-packages/sklearn/metrics/_classification.py:1565: UndefinedMetricWarning: Precision is ill-defined and being set to 0.0 in labels with no predicted samples. Use `zero_division` parameter to control this behavior.\n"}
,{"stream_name":"stderr","time":931.87061518,"data":"  _warn_prf(average, modifier, f\"{metric.capitalize()} is\", len(result))\n"}
,{"stream_name":"stderr","time":931.870636849,"data":"/usr/local/lib/python3.13/dist-packages/sklearn/metrics/_classification.py:1565: UndefinedMetricWarning: Precision is ill-defined and being set to 0.0 in labels with no predicted samples. Use `zero_division` parameter to control this behavior.\n"}
,{"stream_name":"stderr","time":931.870641643,"data":"  _warn_prf(average, modifier, f\"{metric.capitalize()} is\", len(result))\n"}
,{"stream_name":"stderr","time":931.870645279,"data":"\n"}
,{"stream_name":"stderr","time":931.870648514,"data":"/usr/local/lib/python3.13/dist-packages/sklearn/metrics/_classification.py:1565: UndefinedMetricWarning: Precision is ill-defined and being set to 0.0 in labels with no predicted samples. Use `zero_division` parameter to control this behavior.\n"}
,{"stream_name":"stderr","time":931.870652509,"data":"  _warn_prf(average, modifier, f\"{metric.capitalize()} is\", len(result))\n"}
,{"stream_name":"stderr","time":931.870655998,"data":"/usr/local/lib/python3.13/dist-packages/sklearn/metrics/_classification.py:1565: UndefinedMetricWarning: Precision is ill-defined and being set to 0.0 in labels with no predicted samples. Use `zero_division` parameter to control this behavior.\n"}
,{"stream_name":"stderr","time":931.870660029,"data":"  _warn_prf(average, modifier, f\"{metric.capitalize()} is\", len(result))\n"}
,{"stream_name":"stderr","time":933.80956824,"data":"/usr/local/lib/python3.13/dist-packages/sklearn/metrics/_classification.py:1565: UndefinedMetricWarning: Precision is ill-defined and being set to 0.0 in labels with no predicted samples. Use `zero_division` parameter to control this behavior.\n"}
,{"stream_name":"stderr","time":933.809609875,"data":"  _warn_prf(average, modifier, f\"{metric.capitalize()} is\", len(result))\n"}
,{"stream_name":"stderr","time":933.809617026,"data":"/usr/local/lib/python3.13/dist-packages/sklearn/metrics/_classification.py:1565: UndefinedMetricWarning: Precision is ill-defined and being set to 0.0 in labels with no predicted samples. Use `zero_division` parameter to control this behavior.\n"}
,{"stream_name":"stderr","time":933.80962279,"data":"  _warn_prf(average, modifier, f\"{metric.capitalize()} is\", len(result))\n"}
,{"stream_name":"stderr","time":933.809627688,"data":"\n"}
,{"stream_name":"stderr","time":933.80963233,"data":"/usr/local/lib/python3.13/dist-packages/sklearn/metrics/_classification.py:1565: UndefinedMetricWarning: Precision is ill-defined and being set to 0.0 in labels with no predicted samples. Use `zero_division` parameter to control this behavior.\n"}
,{"stream_name":"stderr","time":933.809637845,"data":"  _warn_prf(average, modifier, f\"{metric.capitalize()} is\", len(result))\n"}
,{"stream_name":"stderr","time":933.80964396,"data":"/usr/local/lib/python3.13/dist-packages/sklearn/metrics/_classification.py:1565: UndefinedMetricWarning: Precision is ill-defined and being set to 0.0 in labels with no predicted samples. Use `zero_division` parameter to control this behavior.\n"}
,{"stream_name":"stderr","time":933.809648823,"data":"  _warn_prf(average, modifier, f\"{metric.capitalize()} is\", len(result))\n"}
,{"stream_name":"stderr","time":935.513278612,"data":"/usr/local/lib/python3.13/dist-packages/sklearn/metrics/_classification.py:1565: UndefinedMetricWarning: Precision is ill-defined and being set to 0.0 in labels with no predicted samples. Use `zero_division` parameter to control this behavior.\n"}
,{"stream_name":"stderr","time":935.513316691,"data":"  _warn_prf(average, modifier, f\"{metric.capitalize()} is\", len(result))\n"}
,{"stream_name":"stderr","time":935.513323186,"data":"/usr/local/lib/python3.13/dist-packages/sklearn/metrics/_classification.py:1565: UndefinedMetricWarning: Precision is ill-defined and being set to 0.0 in labels with no predicted samples. Use `zero_division` parameter to control this behavior.\n"}
,{"stream_name":"stderr","time":935.513346753,"data":"  _warn_prf(average, modifier, f\"{metric.capitalize()} is\", len(result))\n"}
,{"stream_name":"stderr","time":935.513351773,"data":"\n"}
,{"stream_name":"stderr","time":935.513355735,"data":"/usr/local/lib/python3.13/dist-packages/sklearn/metrics/_classification.py:1565: UndefinedMetricWarning: Precision is ill-defined and being set to 0.0 in labels with no predicted samples. Use `zero_division` parameter to control this behavior.\n"}
,{"stream_name":"stderr","time":935.513360276,"data":"  _warn_prf(average, modifier, f\"{metric.capitalize()} is\", len(result))\n"}
,{"stream_name":"stderr","time":935.513364544,"data":"/usr/local/lib/python3.13/dist-packages/sklearn/metrics/_classification.py:1565: UndefinedMetricWarning: Precision is ill-defined and being set to 0.0 in labels with no predicted samples. Use `zero_division` parameter to control this behavior.\n"}
,{"stream_name":"stderr","time":935.513369279,"data":"  _warn_prf(average, modifier, f\"{metric.capitalize()} is\", len(result))\n"}
,{"stream_name":"stderr","time":937.408390241,"data":"/usr/local/lib/python3.13/dist-packages/sklearn/metrics/_classification.py:1565: UndefinedMetricWarning: Precision is ill-defined and being set to 0.0 in labels with no predicted samples. Use `zero_division` parameter to control this behavior.\n"}
,{"stream_name":"stderr","time":937.408429194,"data":"  _warn_prf(average, modifier, f\"{metric.capitalize()} is\", len(result))\n"}
,{"stream_name":"stderr","time":937.408435252,"data":"/usr/local/lib/python3.13/dist-packages/sklearn/metrics/_classification.py:1565: UndefinedMetricWarning: Precision is ill-defined and being set to 0.0 in labels with no predicted samples. Use `zero_division` parameter to control this behavior.\n"}
,{"stream_name":"stderr","time":937.408444463,"data":"  _warn_prf(average, modifier, f\"{metric.capitalize()} is\", len(result))\n"}
,{"stream_name":"stderr","time":937.408447175,"data":"\n"}
,{"stream_name":"stderr","time":937.408449362,"data":"/usr/local/lib/python3.13/dist-packages/sklearn/metrics/_classification.py:1565: UndefinedMetricWarning: Precision is ill-defined and being set to 0.0 in labels with no predicted samples. Use `zero_division` parameter to control this behavior.\n"}
,{"stream_name":"stderr","time":937.408452055,"data":"  _warn_prf(average, modifier, f\"{metric.capitalize()} is\", len(result))\n"}
,{"stream_name":"stderr","time":937.408454447,"data":"/usr/local/lib/python3.13/dist-packages/sklearn/metrics/_classification.py:1565: UndefinedMetricWarning: Precision is ill-defined and being set to 0.0 in labels with no predicted samples. Use `zero_division` parameter to control this behavior.\n"}
,{"stream_name":"stderr","time":937.408456982,"data":"  _warn_prf(average, modifier, f\"{metric.capitalize()} is\", len(result))\n"}
,{"stream_name":"stderr","time":939.320247967,"data":"/usr/local/lib/python3.13/dist-packages/sklearn/metrics/_classification.py:1565: UndefinedMetricWarning: Precision is ill-defined and being set to 0.0 in labels with no predicted samples. Use `zero_division` parameter to control this behavior.\n"}
,{"stream_name":"stderr","time":939.320288649,"data":"  _warn_prf(average, modifier, f\"{metric.capitalize()} is\", len(result))\n"}
,{"stream_name":"stderr","time":939.320293914,"data":"/usr/local/lib/python3.13/dist-packages/sklearn/metrics/_classification.py:1565: UndefinedMetricWarning: Precision is ill-defined and being set to 0.0 in labels with no predicted samples. Use `zero_division` parameter to control this behavior.\n"}
,{"stream_name":"stderr","time":939.320298174,"data":"  _warn_prf(average, modifier, f\"{metric.capitalize()} is\", len(result))\n"}
,{"stream_name":"stderr","time":939.320314432,"data":"\n"}
,{"stream_name":"stderr","time":939.320318174,"data":"/usr/local/lib/python3.13/dist-packages/sklearn/metrics/_classification.py:1565: UndefinedMetricWarning: Precision is ill-defined and being set to 0.0 in labels with no predicted samples. Use `zero_division` parameter to control this behavior.\n"}
,{"stream_name":"stderr","time":939.320322352,"data":"  _warn_prf(average, modifier, f\"{metric.capitalize()} is\", len(result))\n"}
,{"stream_name":"stderr","time":939.320326585,"data":"/usr/local/lib/python3.13/dist-packages/sklearn/metrics/_classification.py:1565: UndefinedMetricWarning: Precision is ill-defined and being set to 0.0 in labels with no predicted samples. Use `zero_division` parameter to control this behavior.\n"}
,{"stream_name":"stderr","time":939.320330728,"data":"  _warn_prf(average, modifier, f\"{metric.capitalize()} is\", len(result))\n"}
,{"stream_name":"stderr","time":941.225524631,"data":"/usr/local/lib/python3.13/dist-packages/sklearn/metrics/_classification.py:1565: UndefinedMetricWarning: Precision is ill-defined and being set to 0.0 in labels with no predicted samples. Use `zero_division` parameter to control this behavior.\n"}
,{"stream_name":"stderr","time":941.225557617,"data":"  _warn_prf(average, modifier, f\"{metric.capitalize()} is\", len(result))\n"}
,{"stream_name":"stderr","time":941.225562239,"data":"/usr/local/lib/python3.13/dist-packages/sklearn/metrics/_classification.py:1565: UndefinedMetricWarning: Precision is ill-defined and being set to 0.0 in labels with no predicted samples. Use `zero_division` parameter to control this behavior.\n"}
,{"stream_name":"stderr","time":941.225566474,"data":"  _warn_prf(average, modifier, f\"{metric.capitalize()} is\", len(result))\n"}
,{"stream_name":"stderr","time":941.225570036,"data":"\n"}
,{"stream_name":"stderr","time":941.225573152,"data":"/usr/local/lib/python3.13/dist-packages/sklearn/metrics/_classification.py:1565: UndefinedMetricWarning: Precision is ill-defined and being set to 0.0 in labels with no predicted samples. Use `zero_division` parameter to control this behavior.\n"}
,{"stream_name":"stderr","time":941.225577123,"data":"  _warn_prf(average, modifier, f\"{metric.capitalize()} is\", len(result))\n"}
,{"stream_name":"stderr","time":941.225580507,"data":"/usr/local/lib/python3.13/dist-packages/sklearn/metrics/_classification.py:1565: UndefinedMetricWarning: Precision is ill-defined and being set to 0.0 in labels with no predicted samples. Use `zero_division` parameter to control this behavior.\n"}
,{"stream_name":"stderr","time":941.225584395,"data":"  _warn_prf(average, modifier, f\"{metric.capitalize()} is\", len(result))\n"}
,{"stream_name":"stderr","time":941.557811672,"data":"/usr/local/lib/python3.13/dist-packages/sklearn/metrics/_classification.py:1565: UndefinedMetricWarning: Recall is ill-defined and being set to 0.0 in labels with no true samples. Use `zero_division` parameter to control this behavior.\n"}
,{"stream_name":"stderr","time":941.557844669,"data":"  _warn_prf(average, modifier, f\"{metric.capitalize()} is\", len(result))\n"}
,{"stream_name":"stderr","time":941.557849282,"data":"/usr/local/lib/python3.13/dist-packages/sklearn/metrics/_classification.py:1565: UndefinedMetricWarning: Recall is ill-defined and being set to 0.0 in labels with no true samples. Use `zero_division` parameter to control this behavior.\n"}
,{"stream_name":"stderr","time":941.55785381,"data":"  _warn_prf(average, modifier, f\"{metric.capitalize()} is\", len(result))\n"}
,{"stream_name":"stderr","time":941.557857804,"data":"\n"}
,{"stream_name":"stderr","time":941.557861464,"data":"/usr/local/lib/python3.13/dist-packages/sklearn/metrics/_classification.py:1565: UndefinedMetricWarning: Recall is ill-defined and being set to 0.0 in labels with no true samples. Use `zero_division` parameter to control this behavior.\n"}
,{"stream_name":"stderr","time":941.557883157,"data":"  _warn_prf(average, modifier, f\"{metric.capitalize()} is\", len(result))\n"}
,{"stream_name":"stderr","time":941.557887206,"data":"/usr/local/lib/python3.13/dist-packages/sklearn/metrics/_classification.py:1565: UndefinedMetricWarning: Recall is ill-defined and being set to 0.0 in labels with no true samples. Use `zero_division` parameter to control this behavior.\n"}
,{"stream_name":"stderr","time":941.557891575,"data":"  _warn_prf(average, modifier, f\"{metric.capitalize()} is\", len(result))\n"}
,{"stream_name":"stderr","time":942.986487844,"data":"/usr/local/lib/python3.13/dist-packages/sklearn/metrics/_classification.py:1565: UndefinedMetricWarning: Precision is ill-defined and being set to 0.0 in labels with no predicted samples. Use `zero_division` parameter to control this behavior.\n"}
,{"stream_name":"stderr","time":942.98652857,"data":"  _warn_prf(average, modifier, f\"{metric.capitalize()} is\", len(result))\n"}
,{"stream_name":"stderr","time":942.98653263,"data":"/usr/local/lib/python3.13/dist-packages/sklearn/metrics/_classification.py:1565: UndefinedMetricWarning: Precision is ill-defined and being set to 0.0 in labels with no predicted samples. Use `zero_division` parameter to control this behavior.\n"}
,{"stream_name":"stderr","time":942.986535513,"data":"  _warn_prf(average, modifier, f\"{metric.capitalize()} is\", len(result))\n"}
,{"stream_name":"stderr","time":942.986538318,"data":"\n"}
,{"stream_name":"stderr","time":942.986540465,"data":"/usr/local/lib/python3.13/dist-packages/sklearn/metrics/_classification.py:1565: UndefinedMetricWarning: Precision is ill-defined and being set to 0.0 in labels with no predicted samples. Use `zero_division` parameter to control this behavior.\n"}
,{"stream_name":"stderr","time":942.986543163,"data":"  _warn_prf(average, modifier, f\"{metric.capitalize()} is\", len(result))\n"}
,{"stream_name":"stderr","time":942.986545422,"data":"/usr/local/lib/python3.13/dist-packages/sklearn/metrics/_classification.py:1565: UndefinedMetricWarning: Precision is ill-defined and being set to 0.0 in labels with no predicted samples. Use `zero_division` parameter to control this behavior.\n"}
,{"stream_name":"stderr","time":942.986547921,"data":"  _warn_prf(average, modifier, f\"{metric.capitalize()} is\", len(result))\n"}
,{"stream_name":"stderr","time":944.693315805,"data":"/usr/local/lib/python3.13/dist-packages/sklearn/metrics/_classification.py:1565: UndefinedMetricWarning: Precision is ill-defined and being set to 0.0 in labels with no predicted samples. Use `zero_division` parameter to control this behavior.\n"}
,{"stream_name":"stderr","time":944.69335293,"data":"  _warn_prf(average, modifier, f\"{metric.capitalize()} is\", len(result))\n"}
,{"stream_name":"stderr","time":944.693358226,"data":"/usr/local/lib/python3.13/dist-packages/sklearn/metrics/_classification.py:1565: UndefinedMetricWarning: Precision is ill-defined and being set to 0.0 in labels with no predicted samples. Use `zero_division` parameter to control this behavior.\n"}
,{"stream_name":"stderr","time":944.693362545,"data":"  _warn_prf(average, modifier, f\"{metric.capitalize()} is\", len(result))\n"}
,{"stream_name":"stderr","time":944.693366263,"data":"\n"}
,{"stream_name":"stderr","time":944.693369543,"data":"/usr/local/lib/python3.13/dist-packages/sklearn/metrics/_classification.py:1565: UndefinedMetricWarning: Precision is ill-defined and being set to 0.0 in labels with no predicted samples. Use `zero_division` parameter to control this behavior.\n"}
,{"stream_name":"stderr","time":944.693373528,"data":"  _warn_prf(average, modifier, f\"{metric.capitalize()} is\", len(result))\n"}
,{"stream_name":"stderr","time":944.693377113,"data":"/usr/local/lib/python3.13/dist-packages/sklearn/metrics/_classification.py:1565: UndefinedMetricWarning: Precision is ill-defined and being set to 0.0 in labels with no predicted samples. Use `zero_division` parameter to control this behavior.\n"}
,{"stream_name":"stderr","time":944.693398948,"data":"  _warn_prf(average, modifier, f\"{metric.capitalize()} is\", len(result))\n"}
,{"stream_name":"stdout","time":1024.526946738,"data":"MassiveIntentClassification    main_score=0.8802 rev=4672e204\n"}
,{"stream_name":"stderr","time":1024.527832022,"data":"/usr/local/lib/python3.13/dist-packages/mteb/models/model_meta.py:969: FutureWarning: The `get_sentence_embedding_dimension` method has been renamed to `get_embedding_dimension`.\n"}
,{"stream_name":"stderr","time":1024.52784909,"data":"  embedding_dimensions = model.get_sentence_embedding_dimension()\n"}
,{"stream_name":"stderr","time":1024.527854023,"data":"/usr/local/lib/python3.13/dist-packages/mteb/models/model_meta.py:929: FutureWarning: The `get_sentence_embedding_dimension` method has been renamed to `get_embedding_dimension`.\n"}
,{"stream_name":"stderr","time":1024.527859044,"data":"  embed_dim=model.get_sentence_embedding_dimension(),\n"}
,{"stream_name":"stderr","time":1024.527865262,"data":"Task name CodeRetrieval is not valid. Valid keys are task types [('BitextMining', 'Classification', 'MultilabelClassification', 'Clustering', 'PairClassification', 'Regression', 'Reranking', 'Retrieval', 'STS', 'Summarization', 'InstructionRetrieval', 'InstructionReranking', 'Any2AnyReranking', 'Any2AnyRetrieval', 'Any2AnyMultilingualRetrieval', 'VisionCentricQA', 'ImageClustering', 'ImageClassification', 'DocumentUnderstanding', 'VisualSTS(eng)', 'VisualSTS(multi)', 'ZeroShotClassification', 'Compositionality', 'AudioClustering', 'AudioMultilabelClassification', 'AudioReranking', 'AudioZeroshotClassification', 'AudioClassification', 'AudioPairClassification', 'VideoClassification', 'VideoClustering', 'VideoMultilabelClassification', 'VideoPairClassification', 'VideoZeroshotClassification', 'VideoCentricQA')], prompt types [['query', 'document']], and task names\n"}
,{"stream_name":"stderr","time":1024.527873418,"data":"\n"}
,{"stream_name":"stderr","time":1024.527877623,"data":"/usr/local/lib/python3.13/dist-packages/mteb/models/model_meta.py:969: FutureWarning: The `get_sentence_embedding_dimension` method has been renamed to `get_embedding_dimension`.\n"}
,{"stream_name":"stderr","time":1024.527882546,"data":"  embedding_dimensions = model.get_sentence_embedding_dimension()\n"}
,{"stream_name":"stderr","time":1024.527887001,"data":"/usr/local/lib/python3.13/dist-packages/mteb/models/model_meta.py:929: FutureWarning: The `get_sentence_embedding_dimension` method has been renamed to `get_embedding_dimension`.\n"}
,{"stream_name":"stderr","time":1024.527891871,"data":"  embed_dim=model.get_sentence_embedding_dimension(),\n"}
,{"stream_name":"stderr","time":1024.527896932,"data":"Task name CodeRetrieval is not valid. Valid keys are task types [('BitextMining', 'Classification', 'MultilabelClassification', 'Clustering', 'PairClassification', 'Regression', 'Reranking', 'Retrieval', 'STS', 'Summarization', 'InstructionRetrieval', 'InstructionReranking', 'Any2AnyReranking', 'Any2AnyRetrieval', 'Any2AnyMultilingualRetrieval', 'VisionCentricQA', 'ImageClustering', 'ImageClassification', 'DocumentUnderstanding', 'VisualSTS(eng)', 'VisualSTS(multi)', 'ZeroShotClassification', 'Compositionality', 'AudioClustering', 'AudioMultilabelClassification', 'AudioReranking', 'AudioZeroshotClassification', 'AudioClassification', 'AudioPairClassification', 'VideoClassification', 'VideoClustering', 'VideoMultilabelClassification', 'VideoPairClassification', 'VideoZeroshotClassification', 'VideoCentricQA')], prompt types [['query', 'document']], and task names\n"}
,{"stream_name":"stderr","time":1024.537140454,"data":"/usr/local/lib/python3.13/dist-packages/mteb/models/sentence_transformer_wrapper.py:150: UserWarning: Task name CodeRetrieval is not valid. Valid keys are task types [('BitextMining', 'Classification', 'MultilabelClassification', 'Clustering', 'PairClassification', 'Regression', 'Reranking', 'Retrieval', 'STS', 'Summarization', 'InstructionRetrieval', 'InstructionReranking', 'Any2AnyReranking', 'Any2AnyRetrieval', 'Any2AnyMultilingualRetrieval', 'VisionCentricQA', 'ImageClustering', 'ImageClassification', 'DocumentUnderstanding', 'VisualSTS(eng)', 'VisualSTS(multi)', 'ZeroShotClassification', 'Compositionality', 'AudioClustering', 'AudioMultilabelClassification', 'AudioReranking', 'AudioZeroshotClassification', 'AudioClassification', 'AudioPairClassification', 'VideoClassification', 'VideoClustering', 'VideoMultilabelClassification', 'VideoPairClassification', 'VideoZeroshotClassification', 'VideoCentricQA')], prompt types [['query', 'document']], and task names\n"}
,{"stream_name":"stderr","time":1024.537180386,"data":"  resolved_prompts, invalid_prompts = AbsEncoder.validate_task_to_prompt_name(\n"}
,{"stream_name":"stderr","time":1024.537185401,"data":"Task name Document is not valid. Valid keys are task types [('BitextMining', 'Classification', 'MultilabelClassification', 'Clustering', 'PairClassification', 'Regression', 'Reranking', 'Retrieval', 'STS', 'Summarization', 'InstructionRetrieval', 'InstructionReranking', 'Any2AnyReranking', 'Any2AnyRetrieval', 'Any2AnyMultilingualRetrieval', 'VisionCentricQA', 'ImageClustering', 'ImageClassification', 'DocumentUnderstanding', 'VisualSTS(eng)', 'VisualSTS(multi)', 'ZeroShotClassification', 'Compositionality', 'AudioClustering', 'AudioMultilabelClassification', 'AudioReranking', 'AudioZeroshotClassification', 'AudioClassification', 'AudioPairClassification', 'VideoClassification', 'VideoClustering', 'VideoMultilabelClassification', 'VideoPairClassification', 'VideoZeroshotClassification', 'VideoCentricQA')], prompt types [['query', 'document']], and task names\n"}
,{"stream_name":"stderr","time":1024.537198802,"data":"\n"}
,{"stream_name":"stderr","time":1024.537203095,"data":"/usr/local/lib/python3.13/dist-packages/mteb/models/sentence_transformer_wrapper.py:150: UserWarning: Task name CodeRetrieval is not valid. Valid keys are task types [('BitextMining', 'Classification', 'MultilabelClassification', 'Clustering', 'PairClassification', 'Regression', 'Reranking', 'Retrieval', 'STS', 'Summarization', 'InstructionRetrieval', 'InstructionReranking', 'Any2AnyReranking', 'Any2AnyRetrieval', 'Any2AnyMultilingualRetrieval', 'VisionCentricQA', 'ImageClustering', 'ImageClassification', 'DocumentUnderstanding', 'VisualSTS(eng)', 'VisualSTS(multi)', 'ZeroShotClassification', 'Compositionality', 'AudioClustering', 'AudioMultilabelClassification', 'AudioReranking', 'AudioZeroshotClassification', 'AudioClassification', 'AudioPairClassification', 'VideoClassification', 'VideoClustering', 'VideoMultilabelClassification', 'VideoPairClassification', 'VideoZeroshotClassification', 'VideoCentricQA')], prompt types [['query', 'document']], and task names\n"}
,{"stream_name":"stderr","time":1024.5372097,"data":"  resolved_prompts, invalid_prompts = AbsEncoder.validate_task_to_prompt_name(\n"}
,{"stream_name":"stderr","time":1024.53721328,"data":"Task name Document is not valid. Valid keys are task types [('BitextMining', 'Classification', 'MultilabelClassification', 'Clustering', 'PairClassification', 'Regression', 'Reranking', 'Retrieval', 'STS', 'Summarization', 'InstructionRetrieval', 'InstructionReranking', 'Any2AnyReranking', 'Any2AnyRetrieval', 'Any2AnyMultilingualRetrieval', 'VisionCentricQA', 'ImageClustering', 'ImageClassification', 'DocumentUnderstanding', 'VisualSTS(eng)', 'VisualSTS(multi)', 'ZeroShotClassification', 'Compositionality', 'AudioClustering', 'AudioMultilabelClassification', 'AudioReranking', 'AudioZeroshotClassification', 'AudioClassification', 'AudioPairClassification', 'VideoClassification', 'VideoClustering', 'VideoMultilabelClassification', 'VideoPairClassification', 'VideoZeroshotClassification', 'VideoCentricQA')], prompt types [['query', 'document']], and task names\n"}
,{"stream_name":"stderr","time":1024.547759803,"data":"/usr/local/lib/python3.13/dist-packages/mteb/models/sentence_transformer_wrapper.py:150: UserWarning: Task name Document is not valid. Valid keys are task types [('BitextMining', 'Classification', 'MultilabelClassification', 'Clustering', 'PairClassification', 'Regression', 'Reranking', 'Retrieval', 'STS', 'Summarization', 'InstructionRetrieval', 'InstructionReranking', 'Any2AnyReranking', 'Any2AnyRetrieval', 'Any2AnyMultilingualRetrieval', 'VisionCentricQA', 'ImageClustering', 'ImageClassification', 'DocumentUnderstanding', 'VisualSTS(eng)', 'VisualSTS(multi)', 'ZeroShotClassification', 'Compositionality', 'AudioClustering', 'AudioMultilabelClassification', 'AudioReranking', 'AudioZeroshotClassification', 'AudioClassification', 'AudioPairClassification', 'VideoClassification', 'VideoClustering', 'VideoMultilabelClassification', 'VideoPairClassification', 'VideoZeroshotClassification', 'VideoCentricQA')], prompt types [['query', 'document']], and task names\n"}
,{"stream_name":"stderr","time":1024.547785883,"data":"  resolved_prompts, invalid_prompts = AbsEncoder.validate_task_to_prompt_name(\n"}
,{"stream_name":"stderr","time":1024.547790173,"data":"Task name FactChecking is not valid. Valid keys are task types [('BitextMining', 'Classification', 'MultilabelClassification', 'Clustering', 'PairClassification', 'Regression', 'Reranking', 'Retrieval', 'STS', 'Summarization', 'InstructionRetrieval', 'InstructionReranking', 'Any2AnyReranking', 'Any2AnyRetrieval', 'Any2AnyMultilingualRetrieval', 'VisionCentricQA', 'ImageClustering', 'ImageClassification', 'DocumentUnderstanding', 'VisualSTS(eng)', 'VisualSTS(multi)', 'ZeroShotClassification', 'Compositionality', 'AudioClustering', 'AudioMultilabelClassification', 'AudioReranking', 'AudioZeroshotClassification', 'AudioClassification', 'AudioPairClassification', 'VideoClassification', 'VideoClustering', 'VideoMultilabelClassification', 'VideoPairClassification', 'VideoZeroshotClassification', 'VideoCentricQA')], prompt types [['query', 'document']], and task names\n"}
,{"stream_name":"stderr","time":1024.547796559,"data":"\n"}
,{"stream_name":"stderr","time":1024.54780078,"data":"/usr/local/lib/python3.13/dist-packages/mteb/models/sentence_transformer_wrapper.py:150: UserWarning: Task name Document is not valid. Valid keys are task types [('BitextMining', 'Classification', 'MultilabelClassification', 'Clustering', 'PairClassification', 'Regression', 'Reranking', 'Retrieval', 'STS', 'Summarization', 'InstructionRetrieval', 'InstructionReranking', 'Any2AnyReranking', 'Any2AnyRetrieval', 'Any2AnyMultilingualRetrieval', 'VisionCentricQA', 'ImageClustering', 'ImageClassification', 'DocumentUnderstanding', 'VisualSTS(eng)', 'VisualSTS(multi)', 'ZeroShotClassification', 'Compositionality', 'AudioClustering', 'AudioMultilabelClassification', 'AudioReranking', 'AudioZeroshotClassification', 'AudioClassification', 'AudioPairClassification', 'VideoClassification', 'VideoClustering', 'VideoMultilabelClassification', 'VideoPairClassification', 'VideoZeroshotClassification', 'VideoCentricQA')], prompt types [['query', 'document']], and task names\n"}
,{"stream_name":"stderr","time":1024.547807371,"data":"  resolved_prompts, invalid_prompts = AbsEncoder.validate_task_to_prompt_name(\n"}
,{"stream_name":"stderr","time":1024.547811179,"data":"Task name FactChecking is not valid. Valid keys are task types [('BitextMining', 'Classification', 'MultilabelClassification', 'Clustering', 'PairClassification', 'Regression', 'Reranking', 'Retrieval', 'STS', 'Summarization', 'InstructionRetrieval', 'InstructionReranking', 'Any2AnyReranking', 'Any2AnyRetrieval', 'Any2AnyMultilingualRetrieval', 'VisionCentricQA', 'ImageClustering', 'ImageClassification', 'DocumentUnderstanding', 'VisualSTS(eng)', 'VisualSTS(multi)', 'ZeroShotClassification', 'Compositionality', 'AudioClustering', 'AudioMultilabelClassification', 'AudioReranking', 'AudioZeroshotClassification', 'AudioClassification', 'AudioPairClassification', 'VideoClassification', 'VideoClustering', 'VideoMultilabelClassification', 'VideoPairClassification', 'VideoZeroshotClassification', 'VideoCentricQA')], prompt types [['query', 'document']], and task names\n"}
,{"stream_name":"stderr","time":1024.548579236,"data":"/usr/local/lib/python3.13/dist-packages/mteb/models/sentence_transformer_wrapper.py:150: UserWarning: Task name FactChecking is not valid. Valid keys are task types [('BitextMining', 'Classification', 'MultilabelClassification', 'Clustering', 'PairClassification', 'Regression', 'Reranking', 'Retrieval', 'STS', 'Summarization', 'InstructionRetrieval', 'InstructionReranking', 'Any2AnyReranking', 'Any2AnyRetrieval', 'Any2AnyMultilingualRetrieval', 'VisionCentricQA', 'ImageClustering', 'ImageClassification', 'DocumentUnderstanding', 'VisualSTS(eng)', 'VisualSTS(multi)', 'ZeroShotClassification', 'Compositionality', 'AudioClustering', 'AudioMultilabelClassification', 'AudioReranking', 'AudioZeroshotClassification', 'AudioClassification', 'AudioPairClassification', 'VideoClassification', 'VideoClustering', 'VideoMultilabelClassification', 'VideoPairClassification', 'VideoZeroshotClassification', 'VideoCentricQA')], prompt types [['query', 'document']], and task names\n"}
,{"stream_name":"stderr","time":1024.548594984,"data":"  resolved_prompts, invalid_prompts = AbsEncoder.validate_task_to_prompt_name(\n"}
,{"stream_name":"stderr","time":1024.548599088,"data":"Task name QuestionAnswering is not valid. Valid keys are task types [('BitextMining', 'Classification', 'MultilabelClassification', 'Clustering', 'PairClassification', 'Regression', 'Reranking', 'Retrieval', 'STS', 'Summarization', 'InstructionRetrieval', 'InstructionReranking', 'Any2AnyReranking', 'Any2AnyRetrieval', 'Any2AnyMultilingualRetrieval', 'VisionCentricQA', 'ImageClustering', 'ImageClassification', 'DocumentUnderstanding', 'VisualSTS(eng)', 'VisualSTS(multi)', 'ZeroShotClassification', 'Compositionality', 'AudioClustering', 'AudioMultilabelClassification', 'AudioReranking', 'AudioZeroshotClassification', 'AudioClassification', 'AudioPairClassification', 'VideoClassification', 'VideoClustering', 'VideoMultilabelClassification', 'VideoPairClassification', 'VideoZeroshotClassification', 'VideoCentricQA')], prompt types [['query', 'document']], and task names\n"}
,{"stream_name":"stderr","time":1024.548605434,"data":"\n"}
,{"stream_name":"stderr","time":1024.548609507,"data":"/usr/local/lib/python3.13/dist-packages/mteb/models/sentence_transformer_wrapper.py:150: UserWarning: Task name FactChecking is not valid. Valid keys are task types [('BitextMining', 'Classification', 'MultilabelClassification', 'Clustering', 'PairClassification', 'Regression', 'Reranking', 'Retrieval', 'STS', 'Summarization', 'InstructionRetrieval', 'InstructionReranking', 'Any2AnyReranking', 'Any2AnyRetrieval', 'Any2AnyMultilingualRetrieval', 'VisionCentricQA', 'ImageClustering', 'ImageClassification', 'DocumentUnderstanding', 'VisualSTS(eng)', 'VisualSTS(multi)', 'ZeroShotClassification', 'Compositionality', 'AudioClustering', 'AudioMultilabelClassification', 'AudioReranking', 'AudioZeroshotClassification', 'AudioClassification', 'AudioPairClassification', 'VideoClassification', 'VideoClustering', 'VideoMultilabelClassification', 'VideoPairClassification', 'VideoZeroshotClassification', 'VideoCentricQA')], prompt types [['query', 'document']], and task names\n"}
,{"stream_name":"stderr","time":1024.548616042,"data":"  resolved_prompts, invalid_prompts = AbsEncoder.validate_task_to_prompt_name(\n"}
,{"stream_name":"stderr","time":1024.548630053,"data":"Task name QuestionAnswering is not valid. Valid keys are task types [('BitextMining', 'Classification', 'MultilabelClassification', 'Clustering', 'PairClassification', 'Regression', 'Reranking', 'Retrieval', 'STS', 'Summarization', 'InstructionRetrieval', 'InstructionReranking', 'Any2AnyReranking', 'Any2AnyRetrieval', 'Any2AnyMultilingualRetrieval', 'VisionCentricQA', 'ImageClustering', 'ImageClassification', 'DocumentUnderstanding', 'VisualSTS(eng)', 'VisualSTS(multi)', 'ZeroShotClassification', 'Compositionality', 'AudioClustering', 'AudioMultilabelClassification', 'AudioReranking', 'AudioZeroshotClassification', 'AudioClassification', 'AudioPairClassification', 'VideoClassification', 'VideoClustering', 'VideoMultilabelClassification', 'VideoPairClassification', 'VideoZeroshotClassification', 'VideoCentricQA')], prompt types [['query', 'document']], and task names\n"}
,{"stream_name":"stderr","time":1024.568307357,"data":"/usr/local/lib/python3.13/dist-packages/mteb/models/sentence_transformer_wrapper.py:150: UserWarning: Task name QuestionAnswering is not valid. Valid keys are task types [('BitextMining', 'Classification', 'MultilabelClassification', 'Clustering', 'PairClassification', 'Regression', 'Reranking', 'Retrieval', 'STS', 'Summarization', 'InstructionRetrieval', 'InstructionReranking', 'Any2AnyReranking', 'Any2AnyRetrieval', 'Any2AnyMultilingualRetrieval', 'VisionCentricQA', 'ImageClustering', 'ImageClassification', 'DocumentUnderstanding', 'VisualSTS(eng)', 'VisualSTS(multi)', 'ZeroShotClassification', 'Compositionality', 'AudioClustering', 'AudioMultilabelClassification', 'AudioReranking', 'AudioZeroshotClassification', 'AudioClassification', 'AudioPairClassification', 'VideoClassification', 'VideoClustering', 'VideoMultilabelClassification', 'VideoPairClassification', 'VideoZeroshotClassification', 'VideoCentricQA')], prompt types [['query', 'document']], and task names\n"}
,{"stream_name":"stderr","time":1024.568338351,"data":"  resolved_prompts, invalid_prompts = AbsEncoder.validate_task_to_prompt_name(\n"}
,{"stream_name":"stderr","time":1024.568344248,"data":"Task name SearchQuery is not valid. Valid keys are task types [('BitextMining', 'Classification', 'MultilabelClassification', 'Clustering', 'PairClassification', 'Regression', 'Reranking', 'Retrieval', 'STS', 'Summarization', 'InstructionRetrieval', 'InstructionReranking', 'Any2AnyReranking', 'Any2AnyRetrieval', 'Any2AnyMultilingualRetrieval', 'VisionCentricQA', 'ImageClustering', 'ImageClassification', 'DocumentUnderstanding', 'VisualSTS(eng)', 'VisualSTS(multi)', 'ZeroShotClassification', 'Compositionality', 'AudioClustering', 'AudioMultilabelClassification', 'AudioReranking', 'AudioZeroshotClassification', 'AudioClassification', 'AudioPairClassification', 'VideoClassification', 'VideoClustering', 'VideoMultilabelClassification', 'VideoPairClassification', 'VideoZeroshotClassification', 'VideoCentricQA')], prompt types [['query', 'document']], and task names\n"}
,{"stream_name":"stderr","time":1024.568351236,"data":"\n"}
,{"stream_name":"stderr","time":1024.56835534,"data":"/usr/local/lib/python3.13/dist-packages/mteb/models/sentence_transformer_wrapper.py:150: UserWarning: Task name QuestionAnswering is not valid. Valid keys are task types [('BitextMining', 'Classification', 'MultilabelClassification', 'Clustering', 'PairClassification', 'Regression', 'Reranking', 'Retrieval', 'STS', 'Summarization', 'InstructionRetrieval', 'InstructionReranking', 'Any2AnyReranking', 'Any2AnyRetrieval', 'Any2AnyMultilingualRetrieval', 'VisionCentricQA', 'ImageClustering', 'ImageClassification', 'DocumentUnderstanding', 'VisualSTS(eng)', 'VisualSTS(multi)', 'ZeroShotClassification', 'Compositionality', 'AudioClustering', 'AudioMultilabelClassification', 'AudioReranking', 'AudioZeroshotClassification', 'AudioClassification', 'AudioPairClassification', 'VideoClassification', 'VideoClustering', 'VideoMultilabelClassification', 'VideoPairClassification', 'VideoZeroshotClassification', 'VideoCentricQA')], prompt types [['query', 'document']], and task names\n"}
,{"stream_name":"stderr","time":1024.568361812,"data":"  resolved_prompts, invalid_prompts = AbsEncoder.validate_task_to_prompt_name(\n"}
,{"stream_name":"stderr","time":1024.568365944,"data":"Task name SearchQuery is not valid. Valid keys are task types [('BitextMining', 'Classification', 'MultilabelClassification', 'Clustering', 'PairClassification', 'Regression', 'Reranking', 'Retrieval', 'STS', 'Summarization', 'InstructionRetrieval', 'InstructionReranking', 'Any2AnyReranking', 'Any2AnyRetrieval', 'Any2AnyMultilingualRetrieval', 'VisionCentricQA', 'ImageClustering', 'ImageClassification', 'DocumentUnderstanding', 'VisualSTS(eng)', 'VisualSTS(multi)', 'ZeroShotClassification', 'Compositionality', 'AudioClustering', 'AudioMultilabelClassification', 'AudioReranking', 'AudioZeroshotClassification', 'AudioClassification', 'AudioPairClassification', 'VideoClassification', 'VideoClustering', 'VideoMultilabelClassification', 'VideoPairClassification', 'VideoZeroshotClassification', 'VideoCentricQA')], prompt types [['query', 'document']], and task names\n"}
,{"stream_name":"stderr","time":1024.569169114,"data":"/usr/local/lib/python3.13/dist-packages/mteb/models/sentence_transformer_wrapper.py:150: UserWarning: Task name SearchQuery is not valid. Valid keys are task types [('BitextMining', 'Classification', 'MultilabelClassification', 'Clustering', 'PairClassification', 'Regression', 'Reranking', 'Retrieval', 'STS', 'Summarization', 'InstructionRetrieval', 'InstructionReranking', 'Any2AnyReranking', 'Any2AnyRetrieval', 'Any2AnyMultilingualRetrieval', 'VisionCentricQA', 'ImageClustering', 'ImageClassification', 'DocumentUnderstanding', 'VisualSTS(eng)', 'VisualSTS(multi)', 'ZeroShotClassification', 'Compositionality', 'AudioClustering', 'AudioMultilabelClassification', 'AudioReranking', 'AudioZeroshotClassification', 'AudioClassification', 'AudioPairClassification', 'VideoClassification', 'VideoClustering', 'VideoMultilabelClassification', 'VideoPairClassification', 'VideoZeroshotClassification', 'VideoCentricQA')], prompt types [['query', 'document']], and task names\n"}
,{"stream_name":"stderr","time":1024.569191365,"data":"  resolved_prompts, invalid_prompts = AbsEncoder.validate_task_to_prompt_name(\n"}
,{"stream_name":"stderr","time":1024.569195595,"data":"Task name SentenceSimilarity is not valid. Valid keys are task types [('BitextMining', 'Classification', 'MultilabelClassification', 'Clustering', 'PairClassification', 'Regression', 'Reranking', 'Retrieval', 'STS', 'Summarization', 'InstructionRetrieval', 'InstructionReranking', 'Any2AnyReranking', 'Any2AnyRetrieval', 'Any2AnyMultilingualRetrieval', 'VisionCentricQA', 'ImageClustering', 'ImageClassification', 'DocumentUnderstanding', 'VisualSTS(eng)', 'VisualSTS(multi)', 'ZeroShotClassification', 'Compositionality', 'AudioClustering', 'AudioMultilabelClassification', 'AudioReranking', 'AudioZeroshotClassification', 'AudioClassification', 'AudioPairClassification', 'VideoClassification', 'VideoClustering', 'VideoMultilabelClassification', 'VideoPairClassification', 'VideoZeroshotClassification', 'VideoCentricQA')], prompt types [['query', 'document']], and task names\n"}
,{"stream_name":"stderr","time":1024.569200956,"data":"\n"}
,{"stream_name":"stderr","time":1024.569205397,"data":"/usr/local/lib/python3.13/dist-packages/mteb/models/sentence_transformer_wrapper.py:150: UserWarning: Task name SearchQuery is not valid. Valid keys are task types [('BitextMining', 'Classification', 'MultilabelClassification', 'Clustering', 'PairClassification', 'Regression', 'Reranking', 'Retrieval', 'STS', 'Summarization', 'InstructionRetrieval', 'InstructionReranking', 'Any2AnyReranking', 'Any2AnyRetrieval', 'Any2AnyMultilingualRetrieval', 'VisionCentricQA', 'ImageClustering', 'ImageClassification', 'DocumentUnderstanding', 'VisualSTS(eng)', 'VisualSTS(multi)', 'ZeroShotClassification', 'Compositionality', 'AudioClustering', 'AudioMultilabelClassification', 'AudioReranking', 'AudioZeroshotClassification', 'AudioClassification', 'AudioPairClassification', 'VideoClassification', 'VideoClustering', 'VideoMultilabelClassification', 'VideoPairClassification', 'VideoZeroshotClassification', 'VideoCentricQA')], prompt types [['query', 'document']], and task names\n"}
,{"stream_name":"stderr","time":1024.56922134,"data":"  resolved_prompts, invalid_prompts = AbsEncoder.validate_task_to_prompt_name(\n"}
,{"stream_name":"stderr","time":1024.569233278,"data":"Task name SentenceSimilarity is not valid. Valid keys are task types [('BitextMining', 'Classification', 'MultilabelClassification', 'Clustering', 'PairClassification', 'Regression', 'Reranking', 'Retrieval', 'STS', 'Summarization', 'InstructionRetrieval', 'InstructionReranking', 'Any2AnyReranking', 'Any2AnyRetrieval', 'Any2AnyMultilingualRetrieval', 'VisionCentricQA', 'ImageClustering', 'ImageClassification', 'DocumentUnderstanding', 'VisualSTS(eng)', 'VisualSTS(multi)', 'ZeroShotClassification', 'Compositionality', 'AudioClustering', 'AudioMultilabelClassification', 'AudioReranking', 'AudioZeroshotClassification', 'AudioClassification', 'AudioPairClassification', 'VideoClassification', 'VideoClustering', 'VideoMultilabelClassification', 'VideoPairClassification', 'VideoZeroshotClassification', 'VideoCentricQA')], prompt types [['query', 'document']], and task names\n"}
,{"stream_name":"stderr","time":1024.577014846,"data":"/usr/local/lib/python3.13/dist-packages/mteb/models/sentence_transformer_wrapper.py:150: UserWarning: Task name SentenceSimilarity is not valid. Valid keys are task types [('BitextMining', 'Classification', 'MultilabelClassification', 'Clustering', 'PairClassification', 'Regression', 'Reranking', 'Retrieval', 'STS', 'Summarization', 'InstructionRetrieval', 'InstructionReranking', 'Any2AnyReranking', 'Any2AnyRetrieval', 'Any2AnyMultilingualRetrieval', 'VisionCentricQA', 'ImageClustering', 'ImageClassification', 'DocumentUnderstanding', 'VisualSTS(eng)', 'VisualSTS(multi)', 'ZeroShotClassification', 'Compositionality', 'AudioClustering', 'AudioMultilabelClassification', 'AudioReranking', 'AudioZeroshotClassification', 'AudioClassification', 'AudioPairClassification', 'VideoClassification', 'VideoClustering', 'VideoMultilabelClassification', 'VideoPairClassification', 'VideoZeroshotClassification', 'VideoCentricQA')], prompt types [['query', 'document']], and task names\n"}
,{"stream_name":"stderr","time":1024.57703488,"data":"  resolved_prompts, invalid_prompts = AbsEncoder.validate_task_to_prompt_name(\n"}
,{"stream_name":"stderr","time":1024.577039324,"data":"Some prompts are not in the expected format and will be ignored. Problems:\n"}
,{"stream_name":"stderr","time":1024.577042828,"data":"\n"}
,{"stream_name":"stderr","time":1024.577046273,"data":"Task name CodeRetrieval is not valid. Valid keys are task types [('BitextMining', 'Classification', 'MultilabelClassification', 'Clustering', 'PairClassification', 'Regression', 'Reranking', 'Retrieval', 'STS', 'Summarization', 'InstructionRetrieval', 'InstructionReranking', 'Any2AnyReranking', 'Any2AnyRetrieval', 'Any2AnyMultilingualRetrieval', 'VisionCentricQA', 'ImageClustering', 'ImageClassification', 'DocumentUnderstanding', 'VisualSTS(eng)', 'VisualSTS(multi)', 'ZeroShotClassification', 'Compositionality', 'AudioClustering', 'AudioMultilabelClassification', 'AudioReranking', 'AudioZeroshotClassification', 'AudioClassification', 'AudioPairClassification', 'VideoClassification', 'VideoClustering', 'VideoMultilabelClassification', 'VideoPairClassification', 'VideoZeroshotClassification', 'VideoCentricQA')], prompt types [['query', 'document']], and task names\n"}
,{"stream_name":"stderr","time":1024.57705308,"data":"Task name Document is not valid. Valid keys are task types [('BitextMining', 'Classification', 'MultilabelClassification', 'Clustering', 'PairClassification', 'Regression', 'Reranking', 'Retrieval', 'STS', 'Summarization', 'InstructionRetrieval', 'InstructionReranking', 'Any2AnyReranking', 'Any2AnyRetrieval', 'Any2AnyMultilingualRetrieval', 'VisionCentricQA', 'ImageClustering', 'ImageClassification', 'DocumentUnderstanding', 'VisualSTS(eng)', 'VisualSTS(multi)', 'ZeroShotClassification', 'Compositionality', 'AudioClustering', 'AudioMultilabelClassification', 'AudioReranking', 'AudioZeroshotClassification', 'AudioClassification', 'AudioPairClassification', 'VideoClassification', 'VideoClustering', 'VideoMultilabelClassification', 'VideoPairClassification', 'VideoZeroshotClassification', 'VideoCentricQA')], prompt types [['query', 'document']], and task names\n"}
,{"stream_name":"stderr","time":1024.577071148,"data":"Task name FactChecking is not valid. Valid keys are task types [('BitextMining', 'Classification', 'MultilabelClassification', 'Clustering', 'PairClassification', 'Regression', 'Reranking', 'Retrieval', 'STS', 'Summarization', 'InstructionRetrieval', 'InstructionReranking', 'Any2AnyReranking', 'Any2AnyRetrieval', 'Any2AnyMultilingualRetrieval', 'VisionCentricQA', 'ImageClustering', 'ImageClassification', 'DocumentUnderstanding', 'VisualSTS(eng)', 'VisualSTS(multi)', 'ZeroShotClassification', 'Compositionality', 'AudioClustering', 'AudioMultilabelClassification', 'AudioReranking', 'AudioZeroshotClassification', 'AudioClassification', 'AudioPairClassification', 'VideoClassification', 'VideoClustering', 'VideoMultilabelClassification', 'VideoPairClassification', 'VideoZeroshotClassification', 'VideoCentricQA')], prompt types [['query', 'document']], and task names\n"}
,{"stream_name":"stderr","time":1024.577075276,"data":"Task name SearchQuery is not valid. Valid keys are task types [('BitextMining', 'Classification', 'MultilabelClassification', 'Clustering', 'PairClassification', 'Regression', 'Reranking', 'Retrieval', 'STS', 'Summarization', 'InstructionRetrieval', 'InstructionReranking', 'Any2AnyReranking', 'Any2AnyRetrieval', 'Any2AnyMultilingualRetrieval', 'VisionCentricQA', 'ImageClustering', 'ImageClassification', 'DocumentUnderstanding', 'VisualSTS(eng)', 'VisualSTS(multi)', 'ZeroShotClassification', 'Compositionality', 'AudioClustering', 'AudioMultilabelClassification', 'AudioReranking', 'AudioZeroshotClassification', 'AudioClassification', 'AudioPairClassification', 'VideoClassification', 'VideoClustering', 'VideoMultilabelClassification', 'VideoPairClassification', 'VideoZeroshotClassification', 'VideoCentricQA')], prompt types [['query', 'document']], and task names\n"}
,{"stream_name":"stderr","time":1024.57707879,"data":"Task name SentenceSimilarity is not valid. Valid keys are task types [('BitextMining', 'Classification', 'MultilabelClassification', 'Clustering', 'PairClassification', 'Regression', 'Reranking', 'Retrieval', 'STS', 'Summarization', 'InstructionRetrieval', 'InstructionReranking', 'Any2AnyReranking', 'Any2AnyRetrieval', 'Any2AnyMultilingualRetrieval', 'VisionCentricQA', 'ImageClustering', 'ImageClassification', 'DocumentUnderstanding', 'VisualSTS(eng)', 'VisualSTS(multi)', 'ZeroShotClassification', 'Compositionality', 'AudioClustering', 'AudioMultilabelClassification', 'AudioReranking', 'AudioZeroshotClassification', 'AudioClassification', 'AudioPairClassification', 'VideoClassification', 'VideoClustering', 'VideoMultilabelClassification', 'VideoPairClassification', 'VideoZeroshotClassification', 'VideoCentricQA')], prompt types [['query', 'document']], and task names\n"}
,{"stream_name":"stderr","time":1024.577082868,"data":"Task name QuestionAnswering is not valid. Valid keys are task types [('BitextMining', 'Classification', 'MultilabelClassification', 'Clustering', 'PairClassification', 'Regression', 'Reranking', 'Retrieval', 'STS', 'Summarization', 'InstructionRetrieval', 'InstructionReranking', 'Any2AnyReranking', 'Any2AnyRetrieval', 'Any2AnyMultilingualRetrieval', 'VisionCentricQA', 'ImageClustering', 'ImageClassification', 'DocumentUnderstanding', 'VisualSTS(eng)', 'VisualSTS(multi)', 'ZeroShotClassification', 'Compositionality', 'AudioClustering', 'AudioMultilabelClassification', 'AudioReranking', 'AudioZeroshotClassification', 'AudioClassification', 'AudioPairClassification', 'VideoClassification', 'VideoClustering', 'VideoMultilabelClassification', 'VideoPairClassification', 'VideoZeroshotClassification', 'VideoCentricQA')], prompt types [['query', 'document']], and task names\n"}
,{"stream_name":"stderr","time":1024.577089185,"data":"\n"}
,{"stream_name":"stderr","time":1024.577091485,"data":"/usr/local/lib/python3.13/dist-packages/mteb/models/sentence_transformer_wrapper.py:150: UserWarning: Task name SentenceSimilarity is not valid. Valid keys are task types [('BitextMining', 'Classification', 'MultilabelClassification', 'Clustering', 'PairClassification', 'Regression', 'Reranking', 'Retrieval', 'STS', 'Summarization', 'InstructionRetrieval', 'InstructionReranking', 'Any2AnyReranking', 'Any2AnyRetrieval', 'Any2AnyMultilingualRetrieval', 'VisionCentricQA', 'ImageClustering', 'ImageClassification', 'DocumentUnderstanding', 'VisualSTS(eng)', 'VisualSTS(multi)', 'ZeroShotClassification', 'Compositionality', 'AudioClustering', 'AudioMultilabelClassification', 'AudioReranking', 'AudioZeroshotClassification', 'AudioClassification', 'AudioPairClassification', 'VideoClassification', 'VideoClustering', 'VideoMultilabelClassification', 'VideoPairClassification', 'VideoZeroshotClassification', 'VideoCentricQA')], prompt types [['query', 'document']], and task names\n"}
,{"stream_name":"stderr","time":1024.577095169,"data":"  resolved_prompts, invalid_prompts = AbsEncoder.validate_task_to_prompt_name(\n"}
,{"stream_name":"stderr","time":1024.577097355,"data":"Some prompts are not in the expected format and will be ignored. Problems:\n"}
,{"stream_name":"stderr","time":1024.577099555,"data":"\n"}
,{"stream_name":"stderr","time":1024.577101937,"data":"Task name CodeRetrieval is not valid. Valid keys are task types [('BitextMining', 'Classification', 'MultilabelClassification', 'Clustering', 'PairClassification', 'Regression', 'Reranking', 'Retrieval', 'STS', 'Summarization', 'InstructionRetrieval', 'InstructionReranking', 'Any2AnyReranking', 'Any2AnyRetrieval', 'Any2AnyMultilingualRetrieval', 'VisionCentricQA', 'ImageClustering', 'ImageClassification', 'DocumentUnderstanding', 'VisualSTS(eng)', 'VisualSTS(multi)', 'ZeroShotClassification', 'Compositionality', 'AudioClustering', 'AudioMultilabelClassification', 'AudioReranking', 'AudioZeroshotClassification', 'AudioClassification', 'AudioPairClassification', 'VideoClassification', 'VideoClustering', 'VideoMultilabelClassification', 'VideoPairClassification', 'VideoZeroshotClassification', 'VideoCentricQA')], prompt types [['query', 'document']], and task names\n"}
,{"stream_name":"stderr","time":1024.577105468,"data":"Task name Document is not valid. Valid keys are task types [('BitextMining', 'Classification', 'MultilabelClassification', 'Clustering', 'PairClassification', 'Regression', 'Reranking', 'Retrieval', 'STS', 'Summarization', 'InstructionRetrieval', 'InstructionReranking', 'Any2AnyReranking', 'Any2AnyRetrieval', 'Any2AnyMultilingualRetrieval', 'VisionCentricQA', 'ImageClustering', 'ImageClassification', 'DocumentUnderstanding', 'VisualSTS(eng)', 'VisualSTS(multi)', 'ZeroShotClassification', 'Compositionality', 'AudioClustering', 'AudioMultilabelClassification', 'AudioReranking', 'AudioZeroshotClassification', 'AudioClassification', 'AudioPairClassification', 'VideoClassification', 'VideoClustering', 'VideoMultilabelClassification', 'VideoPairClassification', 'VideoZeroshotClassification', 'VideoCentricQA')], prompt types [['query', 'document']], and task names\n"}
,{"stream_name":"stderr","time":1024.577108943,"data":"Task name FactChecking is not valid. Valid keys are task types [('BitextMining', 'Classification', 'MultilabelClassification', 'Clustering', 'PairClassification', 'Regression', 'Reranking', 'Retrieval', 'STS', 'Summarization', 'InstructionRetrieval', 'InstructionReranking', 'Any2AnyReranking', 'Any2AnyRetrieval', 'Any2AnyMultilingualRetrieval', 'VisionCentricQA', 'ImageClustering', 'ImageClassification', 'DocumentUnderstanding', 'VisualSTS(eng)', 'VisualSTS(multi)', 'ZeroShotClassification', 'Compositionality', 'AudioClustering', 'AudioMultilabelClassification', 'AudioReranking', 'AudioZeroshotClassification', 'AudioClassification', 'AudioPairClassification', 'VideoClassification', 'VideoClustering', 'VideoMultilabelClassification', 'VideoPairClassification', 'VideoZeroshotClassification', 'VideoCentricQA')], prompt types [['query', 'document']], and task names\n"}
,{"stream_name":"stderr","time":1024.577114737,"data":"Task name SearchQuery is not valid. Valid keys are task types [('BitextMining', 'Classification', 'MultilabelClassification', 'Clustering', 'PairClassification', 'Regression', 'Reranking', 'Retrieval', 'STS', 'Summarization', 'InstructionRetrieval', 'InstructionReranking', 'Any2AnyReranking', 'Any2AnyRetrieval', 'Any2AnyMultilingualRetrieval', 'VisionCentricQA', 'ImageClustering', 'ImageClassification', 'DocumentUnderstanding', 'VisualSTS(eng)', 'VisualSTS(multi)', 'ZeroShotClassification', 'Compositionality', 'AudioClustering', 'AudioMultilabelClassification', 'AudioReranking', 'AudioZeroshotClassification', 'AudioClassification', 'AudioPairClassification', 'VideoClassification', 'VideoClustering', 'VideoMultilabelClassification', 'VideoPairClassification', 'VideoZeroshotClassification', 'VideoCentricQA')], prompt types [['query', 'document']], and task names\n"}
,{"stream_name":"stderr","time":1024.577118412,"data":"Task name SentenceSimilarity is not valid. Valid keys are task types [('BitextMining', 'Classification', 'MultilabelClassification', 'Clustering', 'PairClassification', 'Regression', 'Reranking', 'Retrieval', 'STS', 'Summarization', 'InstructionRetrieval', 'InstructionReranking', 'Any2AnyReranking', 'Any2AnyRetrieval', 'Any2AnyMultilingualRetrieval', 'VisionCentricQA', 'ImageClustering', 'ImageClassification', 'DocumentUnderstanding', 'VisualSTS(eng)', 'VisualSTS(multi)', 'ZeroShotClassification', 'Compositionality', 'AudioClustering', 'AudioMultilabelClassification', 'AudioReranking', 'AudioZeroshotClassification', 'AudioClassification', 'AudioPairClassification', 'VideoClassification', 'VideoClustering', 'VideoMultilabelClassification', 'VideoPairClassification', 'VideoZeroshotClassification', 'VideoCentricQA')], prompt types [['query', 'document']], and task names\n"}
,{"stream_name":"stderr","time":1024.577122125,"data":"Task name QuestionAnswering is not valid. Valid keys are task types [('BitextMining', 'Classification', 'MultilabelClassification', 'Clustering', 'PairClassification', 'Regression', 'Reranking', 'Retrieval', 'STS', 'Summarization', 'InstructionRetrieval', 'InstructionReranking', 'Any2AnyReranking', 'Any2AnyRetrieval', 'Any2AnyMultilingualRetrieval', 'VisionCentricQA', 'ImageClustering', 'ImageClassification', 'DocumentUnderstanding', 'VisualSTS(eng)', 'VisualSTS(multi)', 'ZeroShotClassification', 'Compositionality', 'AudioClustering', 'AudioMultilabelClassification', 'AudioReranking', 'AudioZeroshotClassification', 'AudioClassification', 'AudioPairClassification', 'VideoClassification', 'VideoClustering', 'VideoMultilabelClassification', 'VideoPairClassification', 'VideoZeroshotClassification', 'VideoCentricQA')], prompt types [['query', 'document']], and task names\n"}
,{"stream_name":"stderr","time":1024.586512875,"data":"/usr/local/lib/python3.13/dist-packages/mteb/models/sentence_transformer_wrapper.py:430: UserWarning: Some prompts are not in the expected format and will be ignored. Problems:\n"}
,{"stream_name":"stderr","time":1024.586550289,"data":"\n"}
,{"stream_name":"stderr","time":1024.586555727,"data":"Task name CodeRetrieval is not valid. Valid keys are task types [('BitextMining', 'Classification', 'MultilabelClassification', 'Clustering', 'PairClassification', 'Regression', 'Reranking', 'Retrieval', 'STS', 'Summarization', 'InstructionRetrieval', 'InstructionReranking', 'Any2AnyReranking', 'Any2AnyRetrieval', 'Any2AnyMultilingualRetrieval', 'VisionCentricQA', 'ImageClustering', 'ImageClassification', 'DocumentUnderstanding', 'VisualSTS(eng)', 'VisualSTS(multi)', 'ZeroShotClassification', 'Compositionality', 'AudioClustering', 'AudioMultilabelClassification', 'AudioReranking', 'AudioZeroshotClassification', 'AudioClassification', 'AudioPairClassification', 'VideoClassification', 'VideoClustering', 'VideoMultilabelClassification', 'VideoPairClassification', 'VideoZeroshotClassification', 'VideoCentricQA')], prompt types [['query', 'document']], and task names\n"}
,{"stream_name":"stderr","time":1024.586571261,"data":"Task name Document is not valid. Valid keys are task types [('BitextMining', 'Classification', 'MultilabelClassification', 'Clustering', 'PairClassification', 'Regression', 'Reranking', 'Retrieval', 'STS', 'Summarization', 'InstructionRetrieval', 'InstructionReranking', 'Any2AnyReranking', 'Any2AnyRetrieval', 'Any2AnyMultilingualRetrieval', 'VisionCentricQA', 'ImageClustering', 'ImageClassification', 'DocumentUnderstanding', 'VisualSTS(eng)', 'VisualSTS(multi)', 'ZeroShotClassification', 'Compositionality', 'AudioClustering', 'AudioMultilabelClassification', 'AudioReranking', 'AudioZeroshotClassification', 'AudioClassification', 'AudioPairClassification', 'VideoClassification', 'VideoClustering', 'VideoMultilabelClassification', 'VideoPairClassification', 'VideoZeroshotClassification', 'VideoCentricQA')], prompt types [['query', 'document']], and task names\n"}
,{"stream_name":"stderr","time":1024.586578068,"data":"Task name FactChecking is not valid. Valid keys are task types [('BitextMining', 'Classification', 'MultilabelClassification', 'Clustering', 'PairClassification', 'Regression', 'Reranking', 'Retrieval', 'STS', 'Summarization', 'InstructionRetrieval', 'InstructionReranking', 'Any2AnyReranking', 'Any2AnyRetrieval', 'Any2AnyMultilingualRetrieval', 'VisionCentricQA', 'ImageClustering', 'ImageClassification', 'DocumentUnderstanding', 'VisualSTS(eng)', 'VisualSTS(multi)', 'ZeroShotClassification', 'Compositionality', 'AudioClustering', 'AudioMultilabelClassification', 'AudioReranking', 'AudioZeroshotClassification', 'AudioClassification', 'AudioPairClassification', 'VideoClassification', 'VideoClustering', 'VideoMultilabelClassification', 'VideoPairClassification', 'VideoZeroshotClassification', 'VideoCentricQA')], prompt types [['query', 'document']], and task names\n"}
,{"stream_name":"stderr","time":1024.58658391,"data":"Task name SearchQuery is not valid. Valid keys are task types [('BitextMining', 'Classification', 'MultilabelClassification', 'Clustering', 'PairClassification', 'Regression', 'Reranking', 'Retrieval', 'STS', 'Summarization', 'InstructionRetrieval', 'InstructionReranking', 'Any2AnyReranking', 'Any2AnyRetrieval', 'Any2AnyMultilingualRetrieval', 'VisionCentricQA', 'ImageClustering', 'ImageClassification', 'DocumentUnderstanding', 'VisualSTS(eng)', 'VisualSTS(multi)', 'ZeroShotClassification', 'Compositionality', 'AudioClustering', 'AudioMultilabelClassification', 'AudioReranking', 'AudioZeroshotClassification', 'AudioClassification', 'AudioPairClassification', 'VideoClassification', 'VideoClustering', 'VideoMultilabelClassification', 'VideoPairClassification', 'VideoZeroshotClassification', 'VideoCentricQA')], prompt types [['query', 'document']], and task names\n"}
,{"stream_name":"stderr","time":1024.586590087,"data":"Task name SentenceSimilarity is not valid. Valid keys are task types [('BitextMining', 'Classification', 'MultilabelClassification', 'Clustering', 'PairClassification', 'Regression', 'Reranking', 'Retrieval', 'STS', 'Summarization', 'InstructionRetrieval', 'InstructionReranking', 'Any2AnyReranking', 'Any2AnyRetrieval', 'Any2AnyMultilingualRetrieval', 'VisionCentricQA', 'ImageClustering', 'ImageClassification', 'DocumentUnderstanding', 'VisualSTS(eng)', 'VisualSTS(multi)', 'ZeroShotClassification', 'Compositionality', 'AudioClustering', 'AudioMultilabelClassification', 'AudioReranking', 'AudioZeroshotClassification', 'AudioClassification', 'AudioPairClassification', 'VideoClassification', 'VideoClustering', 'VideoMultilabelClassification', 'VideoPairClassification', 'VideoZeroshotClassification', 'VideoCentricQA')], prompt types [['query', 'document']], and task names\n"}
,{"stream_name":"stderr","time":1024.586595926,"data":"Task name QuestionAnswering is not valid. Valid keys are task types [('BitextMining', 'Classification', 'MultilabelClassification', 'Clustering', 'PairClassification', 'Regression', 'Reranking', 'Retrieval', 'STS', 'Summarization', 'InstructionRetrieval', 'InstructionReranking', 'Any2AnyReranking', 'Any2AnyRetrieval', 'Any2AnyMultilingualRetrieval', 'VisionCentricQA', 'ImageClustering', 'ImageClassification', 'DocumentUnderstanding', 'VisualSTS(eng)', 'VisualSTS(multi)', 'ZeroShotClassification', 'Compositionality', 'AudioClustering', 'AudioMultilabelClassification', 'AudioReranking', 'AudioZeroshotClassification', 'AudioClassification', 'AudioPairClassification', 'VideoClassification', 'VideoClustering', 'VideoMultilabelClassification', 'VideoPairClassification', 'VideoZeroshotClassification', 'VideoCentricQA')], prompt types [['query', 'document']], and task names\n"}
,{"stream_name":"stderr","time":1024.58660473,"data":"  self.model_prompts = _resolve_model_prompts(self.model, model_prompts)\n"}
,{"stream_name":"stderr","time":1024.586608182,"data":"\n"}
,{"stream_name":"stderr","time":1024.586611344,"data":"/usr/local/lib/python3.13/dist-packages/mteb/models/sentence_transformer_wrapper.py:430: UserWarning: Some prompts are not in the expected format and will be ignored. Problems:\n"}
,{"stream_name":"stderr","time":1024.586614994,"data":"\n"}
,{"stream_name":"stderr","time":1024.586618658,"data":"Task name CodeRetrieval is not valid. Valid keys are task types [('BitextMining', 'Classification', 'MultilabelClassification', 'Clustering', 'PairClassification', 'Regression', 'Reranking', 'Retrieval', 'STS', 'Summarization', 'InstructionRetrieval', 'InstructionReranking', 'Any2AnyReranking', 'Any2AnyRetrieval', 'Any2AnyMultilingualRetrieval', 'VisionCentricQA', 'ImageClustering', 'ImageClassification', 'DocumentUnderstanding', 'VisualSTS(eng)', 'VisualSTS(multi)', 'ZeroShotClassification', 'Compositionality', 'AudioClustering', 'AudioMultilabelClassification', 'AudioReranking', 'AudioZeroshotClassification', 'AudioClassification', 'AudioPairClassification', 'VideoClassification', 'VideoClustering', 'VideoMultilabelClassification', 'VideoPairClassification', 'VideoZeroshotClassification', 'VideoCentricQA')], prompt types [['query', 'document']], and task names\n"}
,{"stream_name":"stderr","time":1024.586628984,"data":"Task name Document is not valid. Valid keys are task types [('BitextMining', 'Classification', 'MultilabelClassification', 'Clustering', 'PairClassification', 'Regression', 'Reranking', 'Retrieval', 'STS', 'Summarization', 'InstructionRetrieval', 'InstructionReranking', 'Any2AnyReranking', 'Any2AnyRetrieval', 'Any2AnyMultilingualRetrieval', 'VisionCentricQA', 'ImageClustering', 'ImageClassification', 'DocumentUnderstanding', 'VisualSTS(eng)', 'VisualSTS(multi)', 'ZeroShotClassification', 'Compositionality', 'AudioClustering', 'AudioMultilabelClassification', 'AudioReranking', 'AudioZeroshotClassification', 'AudioClassification', 'AudioPairClassification', 'VideoClassification', 'VideoClustering', 'VideoMultilabelClassification', 'VideoPairClassification', 'VideoZeroshotClassification', 'VideoCentricQA')], prompt types [['query', 'document']], and task names\n"}
,{"stream_name":"stderr","time":1024.586632771,"data":"Task name FactChecking is not valid. Valid keys are task types [('BitextMining', 'Classification', 'MultilabelClassification', 'Clustering', 'PairClassification', 'Regression', 'Reranking', 'Retrieval', 'STS', 'Summarization', 'InstructionRetrieval', 'InstructionReranking', 'Any2AnyReranking', 'Any2AnyRetrieval', 'Any2AnyMultilingualRetrieval', 'VisionCentricQA', 'ImageClustering', 'ImageClassification', 'DocumentUnderstanding', 'VisualSTS(eng)', 'VisualSTS(multi)', 'ZeroShotClassification', 'Compositionality', 'AudioClustering', 'AudioMultilabelClassification', 'AudioReranking', 'AudioZeroshotClassification', 'AudioClassification', 'AudioPairClassification', 'VideoClassification', 'VideoClustering', 'VideoMultilabelClassification', 'VideoPairClassification', 'VideoZeroshotClassification', 'VideoCentricQA')], prompt types [['query', 'document']], and task names\n"}
,{"stream_name":"stderr","time":1024.586638423,"data":"Task name SearchQuery is not valid. Valid keys are task types [('BitextMining', 'Classification', 'MultilabelClassification', 'Clustering', 'PairClassification', 'Regression', 'Reranking', 'Retrieval', 'STS', 'Summarization', 'InstructionRetrieval', 'InstructionReranking', 'Any2AnyReranking', 'Any2AnyRetrieval', 'Any2AnyMultilingualRetrieval', 'VisionCentricQA', 'ImageClustering', 'ImageClassification', 'DocumentUnderstanding', 'VisualSTS(eng)', 'VisualSTS(multi)', 'ZeroShotClassification', 'Compositionality', 'AudioClustering', 'AudioMultilabelClassification', 'AudioReranking', 'AudioZeroshotClassification', 'AudioClassification', 'AudioPairClassification', 'VideoClassification', 'VideoClustering', 'VideoMultilabelClassification', 'VideoPairClassification', 'VideoZeroshotClassification', 'VideoCentricQA')], prompt types [['query', 'document']], and task names\n"}
,{"stream_name":"stderr","time":1024.58664202,"data":"Task name SentenceSimilarity is not valid. Valid keys are task types [('BitextMining', 'Classification', 'MultilabelClassification', 'Clustering', 'PairClassification', 'Regression', 'Reranking', 'Retrieval', 'STS', 'Summarization', 'InstructionRetrieval', 'InstructionReranking', 'Any2AnyReranking', 'Any2AnyRetrieval', 'Any2AnyMultilingualRetrieval', 'VisionCentricQA', 'ImageClustering', 'ImageClassification', 'DocumentUnderstanding', 'VisualSTS(eng)', 'VisualSTS(multi)', 'ZeroShotClassification', 'Compositionality', 'AudioClustering', 'AudioMultilabelClassification', 'AudioReranking', 'AudioZeroshotClassification', 'AudioClassification', 'AudioPairClassification', 'VideoClassification', 'VideoClustering', 'VideoMultilabelClassification', 'VideoPairClassification', 'VideoZeroshotClassification', 'VideoCentricQA')], prompt types [['query', 'document']], and task names\n"}
,{"stream_name":"stderr","time":1024.586645843,"data":"Task name QuestionAnswering is not valid. Valid keys are task types [('BitextMining', 'Classification', 'MultilabelClassification', 'Clustering', 'PairClassification', 'Regression', 'Reranking', 'Retrieval', 'STS', 'Summarization', 'InstructionRetrieval', 'InstructionReranking', 'Any2AnyReranking', 'Any2AnyRetrieval', 'Any2AnyMultilingualRetrieval', 'VisionCentricQA', 'ImageClustering', 'ImageClassification', 'DocumentUnderstanding', 'VisualSTS(eng)', 'VisualSTS(multi)', 'ZeroShotClassification', 'Compositionality', 'AudioClustering', 'AudioMultilabelClassification', 'AudioReranking', 'AudioZeroshotClassification', 'AudioClassification', 'AudioPairClassification', 'VideoClassification', 'VideoClustering', 'VideoMultilabelClassification', 'VideoPairClassification', 'VideoZeroshotClassification', 'VideoCentricQA')], prompt types [['query', 'document']], and task names\n"}
,{"stream_name":"stderr","time":1024.586649346,"data":"  self.model_prompts = _resolve_model_prompts(self.model, model_prompts)\n"}
,{"stream_name":"stdout","time":2528.002130836,"data":"ImdbClassification             main_score=0.9104 rev=3d86128a\n"}
,{"stream_name":"stdout","time":2534.025675948,"data":"en     in-language 0.876 | cosine 0.885\n"}
,{"stream_name":"stdout","time":2540.248767902,"data":"de     in-language 0.796 | en-head transfer 0.772 | cosine 0.777\n"}
,{"stream_name":"stdout","time":2546.555898254,"data":"es     in-language 0.808 | en-head transfer 0.803 | cosine 0.794\n"}
,{"stream_name":"stdout","time":2553.867800057,"data":"fr     in-language 0.819 | en-head transfer 0.812 | cosine 0.803\n"}
,{"stream_name":"stdout","time":2559.958395432,"data":"ru     in-language 0.830 | en-head transfer 0.799 | cosine 0.794\n"}
,{"stream_name":"stdout","time":2564.900233705,"data":"zh-CN  in-language 0.816 | en-head transfer 0.781 | cosine 0.777\n"}
,{"stream_name":"stdout","time":2569.875174204,"data":"ja     in-language 0.830 | en-head transfer 0.792 | cosine 0.781\n"}
,{"stream_name":"stdout","time":2596.202579271,"data":"ScienceQA: 1500 fit / 600 test rows (4-choice, with image)\n"}
,{"stream_name":"stdout","time":4086.453405936,"data":"vision peak allocated GiB: 4.57\n"}
,{"stream_name":"stdout","time":4118.252229228,"data":"full        acc=0.428 [0.388,0.470] log=1.346 cov=1.000 set=4.00\n"}
,{"stream_name":"stdout","time":4118.252267064,"data":"text_only   acc=0.395 [0.362,0.437] log=1.348 cov=1.000 set=4.00\n"}
,{"stream_name":"stdout","time":4118.252271397,"data":"image_only  acc=0.433 [0.398,0.474] log=1.351 cov=1.000 set=4.00\n"}
,{"stream_name":"stdout","time":4118.252274441,"data":"full vs text_only  : -0.0333 [-0.0700, +0.0017] -\u003e indistinguishable\n"}
,{"stream_name":"stdout","time":4118.252277862,"data":"full vs image_only : +0.0050 [-0.0325, +0.0433] -\u003e indistinguishable\n"}
,{"stream_name":"stdout","time":4123.036945819,"data":"static                 esc 0.532-\u003e0.857 unsafe 0.143\n"}
,{"stream_name":"stdout","time":4123.036972812,"data":"glial                  esc 0.842-\u003e1.000 unsafe 0.000\n"}
,{"stream_name":"stdout","time":4123.036978362,"data":"recalibrate(delay=200) esc 0.432-\u003e0.692 unsafe 0.305\n"}
,{"stream_name":"stdout","time":4123.036982813,"data":"recalibrate(delay=0)   esc 0.427-\u003e0.852 unsafe 0.137\n"}
,{"stream_name":"stdout","time":4167.699506106,"data":"static     phase2 unsafe 0.385 phase1 acc 0.880\n"}
,{"stream_name":"stdout","time":4167.699536679,"data":"glial      phase2 unsafe 0.615 phase1 acc 0.930\n"}
,{"stream_name":"stdout","time":4168.019552233,"data":"'i need to cancel my flight tomorrow'\n"}
,{"stream_name":"stdout","time":4168.019575136,"data":"  -\u003e action=escalate top=0.010 set=['cancel', 'book flight', 'insurance change', 'income']\n"}
,{"stream_name":"stdout","time":4168.019581312,"data":"\n"}
,{"stream_name":"stdout","time":4168.019586217,"data":"'what is the balance on my account'\n"}
,{"stream_name":"stdout","time":4168.01959087,"data":"  -\u003e action=answer top=0.016 set=['balance', 'bill balance', 'rewards balance']\n"}
,{"stream_name":"stdout","time":4168.019595408,"data":"\n"}
,{"stream_name":"stdout","time":4168.019599655,"data":"'tell me something completely unrelated to banking intents xyz'\n"}
,{"stream_name":"stdout","time":4168.019603937,"data":"  -\u003e action=escalate top=0.011 set=['no', 'what can i ask you', 'meaning of life', 'definition']\n"}
,{"stream_name":"stdout","time":4168.019608241,"data":"\n"}
,{"stream_name":"stdout","time":4205.131514993,"data":"prop_in_state: transfer auroc=0.6041666666666666 f1@0.5=0.43 f1@t=0.47(t0.50)  restaurant reservation auroc=0.6895833333333333 f1@0.5=0.44 f1@t=0.42(t0.50)  weather auroc=0.6016666666666666 f1@0.5=0.43 f1@t=0.49(t0.50)\n"}
,{"stream_name":"stdout","time":4205.131546202,"data":"prop_in_options: transfer auroc=0.9729166666666667 f1@0.5=0.71 f1@t=0.69(t0.50)  restaurant reservation auroc=1.0 f1@0.5=0.91 f1@t=0.93(t0.50)  weather auroc=1.0 f1@0.5=0.87 f1@t=0.90(t0.50)\n"}
,{"stream_name":"stdout","time":4205.131552118,"data":"bundle refuses out-of-schema noul: True\n"}
,{"stream_name":"stdout","time":4238.992798824,"data":"banking77: accuracy zs=0.6266666666666667 gated=0.6813186813186813 cov=0.91 published={'jev': 0.7971391417425228, 'qwen': 0.7740572171651495, 'gemma': 0.6703511053315995}\n"}
,{"stream_name":"stdout","time":4274.321799194,"data":"clinc150: failed KeyError('heads')\n"}
,{"stream_name":"stdout","time":4307.697118312,"data":"ag_news: accuracy zs=0.26666666666666666 gated=0.26755852842809363 cov=1.00 published={'jev': 0.8851315789473684, 'qwen': 0.8673684210526316, 'gemma': 0.8623684210526316}\n"}
,{"stream_name":"stdout","time":4341.238398224,"data":"sst2: accuracy zs=0.79 gated=0.79 cov=1.00 published={'jev': 0.9644495412844036, 'qwen': 0.9541284403669725, 'gemma': 0.9518348623853211}\n"}
,{"stream_name":"stdout","time":4388.718115583,"data":"imdb: accuracy zs=0.8866666666666667 gated=0.8866666666666667 cov=1.00 published={'jev': 0.9652, 'qwen': 0.9648, 'gemma': 0.9556}\n"}
,{"stream_name":"stdout","time":4424.258040638,"data":"boolq: accuracy zs=0.5833333333333334 gated=0.5864406779661017 cov=0.98 published={'jev': 0.9131498470948012, 'qwen': 0.8761467889908257, 'gemma': 0.8223241590214068}\n"}
,{"stream_name":"stderr","time":4460.027210117,"data":"Repo card metadata block was not found. Setting CardData to empty.\n"}
,{"stream_name":"stderr","time":4460.0272373,"data":"\n"}
,{"stream_name":"stderr","time":4460.027242741,"data":"Repo card metadata block was not found. Setting CardData to empty.\n"}
,{"stream_name":"stdout","time":4460.041903807,"data":"paws: accuracy zs=0.44 gated=0.44 cov=1.00 published={'jev': 0.849875, 'qwen': 0.835625, 'gemma': 0.74125}\n"}
,{"stream_name":"stderr","time":4477.348143413,"data":"Repo card metadata block was not found. Setting CardData to empty.\n"}
,{"stream_name":"stderr","time":4477.348182864,"data":"\n"}
,{"stream_name":"stderr","time":4477.348189115,"data":"Repo card metadata block was not found. Setting CardData to empty.\n"}
,{"stream_name":"stdout","time":4494.231747798,"data":"sst5: argmax_accuracy zs=0.17666666666666667 gated=0.17666666666666667 cov=1.00 published={'jev': 0.579185520361991, 'qwen': 0.5746606334841629, 'gemma': 0.528054298642534}\n"}
,{"stream_name":"stdout","time":4529.190957393,"data":"stsb: spearman zs=0.21520927491606182 gated=0.2169812272326875 cov=1.00 published={'jev': 0.8901624967354277, 'qwen': 0.8957528546138573, 'gemma': 0.8142406626891461}\n"}
,{"stream_name":"stdout","time":4545.977277712,"data":"logged 300 real decisions\n"}
,{"stream_name":"stdout","time":4545.977332767,"data":"monitor: alerts=['escalate_rate 0.63 \u003e 0.6', 'top_prob KS=0.247 \u003e 0.15'] escalate=0.63\n"}
,{"stream_name":"stdout","time":4545.977340632,"data":"handlers: {'escalate': 189, 'answer': 109, 'clarify': 2} | escalation queue lines 189\n"}
,{"stream_name":"stdout","time":4545.977345325,"data":"retrain slice 1: 3900 items, 150 classes\n"}
,{"stream_name":"stdout","time":4545.977349603,"data":"retrain slice 2: 4050 items, 150 classes\n"}
,{"stream_name":"stdout","time":4589.448869439,"data":"registry: versions=['v1', 'v2'] v2.parent=v1 promote-\u003ev2 rollback-\u003ev1 now=v1\n"}
,{"stream_name":"stdout","time":4589.448904373,"data":"shadow: n=300 agreement=0.363 failed=0 {'answer-\u003eanswer': 109, 'clarify-\u003eanswer': 2, 'escalate-\u003eanswer': 187, 'escalate-\u003eclarify': 2}\n"}
,{"stream_name":"stdout","time":4589.4489111,"data":"cadence: fired=True via drift (drift: top_prob KS=0.247 \u003e 0.15)\n"}
,{"stream_name":"stdout","time":4589.448915778,"data":"cadence: held=True (drift alert but 120 new labeled samples \u003c 500 floor)\n"}
,{"stream_name":"stdout","time":4622.264615297,"data":"canary: control n=206 unsafe=0.005 | canary n=94 unsafe=0.043 -\u003e rollback (unsafe_rate 0.005 -\u003e 0.043 (+0.038 \u003e 0.02))\n"}
,{"stream_name":"stdout","time":4622.264649338,"data":"causal unsafe: delta=+0.070 [+0.043, +0.100] -\u003e regressed\n"}
,{"stream_name":"stdout","time":4622.264653273,"data":"causal escalate: delta=-0.630 [-0.683, -0.575] -\u003e improved\n"}
,{"stream_name":"stdout","time":4622.47318166,"data":"{\n"}
,{"stream_name":"stdout","time":4622.473232484,"data":"  \"suite_green_on_kaggle\": true,\n"}
,{"stream_name":"stdout","time":4622.473239927,"data":"  \"cosine_resolved_in_band\": true,\n"}
,{"stream_name":"stdout","time":4622.473246045,"data":"  \"head_resolved_in_band\": true,\n"}
,{"stream_name":"stdout","time":4622.473265744,"data":"  \"coverage_in_band\": true,\n"}
,{"stream_name":"stdout","time":4622.473271048,"data":"  \"head_coverage_reported\": 0.9882222222222222,\n"}
,{"stream_name":"stdout","time":4622.473275236,"data":"  \"cosine_sets_small\": true,\n"}
,{"stream_name":"stdout","time":4622.473279088,"data":"  \"head_sets_small\": true,\n"}
,{"stream_name":"stdout","time":4622.47328284,"data":"  \"head_acc_in_band\": true,\n"}
,{"stream_name":"stdout","time":4622.473286982,"data":"  \"bundle_roundtrip_identical\": true,\n"}
,{"stream_name":"stdout","time":4622.473295429,"data":"  \"ordinal_ran\": true,\n"}
,{"stream_name":"stdout","time":4622.473298374,"data":"  \"ordinal_beats_zeroshot\": true,\n"}
,{"stream_name":"stdout","time":4622.473300921,"data":"  \"cli_ran\": true,\n"}
,{"stream_name":"stdout","time":4622.473303511,"data":"  \"cli_inputs\": 12,\n"}
,{"stream_name":"stdout","time":4622.473306029,"data":"  \"cli_adapt_ran\": true,\n"}
,{"stream_name":"stdout","time":4622.473308625,"data":"  \"cli_adapt_roundtrip\": true,\n"}
,{"stream_name":"stdout","time":4622.47331116,"data":"  \"serve_ran\": true,\n"}
,{"stream_name":"stdout","time":4622.47331366,"data":"  \"baselines_ran\": true,\n"}
,{"stream_name":"stdout","time":4622.473316159,"data":"  \"head_beats_tfidf_acc\": true,\n"}
,{"stream_name":"stdout","time":4622.473318786,"data":"  \"rigor_ran\": true,\n"}
,{"stream_name":"stdout","time":4622.473321262,"data":"  \"memorization_ran\": true,\n"}
,{"stream_name":"stdout","time":4622.47332378,"data":"  \"breadth_ran\": true,\n"}
,{"stream_name":"stdout","time":4622.473326263,"data":"  \"breadth_datasets\": 10,\n"}
,{"stream_name":"stdout","time":4622.473329259,"data":"  \"operate_ran\": true,\n"}
,{"stream_name":"stdout","time":4622.473331757,"data":"  \"monitor_ran\": true,\n"}
,{"stream_name":"stdout","time":4622.473334237,"data":"  \"handlers_ran\": true,\n"}
,{"stream_name":"stdout","time":4622.473337921,"data":"  \"escalations_queued\": true,\n"}
,{"stream_name":"stdout","time":4622.473355127,"data":"  \"registry_lineage\": true,\n"}
,{"stream_name":"stdout","time":4622.47335974,"data":"  \"registry_rollback\": true,\n"}
,{"stream_name":"stdout","time":4622.473364519,"data":"  \"shadow_ran\": true,\n"}
,{"stream_name":"stdout","time":4622.473369574,"data":"  \"cadence_ran\": true,\n"}
,{"stream_name":"stdout","time":4622.473374188,"data":"  \"cadence_floored\": true,\n"}
,{"stream_name":"stdout","time":4622.473378057,"data":"  \"canary_ran\": true,\n"}
,{"stream_name":"stdout","time":4622.473381829,"data":"  \"canary_arms_nonempty\": true,\n"}
,{"stream_name":"stdout","time":4622.47338564,"data":"  \"causal_ran\": true,\n"}
,{"stream_name":"stdout","time":4622.473389422,"data":"  \"causal_ci_reported\": true,\n"}
,{"stream_name":"stdout","time":4622.473393238,"data":"  \"cross_task_ran\": true,\n"}
,{"stream_name":"stdout","time":4622.473397212,"data":"  \"cross_task_glial_safer\": true,\n"}
,{"stream_name":"stdout","time":4622.473405394,"data":"  \"multilingual_ran\": true,\n"}
,{"stream_name":"stdout","time":4622.473408286,"data":"  \"multilingual_in_language_holds\": true,\n"}
,{"stream_name":"stdout","time":4622.473410875,"data":"  \"multilingual_en_head_transfers\": true,\n"}
,{"stream_name":"stdout","time":4622.473413439,"data":"  \"multimodal_ran\": true,\n"}
,{"stream_name":"stdout","time":4622.473415951,"data":"  \"multimodal_image_carries_signal\": true,\n"}
,{"stream_name":"stdout","time":4622.473418608,"data":"  \"multimodal_combination_strictly_beats_both\": false,\n"}
,{"stream_name":"stdout","time":4622.473425006,"data":"  \"multimodal_combination_noninferior_5pt\": true,\n"}
,{"stream_name":"stdout","time":4622.473427705,"data":"  \"breadth_head_ge_tfidf\": true,\n"}
,{"stream_name":"stdout","time":4622.473430254,"data":"  \"noul_ran\": true,\n"}
,{"stream_name":"stdout","time":4622.473432854,"data":"  \"noul_bundle_refuses_out_of_schema\": true\n"}
,{"stream_name":"stdout","time":4622.473435463,"data":"}\n"}
,{"stream_name":"stdout","time":4656.327159354,"data":"refusal costs: cfp=10.0 cfn=20.0 cr=1.0 -\u003e discard\u003c0.050 assert\u003e0.900\n"}
,{"stream_name":"stdout","time":4656.327210587,"data":"  unsafe answers 0 | over-refusals none | control True\n"}
,{"stream_name":"stdout","time":4656.327217745,"data":"  pass      I1  below the fitted answer bar, the layer must not assert\n"}
,{"stream_name":"stdout","time":4656.327222631,"data":"  pass      I2  below the fitted in-schema boundary, the layer must not \n"}
,{"stream_name":"stdout","time":4656.327227828,"data":"  pass      I4  a gated layer never returns an ungated action\n"}
,{"stream_name":"stdout","time":4656.327232559,"data":"  fail      I5  the action is the Bayes-optimal one for the declared cos\n"}
,{"stream_name":"stdout","time":4656.327237614,"data":"            300 actions off the cost-optimal boundary: ['escalate(p=0.012-\u003ediscard)', 'escalate(p=0.011-\n"}
,{"stream_name":"stdout","time":4656.327244055,"data":"  pass      I3  option order must not change the action\n"}
,{"stream_name":"stdout","time":4656.327249187,"data":"  deferred  I6  raising the bar must not increase assertions\n"}
,{"stream_name":"stdout","time":4656.327254523,"data":"  reasons: no_discriminating_signal=pass, out_of_schema=pass, unsupported_evidence=unverified, no_content=pass, over_length=pass, position_bias=pass, uncalibrated_cost=fail, policy=unverified\n"}
,{"stream_name":"stdout","time":4656.327261765,"data":"\n"}
,{"stream_name":"stdout","time":4656.327266834,"data":"qualification: not_qualified  (bundle 207cef05b2f0a339...)\n"}
,{"stream_name":"stdout","time":4656.32727088,"data":"  must_pass failed : ['E6']\n"}
,{"stream_name":"stdout","time":4656.327275476,"data":"  must_fix open    : ['E5']\n"}
,{"stream_name":"stdout","time":4656.327280259,"data":"  deferred         : ['F2']\n"}
,{"stream_name":"stdout","time":4656.327284649,"data":"ML Test Score coverage: 14 covered / 5 partial / 1 missing (82% weighted)\n"}
,{"stream_name":"stdout","time":4656.327289533,"data":"\n"}
,{"stream_name":"stdout","time":4656.32729358,"data":"  data             covered 3/4 (partial 1, missing 0)\n"}
,{"stream_name":"stdout","time":4656.3272978,"data":"  infrastructure   covered 3/4 (partial 1, missing 0)\n"}
,{"stream_name":"stdout","time":4656.327302418,"data":"  model            covered 6/9 (partial 2, missing 1)\n"}
,{"stream_name":"stdout","time":4656.327307363,"data":"  monitoring       covered 2/3 (partial 1, missing 0)\n"}
,{"stream_name":"stdout","time":4656.327312234,"data":"\n"}
,{"stream_name":"stdout","time":4656.327317864,"data":"  gaps:\n"}
,{"stream_name":"stdout","time":4656.327322631,"data":"    [partial] data: the relationship between each feature and the target is understood\n"}
,{"stream_name":"stdout","time":4656.327327329,"data":"    [missing] model: offline proxy metrics correlate with online impact\n"}
,{"stream_name":"stdout","time":4656.327331846,"data":"    [partial] model: hyperparameters are tuned\n"}
,{"stream_name":"stdout","time":4656.32733585,"data":"    [partial] model: quality on important slices is tested\n"}
,{"stream_name":"stdout","time":4656.327340757,"data":"    [partial] infrastructure: training is reproducible\n"}
,{"stream_name":"stdout","time":4656.327345331,"data":"    [partial] monitoring: training/serving skew is detected\n"}
,{"stream_name":"stdout","time":4656.32735787,"data":"model card written: 9 sections, 190 eval metrics in model-index\n"}
,{"stream_name":"stderr","time":4662.321353356,"data":"/usr/local/lib/python3.13/dist-packages/mistune.py:435: SyntaxWarning: invalid escape sequence '\\|'\n"}
,{"stream_name":"stderr","time":4662.321395098,"data":"  cells[i][c] = re.sub('\\\\\\\\\\|', '|', cell)\n"}
,{"stream_name":"stderr","time":4662.471697957,"data":"/usr/local/lib/python3.13/dist-packages/nbconvert/filters/filter_links.py:36: SyntaxWarning: invalid escape sequence '\\_'\n"}
,{"stream_name":"stderr","time":4662.471754158,"data":"  text = re.sub(r'_', '\\_', text) # Escape underscores in display text\n"}
,{"stream_name":"stderr","time":4663.24132882,"data":"[NbConvertApp] Converting notebook __notebook__.ipynb to notebook\n"}
,{"stream_name":"stderr","time":4664.222398315,"data":"[NbConvertApp] Writing 7349058 bytes to __notebook__.ipynb\n"}
,{"stream_name":"stderr","time":4666.6976827,"data":"[NbConvertApp] Converting notebook __notebook__.ipynb to html\n"}
,{"stream_name":"stderr","time":4668.355524351,"data":"[NbConvertApp] Writing 6592806 bytes to __results__.html\n"}
]